seed,basin,nse_unconstrained_original,nse_unconstrained_fixed_reachable,nse_feasible_retrained,kge_unconstrained_original,kge_feasible_retrained,rmse_unconstrained_original_mm_day,rmse_feasible_retrained_mm_day,bias_ratio_unconstrained_original,bias_ratio_feasible_retrained,transfer_gap_nse,same_checkpoint_penalty_nse,recovery_fraction,high_skill_unconstrained_original,recovery_eligible,transfer_gap_within_0_10,recovery_at_least_0_80,feasible_retrained_beats_fixed_projection
11,01022500,0.5939282178878784,0.3622589111328125,0.6334139108657837,0.6837325064744686,0.6550906589206147,1.7579820156097412,1.6703250408172607,1.1701529026031494,1.0450819730758667,-0.0394856929779052,0.2316693067550659,1.1704398978482369,True,True,True,True,True
11,01031500,0.6414082646369934,0.5539127588272095,0.4932295083999634,0.6118276998182197,0.4479186789480966,2.052699089050293,2.440230369567871,1.213975429534912,0.9332587122917176,0.14817875623703,0.0874955058097839,-0.693558484697169,True,True,False,False,False
11,01047000,0.5574759244918823,0.4257700443267822,0.482202410697937,0.5474883573744951,0.4791291855120473,2.2725112438201904,2.4582018852233887,1.179295778274536,1.0240240097045898,0.0752735137939453,0.1317058801651001,0.4284726414675936,True,True,True,False,True
11,01052500,0.6122169494628906,0.6011868715286255,0.4176198244094848,0.5654434960789838,0.3726504803367322,2.3501996994018555,2.8801400661468506,1.1856216192245483,0.8105730414390564,0.1945971250534057,0.0110300779342651,,True,False,False,False,False
11,01054200,0.4617930650711059,0.4264612197875976,0.4824355840682983,0.4158779646455598,0.4204216068041476,3.585371494293213,3.515942096710205,1.0992584228515625,0.9487965106964112,-0.0206425189971923,0.0353318452835083,,False,False,True,False,True
11,01055000,0.5183446407318115,0.4848766326904297,0.5048207640647888,0.5168236722525494,0.4769310864269819,2.695497274398804,2.7330775260925293,1.166400671005249,0.9324462413787842,0.0135238766670227,0.0334680080413818,,True,False,True,False,True
11,01057000,0.54804527759552,0.1780044436454773,0.492825984954834,0.6420416576334572,0.5133815565187714,2.045675754547119,2.1670446395874023,1.1681474447250366,1.331034541130066,0.055219292640686,0.3700408339500427,0.8507751372970344,True,True,True,True,True
11,01073000,0.6328579783439636,0.4789429306983948,0.7457500696182251,0.4279000754653124,0.7552422797850424,2.1362874507904053,1.7777595520019531,1.546570062637329,1.1336811780929563,-0.1128920912742614,0.1539150476455688,1.7334701382429232,True,True,True,True,True
11,01078000,0.4063315987586975,-0.1685270071029663,0.3452381491661072,0.5528112797138616,0.3567792292055638,2.050024509429932,2.1529242992401123,1.2935848236083984,1.5087158679962158,0.0610934495925903,0.5748586058616638,0.8937243889721083,False,True,True,True,True
11,01123000,0.5423578023910522,0.1736068129539489,0.6422466039657593,0.4062714198163898,0.6053950357657765,1.7737842798233032,1.568301796913147,1.5696954727172852,1.1925101280212402,-0.099888801574707,0.3687509894371032,1.2708841587847313,True,True,True,True,True
11,01134500,0.418430745601654,0.370032250881195,0.4869855046272278,0.4465535965652958,0.5940504034920578,2.229544878005981,2.094017505645752,1.3594567775726318,1.0735639333724976,-0.0685547590255737,0.0483984947204589,,False,False,True,False,True
11,01137500,0.4293950796127319,0.2915346026420593,0.4861519932746887,0.503254722895476,0.5006102396178308,2.462831735610962,2.3371376991271973,1.1067585945129397,1.017621994018555,-0.0567569136619567,0.1378604769706726,1.411698224967195,False,True,True,True,True
11,01139000,0.1223283410072326,0.03836590051651,0.5842823386192322,0.1863983834140546,0.7538765055222985,1.7355953454971311,1.194487690925598,1.6136616468429563,1.0680124759674072,-0.4619539976119995,0.0839624404907226,6.50191246123965,False,True,True,True,True
11,01139800,-0.0955945253372192,-0.4697835445404053,0.3780831694602966,0.4293277691921592,0.6770369101769619,1.953236103057861,1.4716209173202517,1.370394945144653,0.9030801653862,-0.4736776947975158,0.374189019203186,2.2658781270657946,False,True,True,True,True
11,01142500,0.3052282929420471,0.2168563604354858,0.6241730451583862,0.3636082142508919,0.7034665970079134,1.8475866317749023,1.3588693141937256,1.462905764579773,0.8599820137023926,-0.3189447522163391,0.0883719325065612,4.609118225321809,False,True,True,True,True
11,01144000,0.4806075692176819,0.3067959547042846,0.6323606371879578,0.469322546378619,0.6330148387438772,1.703097939491272,1.4328569173812866,1.4156874418258667,0.944092869758606,-0.1517530679702758,0.1738116145133972,1.8730893409805989,False,True,True,True,True
11,01162500,0.3867023587226867,-0.1796841621398925,0.4878869652748108,0.5068128779445442,0.4439702480032221,1.9170609712600708,1.751794695854187,1.420831561088562,1.4583544731140137,-0.101184606552124,0.5663865208625793,1.178649390169146,False,True,True,True,True
11,01169000,0.6911195516586304,0.568747878074646,0.616274893283844,0.7134449441720827,0.5544011462876113,2.0209383964538574,2.252516508102417,1.084442377090454,0.905883014202118,0.0748446583747863,0.1223716735839843,0.3883824893232332,True,True,True,False,True
11,01170100,0.3424309492111206,0.2584862112998962,0.5474855899810791,0.4116051253024135,0.665907168764625,2.4305083751678467,2.016241788864136,1.489408254623413,1.0319526195526123,-0.2050546407699585,0.0839447379112243,3.442733706391623,False,True,True,True,True
11,01181000,0.6773389577865601,0.5767651796340942,0.6043039560317993,0.5854420004139138,0.5458949067610791,2.169426679611206,2.402439832687378,1.2642534971237185,0.9996439218521118,0.0730350017547607,0.1005737781524658,0.2738166637824563,True,True,True,False,True
11,01187300,0.6305160522460938,0.4783435463905334,0.5967305898666382,0.5144957953766707,0.5564976704748015,2.3479177951812744,2.452916145324707,1.4217033386230469,0.9917086362838744,0.0337854623794555,0.1521725058555603,0.7779791941421784,True,True,True,False,True
11,01195100,0.5858133435249329,0.1595051288604736,0.6386901140213013,0.4536595757598762,0.6049185540168139,1.7956593036651611,1.6771265268325806,1.5164180994033811,1.2028697729110718,-0.0528767704963684,0.4263082146644592,1.124034134641264,True,True,True,True,True
11,01333000,0.3224115371704101,0.0970165133476257,0.4687952995300293,0.5923642793899137,0.6929317875232173,2.293748617172241,2.0309243202209477,1.2452185153961182,0.9964904189109802,-0.1463837623596191,0.2253950238227844,1.6494542775474603,False,True,True,True,True
11,01350000,0.6916072368621826,0.562915563583374,0.6130281686782837,0.7370372036095743,0.6743214077892308,2.226006031036377,2.493525981903076,1.1179840564727783,0.9129601120948792,0.0785790681838989,0.1286916732788086,0.3894005246659701,True,True,True,False,True
11,01350080,0.4796953201293945,-0.0989543199539184,0.5027958154678345,0.5700334183324129,0.7273241013706984,1.881009817123413,1.838779091835022,1.3598709106445312,1.1280145645141602,-0.0231004953384399,0.578649640083313,1.0399213854779448,False,True,True,True,True
11,01350140,0.5359668731689453,0.1500440239906311,0.4622491002082824,0.6913606317195412,0.6405975708751004,2.1877403259277344,2.3551135063171387,1.124008297920227,1.1584142446517944,0.0737177729606628,0.3859228491783142,0.8089831345368156,True,True,True,True,True
11,01365000,0.6688199043273926,0.548040509223938,0.5666477680206299,0.8122396814744157,0.7280613539586924,2.2720963954925537,2.599053382873535,0.9457836747169496,0.8335958123207092,0.1021721363067627,0.1207793951034545,0.1540598773553526,True,True,False,False,True
11,01411300,-5.471555709838867,-7.72634220123291,-1.1662354469299316,-1.1057938608076068,-0.0574544155764638,2.6500532627105717,1.533215045928955,2.0944314002990723,1.0181761980056765,-4.305320262908936,2.254786491394043,2.909413720253012,False,True,True,True,True
11,01413500,0.5842533111572266,0.1608253717422485,0.4762226939201355,0.7598589019071644,0.7425447658017759,1.8330315351486208,2.057447910308838,1.1209490299224854,0.947162926197052,0.108030617237091,0.423427939414978,0.7448665825255893,True,True,False,False,True
11,01414500,0.5532452464103699,0.2061170935630798,0.430571973323822,0.749881730123725,0.7206944830574917,2.146392107009888,2.423225879669189,1.1250648498535156,1.0422025918960571,0.1226732730865478,0.34712815284729,0.6466052318709087,True,True,False,False,True
11,01415000,0.5439510345458984,0.0856375694274902,0.4790862798690796,0.7605957285056751,0.7463659326775924,1.839213252067566,1.96566379070282,1.0881620645523071,0.9763841032981871,0.0648647546768188,0.4583134651184082,0.858470763759776,True,True,True,True,True
11,01423000,0.6173168420791626,0.3698532581329345,0.6049305200576782,0.7623438208953576,0.7078288481030228,1.733662724494934,1.7614961862564087,1.1352007389068604,0.8632979989051819,0.0123863220214843,0.247463583946228,0.9499468898657192,True,True,True,True,True
11,01435000,0.6392936110496521,0.5822272300720215,0.5402636528015137,0.7407251166554458,0.6712267770629655,2.69485092163086,3.0423715114593506,0.8992975354194641,0.8167094588279724,0.0990299582481384,0.0570663809776306,-0.7353467409639498,True,True,True,False,False
11,01439500,0.588446855545044,0.4293516278266907,0.5431367754936218,0.7567825655134485,0.6083996421625747,1.6402803659439087,1.7282166481018066,0.8826008439064026,0.72357577085495,0.0453100800514221,0.1590952277183532,0.7152015135762922,True,True,True,False,True
11,01440000,0.6011442542076111,0.1749227643013,0.636625349521637,0.6117564382413991,0.7173717305546776,1.6319599151611328,1.5576822757720947,1.3455848693847656,0.798024594783783,-0.0354810953140258,0.426221489906311,1.083245674266272,True,True,True,True,True
11,01440400,0.615957498550415,0.541332483291626,0.5913056135177612,0.6799147352263141,0.5487475183542037,2.0517427921295166,2.116569757461548,0.8793701529502869,0.7550238370895386,0.0246518850326538,0.074625015258789,0.6696565495207668,True,True,True,False,True
11,01451800,0.4727171659469604,0.2294373512268066,0.5581089854240417,0.6880461791740108,0.7766365571671566,2.095874071121216,1.9186729192733765,1.057648539543152,0.9709596037864684,-0.0853918194770813,0.2432798147201538,1.3510024848354476,False,True,True,True,True
11,01466500,-34.97713851928711,-68.98572540283203,-41.67671585083008,-4.239829680141448,-4.593337429933859,2.88358473777771,3.1406166553497314,2.4307703971862797,2.745390653610229,6.699577331542969,34.00858688354492,0.8030033604605734,False,True,False,True,True
11,01484100,-1.6580774784088137,-3.719797611236572,-1.1390483379364014,-0.2583610285918185,0.1549807213129157,2.4603428840637207,2.2071003913879395,1.702878713607788,0.897074818611145,-0.5190291404724121,2.061720132827759,1.2517456817771555,False,True,True,True,True
11,01487000,-4.022489070892334,-6.461344242095947,-1.4101788997650146,-0.7734735298755504,-0.032672259543512,2.903965473175049,2.011669397354126,1.7340322732925415,0.6837697625160217,-2.61231017112732,2.4388551712036133,2.071121484363544,False,True,True,True,True
11,01491000,-0.6190431118011475,-1.324108362197876,0.1790536046028137,-0.0444604247336364,0.5258284975549705,2.78462028503418,1.9828697443008425,1.856656670570373,0.7045745849609375,-0.7980967164039612,0.7050652503967285,2.13194731403212,False,True,True,True,True
11,01510000,0.6883881092071533,0.482142686843872,0.6315129399299622,0.7298724312148793,0.662741131364255,1.5862709283828735,1.7249698638916016,0.9508646130561828,0.8511850237846375,0.0568751692771911,0.2062454223632812,0.7242354830207525,True,True,True,False,True
11,01516500,0.3749862909317016,-0.2503063678741455,0.4431800842285156,0.3859467880088382,0.5123382026063283,1.811334490776062,1.7096658945083618,1.4831196069717407,1.189111351966858,-0.0681937932968139,0.6252926588058472,1.1090590019512576,False,True,True,True,True
11,01518862,0.4520039558410644,0.0233640074729919,0.4580389857292175,0.5619556648253683,0.5195918202298531,1.728510856628418,1.7189664840698242,1.2043615579605105,0.9250027537345886,-0.006035029888153,0.4286399483680725,1.014079485384248,False,True,True,True,True
11,01532000,0.467359721660614,0.2646124362945556,0.5700678825378418,0.4338386071290426,0.4888088915394981,1.8158468008041384,1.631406307220459,1.354625225067139,0.8638739585876465,-0.1027081608772277,0.2027472853660583,1.5065821754002238,False,True,True,True,True
11,01539000,0.5613698363304138,0.4936516880989074,0.5835145711898804,0.5549099759060705,0.4835311398926354,1.9759937524795528,1.925467610359192,1.053498387336731,0.7825623154640198,-0.0221447348594665,0.0677181482315063,1.3270132961072842,True,True,True,True,True
11,01542810,0.477027952671051,0.4357075691223144,0.4522882103919983,0.4006182415141066,0.3283611302027678,2.245016574859619,2.297504186630249,0.7901087999343872,0.7708229422569275,0.0247397422790527,0.0413203835487365,,False,False,True,False,True
11,01543000,0.5608437657356262,0.5359060764312744,0.5614601969718933,0.5028697472193447,0.4092654390368148,1.7900201082229614,1.788763403892517,0.8566147685050964,0.7388548254966736,-0.000616431236267,0.0249376893043518,,True,False,True,False,True
11,01543500,0.4706775546073913,0.3907608389854431,0.5406638979911804,0.4255642851073444,0.4279588872293381,1.8124161958694456,1.688352346420288,0.9519781470298768,0.7701625823974609,-0.069986343383789,0.0799167156219482,1.8757409865898955,False,True,True,True,True
11,01544500,0.5623515844345093,0.4285253286361694,0.5798295140266418,0.6686259965491899,0.5287214382765559,1.5260226726531982,1.495240569114685,0.887692391872406,0.7944443821907043,-0.0174779295921325,0.1338262557983398,1.1306016482929158,True,True,True,True,True
11,01545600,0.5264978408813477,0.2214157581329345,0.5205785036087036,0.6761488685821804,0.5663139118106588,1.3875948190689087,1.3962411880493164,1.2197589874267578,0.9775962829589844,0.005919337272644,0.3050820827484131,0.9805975584691238,True,True,True,True,True
11,01547700,0.5564571619033813,0.4314581751823425,0.5534083247184753,0.5660015535945666,0.4758600919585629,1.907988667488098,1.9145350456237795,0.9430519938468932,0.8833512663841248,0.003048837184906,0.1249989867210388,0.9756091048025044,True,True,True,True,True
11,01548500,0.6172385215759277,0.4346666932106018,0.6298834085464478,0.6856463236624522,0.5403598549049732,1.2678157091140747,1.2466981410980225,1.1139518022537231,0.7929480671882629,-0.01264488697052,0.1825718283653259,1.0692597926182654,True,True,True,True,True
11,01549500,0.5177779197692871,0.141157865524292,0.6263855695724487,0.5203625854328279,0.6403357685749123,1.618683695793152,1.4247881174087524,1.3804014921188354,0.9894729852676392,-0.1086076498031616,0.3766200542449951,1.2883745795769848,True,True,True,True,True
11,01550000,0.6403216123580933,0.3644164800643921,0.615365743637085,0.7119874092360151,0.5470749604627958,1.467719316482544,1.517783522605896,1.1641197204589844,0.8181762099266052,0.0249558687210083,0.2759051322937011,0.9095490956853868,True,True,True,True,True
11,01552000,0.6210000514984131,0.5010900497436523,0.6171137690544128,0.6379624090012993,0.5268278224901808,1.5223441123962402,1.530129313468933,1.044377088546753,0.8075094819068909,0.0038862824440002,0.1199100017547607,0.967590005945055,True,True,True,True,True
11,01552500,0.5478495359420776,0.5295085310935974,0.5084107518196106,0.5170106464268278,0.3899953749641159,2.209022760391236,2.303349733352661,0.829776406288147,0.7355795502662659,0.039438784122467,0.0183410048484802,,True,False,True,False,False
11,01557500,0.6485809087753296,0.5054618716239929,0.6086170077323914,0.6578537213662428,0.5102305198613928,1.4324560165405271,1.5117138624191284,0.8399967551231384,0.7543300986289978,0.0399639010429382,0.1431190371513366,0.7207646037984473,True,True,True,False,True
11,01567500,0.3452334403991699,-0.0100724697113037,0.4302307367324829,0.3411592640430909,0.6083287331791253,1.6324716806411743,1.522831678390503,0.7345861196517944,0.8591077327728271,-0.0849972963333129,0.3553059101104736,1.239222860961939,False,True,True,True,True
11,01568000,0.4423269629478454,0.2557132840156555,0.5723757743835449,0.5728837443755956,0.6169848293943787,1.7530596256256104,1.5351048707962036,1.1256742477416992,0.888774573802948,-0.1300488114356994,0.1866136789321899,1.696887881852195,False,True,True,True,True
11,01580000,0.0829293727874755,-1.9262487888336184,0.1204776167869567,0.5314235547539523,0.461599284645138,1.3737598657608032,1.3453425168991089,1.15637469291687,1.0219693183898926,-0.0375482439994812,2.0091781616210938,1.0186883596072862,False,True,True,True,True
11,01583500,-0.2181500196456909,-3.2632155418396,-0.1751390695571899,0.400622200184816,0.4353581402210769,1.2734684944152832,1.250784397125244,1.3053916692733765,0.9612002968788148,-0.0430109500885009,3.0450655221939087,1.0141248028244438,False,True,True,True,True
11,01586610,-0.1216436624526977,-2.0031700134277344,-0.0639315843582153,0.3012127733641754,0.4484830562110053,1.6824942827224731,1.6386380195617676,1.5233100652694702,1.23984956741333,-0.0577120780944824,1.8815263509750368,1.030673010805602,False,True,True,True,True
11,01591400,0.2308121919631958,-1.5890634059906006,0.181321918964386,0.5931722471663667,0.5027704720022887,1.5376776456832886,1.5863744020462036,1.2054489850997925,1.3427298069000244,0.0494902729988098,1.8198755979537964,0.9728056835014136,False,True,True,True,True
11,01594950,0.4582626223564148,0.2642882466316223,0.3942265510559082,0.649100753022976,0.6636536310752998,2.16664981842041,2.291128635406494,0.8647939562797546,1.0794490575790403,0.0640360713005065,0.1939743757247924,0.6698735538586814,False,True,True,False,True
11,01596500,0.6728788018226624,0.3541162610054016,0.6438663005828857,0.7430551076385659,0.7799558518604155,1.523597240447998,1.5897263288497925,1.199747085571289,0.945024073123932,0.0290125012397766,0.3187625408172607,0.9089839691784588,True,True,True,True,True
11,01605500,-0.8066344261169434,-1.0137977600097656,0.0851572155952453,-0.5507505317880719,0.3075371499756865,2.314347982406616,1.6468981504440308,2.4626917839050293,1.5849510431289673,-0.8917916417121887,0.2071633338928222,5.304775487797299,False,True,True,True,True
11,01606500,0.3354141116142273,-0.1153773069381713,0.4611824154853821,0.2186770796755335,0.5737806496260054,1.4519143104553225,1.30733323097229,1.749752402305603,1.237281084060669,-0.1257683038711547,0.4507914185523987,1.278994449972068,False,True,True,True,True
11,01632000,0.4724641442298889,-0.0750553607940673,0.433172345161438,0.4054463191521095,0.4775958307085374,1.4048315286636353,1.4562091827392578,1.506586670875549,1.3310476541519165,0.0392917990684509,0.5475195050239563,0.9282367135637812,False,True,True,True,True
11,01632900,0.5552272796630859,0.3483842611312866,0.3926049470901489,0.5834750698309192,0.4999531654881967,0.883645236492157,1.0326294898986816,1.166442632675171,0.7099246382713318,0.162622332572937,0.2068430185317993,0.2137886319429436,True,True,False,False,True
11,01634500,0.3543628454208374,-0.4671993255615234,0.4385356307029724,0.3693404400621591,0.5722311969157262,1.4291174411773682,1.3327072858810425,1.5689020156860352,1.3304673433303833,-0.084172785282135,0.8215621709823608,1.102454553355941,False,True,True,True,True
11,01638480,0.299561083316803,-0.0290476083755493,0.3918026089668274,0.3256077307157263,0.4423341845865066,2.1594269275665283,2.012220859527588,1.229708194732666,0.960773229598999,-0.0922415256500244,0.3286086916923523,1.2807032436512122,False,True,True,True,True
11,01639500,0.3370336890220642,-0.7849335670471191,0.4452753663063049,0.425407866585433,0.6590261558704513,1.4315816164016724,1.3095108270645142,1.5064018964767456,0.9603830575942992,-0.1082416772842407,1.1219672560691831,1.096474898620006,False,True,True,True,True
11,01644000,0.312221348285675,-0.090998888015747,0.494142472743988,0.3915789189245825,0.4635277580588017,1.7377549409866333,1.4903156757354736,1.210925817489624,0.8115833401679993,-0.181921124458313,0.4032202363014221,1.451170621115157,False,True,True,True,True
11,01664000,0.4443816542625427,-0.318229079246521,0.6647744178771973,0.489232305647057,0.6838815503132283,1.1872442960739136,0.9221898913383484,1.443757176399231,0.9983140230178832,-0.2203927636146545,0.7626107335090637,1.288997720502232,False,True,True,True,True
11,01666500,0.3635148406028747,-0.0804154872894287,0.4253470301628113,0.4852667337460598,0.4866425874466409,1.4375122785568235,1.3659042119979858,0.9663094282150269,0.8796746134757996,-0.0618321895599365,0.4439303278923034,1.1392835444550589,False,True,True,True,True
11,01667500,0.4310150146484375,-0.3086364269256592,0.5214225053787231,0.6158123078547587,0.6985305879542449,1.209954857826233,1.1096726655960083,1.1774015426635742,1.0053409337997437,-0.0904074907302856,0.7396514415740967,1.1222298580773182,False,True,True,True,True
11,01669000,0.4599315524101257,-2.71488881111145,0.3640247583389282,0.6218238057892458,0.6881299258230033,0.952273428440094,1.0333735942840576,1.088401436805725,1.0698953866958618,0.0959067940711975,3.174820363521576,0.9697914265723004,False,True,True,True,True
11,01669520,0.2821074724197387,-1.903367519378662,0.2819149494171142,0.6634572219203171,0.6506505268957441,1.316253423690796,1.3164299726486206,0.9863861203193665,1.0469850301742554,0.0001925230026245,2.185474991798401,0.9999119079361022,False,True,True,True,True
11,02011400,-0.1113302707672119,-0.7050400972366333,-0.0594786405563354,-0.0688061345672585,0.1569345375641706,1.5198428630828855,1.4839634895324707,2.007260799407959,1.741909742355347,-0.0518516302108764,0.5937098264694214,1.0873349705515565,False,True,True,True,True
11,02013000,0.559016227722168,0.1778509616851806,0.5392873287200928,0.4867514951813315,0.4882092148935905,1.3303122520446775,1.3597445487976074,1.4082719087600708,1.415107250213623,0.0197288990020751,0.3811652660369873,0.948240564500542,True,True,True,True,True
11,02014000,0.5089008212089539,0.2228310108184814,0.4366113543510437,0.6111757056428626,0.5756886181780574,1.3293523788452148,1.4238346815109253,1.2561906576156616,1.2954471111297607,0.0722894668579101,0.2860698103904724,0.747301308169365,True,True,True,False,True
11,02015700,0.1517572402954101,-0.1171027421951294,0.2758416533470154,0.2573469293826994,0.4827705311753654,1.7486250400543213,1.615672588348389,1.682207465171814,1.373420238494873,-0.1240844130516052,0.2688599824905395,1.461520572538055,False,True,True,True,True
11,02016000,0.4386606812477112,0.3775373697280884,0.3581602573394775,0.4750861427853825,0.4592656423492398,1.477252960205078,1.5796302556991575,1.3240045309066772,1.3766669034957886,0.0805004239082336,0.0611233115196228,-0.3170167307180351,False,True,True,False,False
11,02017500,0.5421899557113647,0.2277500033378601,0.4576048851013183,0.6298261285102473,0.5825839989155805,1.2792227268218994,1.3923916816711426,1.266670823097229,1.290494084358215,0.0845850706100463,0.3144399523735046,0.7309976993331535,True,True,True,False,True
11,02018000,0.5239663124084473,0.3212171792984009,0.3643320798873901,0.5758816788103025,0.5356692251669493,1.2854769229888916,1.4854587316513062,1.279777765274048,1.280886173248291,0.1596342325210571,0.2027491331100464,0.2126514670007873,True,True,False,False,True
11,02027000,0.5486665964126587,0.2696040272712707,0.4217996597290039,0.5803568587329053,0.668143302258762,1.6671192646026611,1.8869357109069824,1.195496678352356,1.034159779548645,0.1268669366836547,0.2790625691413879,0.5453817505013464,True,True,False,False,True
11,02027500,0.365749180316925,-0.1663563251495361,0.134048044681549,0.6187476546342816,0.5955998968119994,1.783005714416504,2.083383083343506,1.230389952659607,1.0891339778900146,0.2317011356353759,0.5321055054664612,0.5645579058005439,False,True,False,False,True
11,02028500,0.5813956260681152,0.2183559536933899,0.5291198492050171,0.6263399147358998,0.6906436076395699,1.3198662996292114,1.3998557329177856,0.98739755153656,0.9048119783401488,0.0522757768630981,0.3630396723747253,0.8560053326372009,True,True,True,True,True
11,02038850,-0.1809682846069336,0.0392772555351257,0.292152464389801,-0.5844989472346263,0.4219785144206441,1.8378342390060425,1.4228432178497314,0.0099259382113814,1.0951204299926758,-0.4731207489967346,-0.2202455401420593,,False,False,True,False,True
11,02046000,0.3956610560417175,0.0739405155181884,0.5085121393203735,0.4178282638749121,0.5078648133493322,1.830583930015564,1.6508429050445557,0.8676364421844482,1.0931698083877563,-0.112851083278656,0.321720540523529,1.3507736344562142,False,True,True,True,True
11,02051500,0.2330434322357177,-0.1881378889083862,0.5642976760864258,0.0267945675951704,0.6113843311983297,1.4296972751617432,1.0775902271270752,0.3060326874256134,1.021489500999451,-0.331254243850708,0.421181321144104,1.7864884486113568,False,True,True,True,True
11,02053200,-1.5441689491271973,-4.366361141204834,0.0525996685028076,-0.4658036679811792,0.5292311955839654,2.3583672046661377,1.4391471147537231,2.1643776893615723,0.7987294793128967,-1.5967686176300049,2.8221921920776367,1.565790176201465,False,True,True,True,True
11,02053800,0.2444670796394348,-0.5438339710235596,0.5081136226654053,0.3929302681478214,0.6277040916014403,1.3267340660095217,1.0705071687698364,0.7888571619987488,1.1579338312149048,-0.2636465430259704,0.7883010506629944,1.3344490569995215,False,True,True,True,True
11,02055100,0.3805697560310364,0.1392732262611389,0.4003266096115112,0.3347543140525779,0.4540563223129825,1.294714331626892,1.2738994359970093,0.6383049488067627,0.7135626077651978,-0.0197568535804748,0.2412965297698974,1.0818779018468072,False,True,True,True,True
11,02056900,0.4227858185768127,0.0614504218101501,0.4418086409568786,0.411418154980223,0.5230604908557189,1.1726199388504028,1.1531355381011963,0.6197859644889832,0.9334571361541748,-0.0190228223800659,0.3613353967666626,1.05264588675864,False,True,True,True,True
11,02059500,0.2252600193023681,-0.0433864593505859,0.3474293351173401,0.0928179898954629,0.388020130671962,1.3380026817321775,1.2279841899871826,0.4112007319927215,0.9315643310546876,-0.1221693158149719,0.2686464786529541,1.4547586717963057,False,True,True,True,True
11,02064000,-0.0703332424163818,-0.3130160570144653,0.3640319108963012,-0.2982835958301653,0.2853717040706305,1.5097575187683103,1.1637651920318604,0.1003515422344207,0.5894935727119446,-0.4343651533126831,0.2426828145980835,2.7898471881169344,False,True,True,True,True
11,02065500,-0.2116162776947021,-0.2607229948043823,0.3150485754013061,-0.4248099071884774,0.2779611085369746,1.5564905405044556,1.1702909469604492,0.0388955064117908,0.5983466506004333,-0.5266648530960083,0.0491067171096801,,False,False,True,False,True
11,02069700,0.3629409670829773,-0.5502138137817383,0.5427054166793823,0.526561370267195,0.753502442289306,1.1101876497268677,0.9405991435050964,0.6304624080657959,0.8893902897834778,-0.179764449596405,0.9131547808647156,1.196860875465358,False,True,True,True,True
11,02070000,-0.1343710422515869,0.203667938709259,0.5028942823410034,-0.2186799026965793,0.663235611193028,1.5851649045944214,1.0493521690368652,0.1007642745971679,0.9349038600921632,-0.6372653245925903,-0.3380389809608459,,False,False,True,False,True
11,02074500,0.0512377619743347,0.2156704664230346,0.1969394087791443,-0.1858778116716131,0.3785828505273197,1.6310302019119265,1.5005741119384766,0.1620914041996002,1.1359026432037354,-0.1457016468048095,-0.1644327044486999,,False,False,True,False,False
11,02077200,0.2808010578155517,0.0541198849678039,0.4033581614494324,-0.4579903383714563,0.3391821606109451,2.2758829593658447,2.0729188919067383,2.413810968399048,0.7634152173995972,-0.1225571036338806,0.2266811728477478,1.5406585032811573,False,True,True,True,True
11,02081500,0.3769885897636413,0.057514488697052,0.4384952783584595,0.4006229386982595,0.3244257096504029,1.7153736352920532,1.628498911857605,0.8622952103614807,0.7326019406318665,-0.0615066885948181,0.3194741010665893,1.1925248036991831,False,True,True,True,True
11,02082950,0.2069306373596191,-1.3634090423583984,0.4161344170570373,0.055424606884915,0.4547335854569019,1.1309279203414917,0.9703664779663086,0.3231970965862274,1.486873745918274,-0.2092037796974182,1.5703396797180176,1.133221991648956,False,True,True,True,True
11,02092500,-0.6764158010482788,-2.39053726196289,-0.1342390775680542,-0.3314337740992101,0.1108388744489753,2.65005874633789,2.1798014640808105,2.191290855407715,1.7567075490951538,-0.5421767234802246,1.7141214609146118,1.316300061485102,False,True,True,True,True
11,02096846,0.2758685350418091,-0.5724179744720459,0.3535513281822204,0.1738517245352309,0.2457903399495629,1.909855842590332,1.8045083284378047,0.6333643198013306,1.5066884756088257,-0.0776827931404113,0.848286509513855,1.0915761270150703,False,True,True,True,True
11,02102908,-0.0951780080795288,-4.154139518737793,-0.1744014024734497,0.4992264363501728,0.3946313130476255,1.1633254289627075,1.204667329788208,0.8306414484977722,1.224984645843506,0.0792233943939209,4.058961510658264,0.9804818562122624,False,True,True,True,True
11,02108000,-0.5405285358428955,-3.928860664367676,-0.3157532215118408,0.0717622284820775,0.4347176444406634,1.8475794792175293,1.707479476928711,1.7073850631713867,0.91645610332489,-0.2247753143310547,3.3883321285247803,1.0663380406066976,False,True,True,True,True
11,02111180,0.6499199867248535,-0.390846848487854,0.4028588533401489,0.8158096831661419,0.7073890968801161,1.1896581649780271,1.5537351369857788,1.03480064868927,1.0592509508132937,0.2470611333847046,1.0407668352127075,0.7626162508010632,True,True,False,False,True
11,02111500,0.3332242965698242,-1.3342206478118896,0.2696723341941833,0.6675561764909131,0.6322234675702612,1.0135022401809692,1.0607028007507324,0.9073933959007264,0.9746695756912231,0.0635519623756408,1.667444944381714,0.9618866202510776,False,True,True,True,True
11,02112120,0.2985319495201111,-1.2777678966522217,0.2520579695701599,0.6521129599892506,0.5604808976044741,1.0156930685043335,1.0487996339797974,1.0991042852401731,1.1026978492736816,0.0464739799499511,1.5762998461723328,0.9705170434021152,False,True,True,True,True
11,02112360,0.1856907606124878,-1.1464030742645264,0.2002376317977905,0.5598653096483717,0.5612798912437584,1.138688325881958,1.1284717321395874,1.0543065071105957,0.86578768491745,-0.0145468711853027,1.3320938348770142,1.010920305165023,False,True,True,True,True
11,02118500,0.444364070892334,-0.1084396839141845,0.5240812301635742,0.5358156479296146,0.6633446750145606,1.2813466787338257,1.185872197151184,0.6912764310836792,1.040041208267212,-0.0797171592712402,0.5528037548065186,1.1442051696974114,False,True,True,True,True
11,02125000,0.1792995333671569,0.1748825311660766,0.3920958042144775,-0.0040799426675548,0.2751509270740301,3.110176086425781,2.676764965057373,0.5406769514083862,0.7485861778259277,-0.2127962708473205,0.0044170022010803,,False,False,True,False,True
11,02128000,0.2959928512573242,-0.1017656326293945,0.3897579908370971,0.1477158538910501,0.3778096218874003,1.82068943977356,1.6951119899749756,0.5090348720550537,1.0402169227600098,-0.0937651395797729,0.3977584838867187,1.2357338520187973,False,True,True,True,True
11,02137727,0.7242934703826904,0.3421416282653808,0.5945139527320862,0.6925496786068119,0.6879625870810309,1.3824007511138916,1.676480054855347,0.8581972122192383,0.8707862496376038,0.1297795176506042,0.3821518421173095,0.660398032018996,True,True,False,False,True
11,02140991,0.6097508072853088,0.3906297087669372,0.5514886379241943,0.6907371713009026,0.6272324333373671,1.4530715942382812,1.5577679872512815,0.9836357235908508,0.8514702916145325,0.0582621693611145,0.2191210985183715,0.7341097240061998,True,True,True,False,True
11,02143000,0.5380274057388306,0.1119775772094726,0.5478933453559875,0.6844665553045317,0.6833103066115778,1.409302830696106,1.3941729068756104,1.0514822006225586,1.1032474040985107,-0.0098659396171569,0.4260498285293579,1.0231567740590632,True,True,True,True,True
11,02143040,0.5737137198448181,0.4172408580780029,0.5433688163757324,0.6148565259186813,0.5871140444922998,1.79755961894989,1.8604388236999512,0.9469112157821656,0.9968085885047911,0.0303449034690856,0.1564728617668151,0.8060692242319476,True,True,True,True,True
11,02149000,0.6382606029510498,-0.579824686050415,0.4780138731002807,0.7927404445758983,0.7390863029489527,1.0676461458206177,1.282504677772522,0.8880084156990051,0.9718137383461,0.160246729850769,1.2180852890014648,0.8684437524221866,True,True,False,True,True
11,02152100,0.5016531944274902,0.2415147423744201,0.4804911017417907,0.5673033438192348,0.5746384422326893,1.7156583070755005,1.7517070770263672,0.9111112356185912,1.0459566116333008,0.0211620926856994,0.26013845205307,0.918650654992818,True,True,True,True,True
11,02177000,0.3487263321876526,-0.4762077331542969,0.5407310724258423,0.5540350505212823,0.7739345857500437,2.256574869155884,1.89496648311615,1.0407720804214478,0.973828375339508,-0.1920047402381897,0.8249340653419495,1.232751620165668,False,True,True,True,True
11,02178400,0.3803556561470032,-0.4222615957260132,0.4495510458946228,0.5513243074125646,0.6884643318454303,1.9566659927368164,1.8441828489303589,1.0673044919967651,0.811367928981781,-0.0691953897476196,0.8026172518730164,1.086212188420001,False,True,True,True,True
11,02193340,-0.0036336183547973,-0.3289735317230224,0.2993642687797546,-0.4044485745556136,0.3038430483884755,2.014906167984009,1.68350088596344,0.1257002204656601,1.2196972370147705,-0.302997887134552,0.3253399133682251,1.9313271279801871,False,True,True,True,True
11,02196000,0.2013300657272339,-0.4822648763656616,0.1583966016769409,-0.0445488766389847,-0.7626882848182122,1.3176469802856443,1.3525992631912231,0.361551284790039,2.722031831741333,0.0429334640502929,0.6835949420928955,0.9371945849703806,False,True,True,True,True
11,02198100,0.344077467918396,-1.9734697341918943,0.3444973826408386,0.4910996071729478,0.3776485909022051,1.3849321603775024,1.384488821029663,1.40976083278656,1.5413304567337036,-0.0004199147224426,2.3175472021102905,1.0001811892858363,False,True,True,True,True
11,02202600,-0.0710625648498535,-5.666702747344971,-0.1862095594406128,0.3126819472764218,-0.2775706915055906,1.4088993072509766,1.4826998710632324,1.4696061611175537,2.198206186294556,0.1151469945907592,5.595640182495117,0.9794220159203634,False,True,False,True,True
11,02212600,0.057105541229248,0.0687775015830993,0.4794319272041321,-0.2901550583315471,-0.0476159571506891,1.851912260055542,1.376029133796692,0.1412914246320724,2.014357566833496,-0.422326385974884,-0.0116719603538513,,False,False,True,False,True
11,02215100,0.305235743522644,-0.6432458162307739,0.1308600902557373,0.1369972775999668,-0.0028647957141783,1.5500338077545166,1.7336734533309937,1.8185319900512693,1.939698815345764,0.1743756532669067,0.948481559753418,0.816152827143798,False,True,False,True,True
11,02216180,0.4436056613922119,-2.0254695415496826,0.1971796751022339,0.4312799519764785,0.0015024620211502,1.3823723793029783,1.660515308380127,1.455553650856018,1.894499659538269,0.246425986289978,2.4690752029418945,0.9001950260581928,False,True,False,True,True
11,02221525,0.2173894643783569,-0.724622368812561,0.4242474436759949,-0.0128539298970968,0.3240699118767133,1.1366400718688965,0.9749179482460022,0.2315594851970672,1.6338615417480469,-0.2068579792976379,0.942011833190918,1.2195916993918632,False,True,True,True,True
11,02231000,-1.0888328552246094,-4.953385829925537,-2.043797731399536,-0.3678298704904257,-0.9998284503512844,2.567189693450928,3.0989458560943604,2.082494735717773,2.7339682579040527,0.9549648761749268,3.864552974700928,0.7528912444915236,False,True,False,False,True
11,02245500,-0.1465638875961303,-3.241776943206787,-1.5422427654266355,0.1235868964554145,-0.883722175493866,2.130058765411377,3.171764612197876,1.606385588645935,2.5874242782592773,1.3956788778305054,3.0952130556106567,0.5490847147660565,False,True,False,False,True
11,02246000,0.0774422883987426,-2.63531231880188,-0.7934043407440186,0.4061058689159523,-0.5209444160103296,2.167941093444824,3.0226635932922363,1.370014190673828,2.306709289550781,0.8708466291427612,2.7127546072006226,0.678980683755463,False,True,False,False,True
11,02296500,-1.7238755226135254,-7.093993186950684,-2.0099315643310547,-0.2996682773426358,-0.4065228985654041,2.7990763187408447,2.9423844814300537,1.827703595161438,1.9685770273208616,0.2860560417175293,5.370117664337158,0.9467318856684982,False,True,False,True,True
11,02297155,-1.0319502353668213,-5.974061965942383,-1.4017179012298584,-0.5154134034811111,-0.7979596835969907,2.6371989250183105,2.8671298027038574,2.13674259185791,2.500595808029175,0.3697676658630371,4.9421117305755615,0.9251802294198692,False,True,False,True,True
11,02297310,0.1769246459007263,-3.1285300254821777,-0.5925459861755371,0.618262047412421,3.882202113547617e-05,2.084617376327514,2.899696350097656,0.9535052180290222,1.7863010168075562,0.7694706320762634,3.305454671382904,0.7672118638509904,False,True,False,False,True
11,02298123,-4.284163475036621,-8.13843059539795,-3.014665126800537,-1.0884343412719524,-0.6708801686251538,3.845638275146485,3.3520073890686035,2.3989055156707764,2.116952657699585,-1.269498348236084,3.854267120361328,1.329374770505546,False,True,True,True,True
11,02298608,0.0782161355018615,-1.4293992519378662,-0.0671015977859497,0.4715262562685233,0.3708053350185989,2.92419171333313,3.146256685256958,1.3264223337173462,1.427755355834961,0.1453177332878112,1.5076153874397278,0.9036108715137262,False,True,False,True,True
11,02299950,0.5706695318222046,-0.2991609573364258,0.4238678812980652,0.590313749866922,0.403449566433117,2.26709508895874,2.626243352890014,1.3548760414123535,1.537166714668274,0.1468016505241394,0.8698304891586304,0.8312295874266977,True,True,False,True,True
11,02342933,0.361081600189209,0.0050221681594848,0.3201385736465454,0.1913772597460965,0.3236614194467258,2.78321385383606,2.8710057735443115,0.571672260761261,1.2188022136688232,0.0409430265426635,0.3560594320297241,0.8850106952390869,False,True,True,True,True
11,02349900,0.263522207736969,-0.981489896774292,-0.2873740196228027,-0.1395090631119571,-0.4246706063586003,1.5325984954833984,2.0262868404388428,2.0827014446258545,2.2784698009490967,0.5508962273597717,1.245012104511261,0.5575173724306638,False,True,False,False,True
11,02350900,0.065132737159729,-5.138858318328857,-0.5063028335571289,0.2392570249028953,0.1340787263306452,1.115496277809143,1.41595458984375,1.3165795803070068,1.198505997657776,0.5714355707168579,5.203991055488586,0.8901928222735564,False,True,False,True,True
11,02361000,0.697683572769165,-1.0449800491333008,0.5500929355621338,0.8372819114496136,0.7118789226858107,0.9359269738197328,1.141753911972046,0.9762597680091858,1.0862579345703125,0.1475906372070312,1.7426636219024658,0.9153074435295168,True,True,False,True,True
11,02369800,0.3484631776809692,-1.994102001190185,0.1458640694618225,0.57046317101206,0.4397233397856346,1.6332179307937622,1.8699851036071775,1.1000603437423706,1.3463960886001587,0.2025991082191467,2.342565178871155,0.91351399310188,False,True,False,True,True
11,02371500,0.3671666383743286,-1.6178016662597656,0.500841498374939,0.5158354206049003,0.7488802352860554,1.388152241706848,1.2328540086746216,1.3696374893188477,0.9757491946220398,-0.1336748600006103,1.9849683046340945,1.067343574045255,False,True,True,True,True
11,02372250,0.5106077790260315,-1.0075829029083252,0.6302090883255005,0.6525574908012726,0.7737433259183809,1.415808916091919,1.230705738067627,1.261773943901062,1.014699101448059,-0.119601309299469,1.5181906819343567,1.078778845584194,True,True,True,True,True
11,02374500,0.2667555212974548,-0.8085083961486816,0.4146379828453064,0.2052772440814964,0.6682066406334806,1.6039682626724243,1.4331235885620115,0.3485933244228363,0.921578884124756,-0.1478824615478515,1.0752639174461365,1.137531315938777,False,True,True,True,True
11,02381600,-0.8241250514984131,-1.740952968597412,0.1297875642776489,-0.3846227283316688,0.4676064273011252,2.7576844692230225,1.9047147035598757,2.267850637435913,1.2975986003875732,-0.953912615776062,0.916827917098999,2.0404489195686857,False,True,True,True,True
11,02384540,0.4603844881057739,0.1906444430351257,0.388646125793457,0.5735948704755172,0.5193189550399102,2.5722312927246094,2.7378780841827397,1.1992137432098389,1.0799446105957031,0.0717383623123169,0.2697400450706482,0.7340463026410197,False,True,True,False,True
11,02395120,0.4835497140884399,-0.2353441715240478,0.4709208607673645,0.5272812558650015,0.4903858799645072,1.552995204925537,1.5718684196472168,0.8163190484046936,0.8004484176635742,0.0126288533210754,0.7188938856124878,0.9824329381932136,False,True,True,True,True
11,02415000,0.5296496152877808,0.0262265801429748,0.6281778216362,0.5900689113424409,0.6708238818963805,1.7868096828460691,1.5886754989624023,1.3496770858764648,0.8320350646972656,-0.0985282063484191,0.5034230351448059,1.195716523619302,True,True,True,True,True
11,02427250,0.5296566486358643,0.618741512298584,0.4240356683731079,0.3709884703600884,0.3675432146191049,2.183234930038452,2.415966033935547,0.6223266124725342,0.9205573201179504,0.1056209802627563,-0.0890848636627197,,True,False,False,False,False
11,02430085,0.3393179178237915,-0.7347617149353027,0.3722231388092041,0.533895240568601,0.4935325686312903,2.1955411434173584,2.1401684284210205,0.7699646949768066,0.8494758009910583,-0.0329052209854126,1.0740796327590942,1.0306357368502423,False,True,True,True,True
11,02450250,0.3589692711830139,0.1771901249885559,0.4825313687324524,-0.0039926846906335,0.5492824274975991,3.2395589351654053,2.910639762878418,1.9771801233291624,1.3218441009521484,-0.1235620975494384,0.181779146194458,1.679737473391244,False,True,True,True,True
11,02464000,0.4611185789108276,0.1901317238807678,0.5531896948814392,0.295434481586351,0.5352685895889742,2.5994086265563965,2.366952657699585,1.6404404640197754,0.777649462223053,-0.0920711159706115,0.2709868550300598,1.3397622957039683,False,True,True,True,True
11,02464360,0.2854520082473755,-0.3520292043685913,0.6130056381225586,0.1722911602542223,0.7376302874450595,2.031597852706909,1.4951142072677612,0.4160373508930206,0.8755936026573181,-0.3275536298751831,0.6374812126159668,1.5138247581148856,False,True,True,True,True
11,02465493,0.2710972428321838,-3.0244593620300293,0.0085223317146301,0.475284680382621,0.4708592329778388,1.3681819438934326,1.5956974029541016,0.6489683389663696,1.203155517578125,0.2625749111175537,3.295556604862213,0.920324563465196,False,True,False,True,True
11,02469800,0.4957114458084106,0.1103995442390441,0.6174126863479614,0.2953607959393355,0.7544124010188358,1.953680634498596,1.7016854286193848,0.511137068271637,1.0364524126052856,-0.1217012405395507,0.3853119015693664,1.315851236475864,False,True,True,True,True
11,02472000,0.7434073686599731,-0.0362395048141479,0.5648797154426575,0.7789896214917693,0.703634832263958,1.2203919887542725,1.5892122983932495,1.1156789064407349,1.1534491777420044,0.1785276532173156,0.7796468734741211,0.7710147256516362,True,True,False,False,True
11,02472500,0.4877519011497497,-1.0259504318237305,0.3978100419044494,0.5151408117294493,0.4239022237020666,1.5991206169128418,1.733835220336914,1.372642993927002,1.4195033311843872,0.0899418592453002,1.5137023329734802,0.9405815415051778,False,True,True,True,True
11,02479155,0.6471976041793823,-0.0342764854431152,0.4678197503089905,0.7607970133759092,0.6617582253005354,2.070315361022949,2.542729139328003,1.1411784887313845,1.207880616188049,0.1793778538703918,0.6814740896224976,0.7367796419526996,True,True,False,False,True
11,02479300,0.3284032940864563,-1.10141921043396,0.4305213689804077,0.6667427690041963,0.7243670747608546,2.293527841567993,2.111973285675049,1.023865818977356,0.9958611130714417,-0.1021180748939514,1.4298225045204165,1.0714201060419055,False,True,True,True,True
11,02479560,0.3777450323104858,-0.9837175607681274,0.2692943215370178,0.6113819596720216,0.6025455561731867,2.01090407371521,2.179106473922729,1.1803699731826782,1.122970700263977,0.108450710773468,1.3614625930786133,0.920342496867113,False,True,False,True,True
11,02481000,0.724220871925354,0.4006842374801636,0.5711921453475952,0.8207961675564417,0.600107971521317,2.3883824348449707,2.978204727172852,1.0543533563613892,1.0924415588378906,0.1530287265777588,0.3235366344451904,0.5270126771264197,True,True,False,False,True
11,02481510,0.7865893840789795,0.1772354841232299,0.6875429153442383,0.8115375372755407,0.8207941767185971,1.5888937711715698,1.9225693941116333,1.1556075811386108,1.066646933555603,0.0990464687347412,0.6093538999557495,0.837456576971225,True,True,True,True,True
11,03010655,0.5540081262588501,0.2654908299446106,0.5638408660888672,0.644003039005943,0.4850629255608585,1.4176499843597412,1.401935577392578,0.9324718713760376,0.7708743214607239,-0.009832739830017,0.2885172963142395,1.0340802439078305,True,True,True,True,True
11,03011800,0.6087180972099304,0.4270464777946472,0.4868525862693786,0.7192801514551665,0.4448155490156733,1.421101689338684,1.6274263858795166,0.993837833404541,0.7388133406639099,0.1218655109405517,0.1816716194152832,0.3291989616607129,True,True,False,False,True
11,03015500,0.5061638355255127,0.4047551155090332,0.5047543048858643,0.4774483423459926,0.3786772206201546,1.901553750038147,1.904265522956848,0.7713578939437866,0.6756259799003601,0.0014095306396484,0.1014087200164794,0.986100498661068,True,True,True,True,True
11,03021350,0.3989338278770447,0.3818013668060303,0.3928563594818115,0.264291159445597,0.2670233793385209,3.254721403121948,3.271134376525879,0.6130180358886719,0.6399131417274475,0.0060774683952331,0.0171324610710144,,False,False,True,False,True
11,03026500,0.5898264646530151,0.4160777926445007,0.5208523273468018,0.7186247890337996,0.4758213022908296,1.475401759147644,1.5946344137191772,0.98826402425766,0.776104748249054,0.0689741373062133,0.1737486720085144,0.6030235137403908,True,True,True,False,True
11,03028000,0.6061127185821533,0.5325695276260376,0.4844211935997009,0.6358883548141692,0.3834787862416762,1.588770866394043,1.8177025318145752,0.8774621486663818,0.666437029838562,0.1216915249824523,0.0735431909561157,-0.6546946549418486,True,True,False,False,False
11,03049000,0.4911324977874756,-0.0025192499160766,0.5463382005691528,0.5387702475820497,0.7413708021566401,1.5833395719528198,1.4949884414672852,1.396131157875061,1.112177848815918,-0.0552057027816772,0.4936517477035522,1.111831271819642,False,True,True,True,True
11,03049800,0.2811022996902466,-0.0123504400253295,0.287988543510437,0.385106163197545,0.3250008261633249,2.688839912414551,2.675930976867676,1.2169733047485352,1.2537317276000977,-0.0068862438201904,0.2934527397155761,1.0234662788524818,False,True,True,True,True
11,03050000,0.4833920001983642,0.4324567317962646,0.4747302532196045,0.4619332634554731,0.4592041290601173,2.24902868270874,2.2678046226501465,0.7814445495605469,0.7997530102729797,0.0086617469787597,0.0509352684020996,0.8299459833924676,False,True,True,True,True
11,03069500,0.4923054575920105,0.6206629276275635,0.4873709082603454,0.4467178484357424,0.3923268535539558,2.278186798095703,2.289231538772583,0.7260087728500366,0.6707209944725037,0.004934549331665,-0.1283574700355529,,False,False,True,False,False
11,03070500,0.5288755297660828,0.5405054092407227,0.4901301264762878,0.4860182296007826,0.3952627939046881,2.104796886444092,2.189636707305908,0.6838424801826477,0.6465119123458862,0.0387454032897949,-0.0116298794746398,,True,False,True,False,False
11,03076600,0.5155516862869263,0.1836585402488708,0.4977555274963379,0.728390270564992,0.6984205862165519,1.9474835395812988,1.9829312562942505,1.142289400100708,0.8497931957244873,0.0177961587905883,0.3318931460380554,0.94637985447115,True,True,True,True,True
11,03078000,0.6174525022506714,0.4701502919197082,0.5692713260650635,0.75271688958346,0.6726967488028683,1.7835161685943604,1.892501711845398,0.8735249042510986,0.8270384669303894,0.0481811761856079,0.1473022103309631,0.6729093468634791,True,True,True,False,True
11,03140000,0.4258444905281067,-0.1646060943603515,0.6198456287384033,0.4155687180643383,0.607821062532199,1.5608243942260742,1.270045518875122,0.7460559010505676,0.8675255179405212,-0.1940011382102966,0.5904505848884583,1.3285645626838447,False,True,True,True,True
11,03144000,0.4854918718338012,0.0167967081069946,0.5993311405181885,0.3950186031297128,0.5165712471583338,1.7983709573745728,1.5869964361190796,0.7488254308700562,0.859268069267273,-0.1138392686843872,0.4686951637268066,1.2428855202584124,False,True,True,True,True
11,03170000,0.2529727816581726,-0.932960033416748,0.3101678490638733,0.566881689254086,0.6365095661533214,0.9970950484275818,0.9581645131111144,1.2693912982940674,1.1836241483688354,-0.0571950674057006,1.1859328150749209,1.0482279153411296,False,True,True,True,True
11,03173000,0.45813649892807,0.2222865223884582,0.5836862325668335,0.4777498841634037,0.65265146891658,1.1883655786514282,1.0416346788406372,0.8527070879936218,0.9353256821632384,-0.1255497336387634,0.2358499765396118,1.532328794265014,False,True,True,True,True
11,03180500,0.58564293384552,0.5010477304458618,0.5786393880844116,0.5556292478472102,0.5773254809670109,1.8595997095108032,1.8752496242523196,0.7252693772315979,0.770465075969696,0.0070035457611083,0.0845952033996582,0.9172110772283256,True,True,True,True,True
11,03182500,0.585620105266571,0.519460916519165,0.5723069310188293,0.5868477420743445,0.5411075832572974,1.730915665626526,1.7585012912750244,0.9262311458587646,0.8719578385353088,0.0133131742477417,0.066159188747406,0.7987705940807249,True,True,True,False,True
11,03186500,0.4752007722854614,0.6212047934532166,0.5495753884315491,0.3851923745102967,0.4810396027808605,2.727973937988281,2.527287721633911,0.6100615859031677,0.7023229002952576,-0.0743746161460876,-0.1460040211677551,,False,False,True,False,False
11,03237280,0.0980961322784423,0.1868510842323303,0.2835481166839599,-0.1757594189771627,0.2180081289278976,3.106938123703003,2.7691469192504883,0.2481260001659393,0.8054363131523132,-0.1854519844055175,-0.0887549519538879,,False,False,True,False,True
11,03237500,0.3692882061004638,0.2675179243087768,0.5377103090286255,0.2784486352699592,0.4444324765910002,2.3044228553771973,1.972894310951233,0.7157074809074402,0.7864360809326172,-0.1684221029281616,0.101770281791687,2.654924207372284,False,True,True,True,True
11,03238500,0.4387643337249756,0.3442574739456177,0.5662415623664856,0.3315780745345682,0.5407121652641393,2.7331857681274414,2.402815818786621,0.6308635473251343,0.9891341924667358,-0.12747722864151,0.0945068597793579,2.348867467812674,False,True,True,True,True
11,03241500,0.7609720826148987,-0.6124693155288696,0.6546932458877563,0.8275038167219217,0.8295747391652833,1.0945641994476318,1.315586805343628,0.8928156495094299,0.9987403154373168,0.1062788367271423,1.3734413981437683,0.922618586515027,True,True,False,True,True
11,03280700,0.4255434870719909,0.2625832557678222,0.4223193526268005,0.3205413435184643,0.4278929302474961,2.4167909622192383,2.4235637187957764,0.7091243267059326,1.128783106803894,0.0032241344451904,0.1629602313041687,0.980215206990149,False,True,True,True,True
11,03281500,0.2308536171913147,0.3430284857749939,0.456587553024292,0.0127890240003263,0.4132098976850366,2.463994026184082,2.071094751358032,0.3815826177597046,0.8918063044548035,-0.2257339358329773,-0.1121748685836792,,False,False,True,False,True
11,03285000,0.5491844415664673,0.3636847734451294,0.4735452532768249,0.4791467349688155,0.3606166362903563,2.2803359031677246,2.4642224311828613,0.936108946800232,0.7472764849662781,0.0756391882896423,0.1854996681213379,0.5922408430393218,True,True,True,False,True
11,03291780,0.5657591223716736,0.3502621650695801,0.577734112739563,0.6135743893139376,0.564962412390361,2.663677215576172,2.626692533493042,1.0465319156646729,1.010271430015564,-0.0119749903678894,0.2154969573020935,1.0555691853741689,True,True,True,True,True
11,03338780,0.4388124942779541,-0.243566632270813,0.5004007816314697,0.1536996357349618,0.6871709536507355,1.821355223655701,1.7185078859329224,0.3074969947338104,0.8141167759895325,-0.0615882873535156,0.6823791265487671,1.0902552334286768,False,True,True,True,True
11,03340800,0.7235379219055176,-0.0965862274169921,0.7083082795143127,0.6846400586302823,0.8112266929675993,1.4984986782073977,1.539219856262207,0.7469541430473328,0.9454166293144226,0.0152296423912048,0.8201241493225098,0.9814300768928876,True,True,True,True,True
11,03346000,0.615659236907959,-0.1274130344390869,0.4522930383682251,0.4075250872418451,0.5742065133036198,2.047999143600464,2.4448132514953613,0.5446978807449341,1.2738789319992063,0.1633661985397339,0.7430722713470459,0.7801476318802979,True,True,False,False,True
11,03366500,0.7713272571563721,0.3119115829467773,0.7723031044006348,0.6953373738401737,0.7288558953675803,1.8858656883239744,1.8818376064300537,1.11484956741333,1.049943447113037,-0.0009758472442626,0.4594156742095947,1.0021241052472614,True,True,True,True,True
11,03368000,0.4730060696601867,0.281662106513977,0.4441543221473694,0.4627462427574925,0.4411514471590136,3.6656978130340576,3.764704942703247,0.8963709473609924,0.9662562608718872,0.0288517475128173,0.1913439631462097,0.8492152716060805,False,True,True,True,True
11,03384450,0.3369590640068054,0.3582364320755005,0.4864512681961059,0.1567229842085248,0.4203744801809226,3.82798171043396,3.3689184188842773,0.5520133376121521,0.9850268959999084,-0.1494922041893005,-0.021277368068695,,False,False,True,False,True
11,03439000,0.3177404403686523,-0.1760039329528808,0.1367393136024475,0.491386753106261,0.4382518924685892,2.465441465377808,2.773261547088623,1.2164888381958008,1.179791808128357,0.1810011267662048,0.4937443733215332,0.6334112618872633,False,True,False,False,True
11,03456500,0.6908963918685913,0.5361937284469604,0.5877599716186523,0.7296232897110182,0.5571879064589561,2.125725269317627,2.4548797607421875,0.9975449442863464,0.8852455615997314,0.1031364202499389,0.1547026634216308,0.3333248570591952,True,True,False,False,True
11,03460000,-0.1054285764694213,-0.7872614860534668,0.4778364300727844,0.2398452295211266,0.6850225748476557,1.9707322120666504,1.3544580936431885,1.6508272886276243,1.1857703924179075,-0.5832650065422058,0.6818329095840454,1.8554368648735784,False,True,True,True,True
11,03463300,0.6151107549667358,0.6474196910858154,0.5791751146316528,0.49271200707717,0.4893783249181669,3.744660615921021,3.915572643280029,0.8153841495513916,0.8697492480278015,0.035935640335083,-0.0323089361190795,,True,False,True,False,False
11,03471500,0.2568830251693725,-0.4388496875762939,0.4446682929992676,0.4173263661437507,0.6882222947807141,1.2990167140960691,1.122955083847046,1.500771164894104,1.0340577363967896,-0.187785267829895,0.6957327127456665,1.2699100737822318,False,True,True,True,True
11,03473000,0.1570394039154052,-0.4139314889907837,0.5752465724945068,0.3718355644277598,0.7593174940356612,1.3757461309432983,0.976569414138794,1.5462915897369385,1.0276963710784912,-0.4182071685791015,0.570970892906189,1.7324491909744573,False,True,True,True,True
11,03479000,0.6472965478897095,0.4178032875061035,0.5686430931091309,0.6256258895578701,0.5113749117962012,1.7462472915649414,1.9311645030975344,1.2103588581085205,1.068653225898743,0.0786534547805786,0.2294932603836059,0.657273356746483,True,True,True,False,True
11,03488000,0.4732048511505127,0.3398454189300537,0.6001509428024292,0.4739686846686346,0.6803083527383922,1.461001992225647,1.272852063179016,0.926591455936432,0.9896130561828612,-0.1269460916519165,0.1333594322204589,1.9519093590775007,False,True,True,True,True
11,03498500,0.3131343722343445,-0.1431500911712646,0.6045410633087158,0.204615129369713,0.7755056661497663,2.2269084453582764,1.6897293329238892,1.7306045293807983,1.0922284126281738,-0.2914066910743713,0.4562844634056091,1.638651355558711,False,True,True,True,True
11,03500000,-0.1027626991271972,-1.4961140155792236,-0.3370972871780395,0.2384391268198304,0.1620116215304299,2.1460840702056885,2.3631277084350586,1.341147541999817,1.2521440982818604,0.2343345880508422,1.3933513164520264,0.8318194519329537,False,True,False,True,True
11,03500240,0.5145338773727417,-1.281399488449097,-0.0066269636154174,0.6369013782866645,0.3611316246165099,1.4074199199676514,2.026648759841919,1.0238784551620483,1.2453588247299194,0.5211608409881592,1.7959333658218384,0.7098105915807904,True,True,False,False,True
11,03504000,0.4806417226791382,0.1376967430114746,0.4547465443611145,0.6747880711635602,0.6121162378421554,1.9808831214904783,2.02966570854187,0.7823393940925598,0.7091754078865051,0.0258951783180236,0.3429449796676636,0.924491741085938,False,True,True,True,True
11,03574500,0.4377587437629699,0.2592077851295471,0.4655936360359192,0.3747115092932337,0.4927137738156516,3.0078415870666504,2.932441711425781,1.411628007888794,0.9685553312301636,-0.0278348922729492,0.1785509586334228,1.1558932670313808,False,True,True,True,True
11,03592718,0.3955062627792358,0.0146951079368591,0.3347017168998718,0.4865712140137177,0.3923759634308821,2.8585686683654785,2.998892545700073,0.8131207227706909,1.0472798347473145,0.060804545879364,0.3808111548423767,0.8403288740201639,False,True,True,True,True
11,03604000,0.409635066986084,0.3611453175544739,0.42047119140625,0.3771597139362063,0.4117612931198451,2.915761709213257,2.888878345489502,0.7283320426940918,1.065717697143555,-0.010836124420166,0.0484897494316101,,False,False,True,False,True
11,04015330,0.5519441962242126,0.3252507448196411,0.5795419216156006,0.4858797783665223,0.5538066125126341,1.4836796522140503,1.437260389328003,0.8058229088783264,1.055165410041809,-0.0275977253913879,0.2266934514045715,1.1217402850430616,True,True,True,True,True
11,04027000,0.6778683066368103,-0.048404574394226,0.6150745153427124,0.7787102794404908,0.3519827933654391,0.955622136592865,1.0446187257766724,1.126079559326172,1.6256362199783323,0.0627937912940979,0.7262728810310364,0.9135396722992684,True,True,True,True,True
11,04040500,0.4352098703384399,-0.0426408052444458,0.6203948855400085,0.2353894507380017,0.7631411736909056,1.311379075050354,1.075104594230652,1.6766437292099,1.082749605178833,-0.1851850152015686,0.4778506755828857,1.3875374142260626,False,True,True,True,True
11,04043050,0.3498452305793762,0.0897092819213867,0.4872261881828308,0.3364346849451451,0.4707887760038044,1.8741414546966555,1.6643970012664795,0.6186826825141907,0.9362281560897828,-0.1373809576034546,0.2601359486579895,1.5281121594773297,False,True,True,True,True
11,04045500,-5.132624626159668,-5.114336013793945,-6.321213722229004,-0.9461455545382724,-1.03795965285255,2.557959794998169,2.794872760772705,2.3122918605804443,1.5041550397872925,1.188589096069336,-0.0182886123657226,,False,False,False,False,False
11,04057510,-11.233641624450684,-11.132922172546388,-9.08303165435791,-1.8827292743588373,-1.535869488158835,2.969532966613769,2.6959128379821777,2.545621871948242,1.923369526863098,-2.150609970092773,-0.1007194519042968,,False,False,True,False,True
11,04057800,0.1746785044670105,-0.4587963819503784,0.4951707124710083,0.1596384657541549,0.6169846059378868,1.4799052476882937,1.157429575920105,1.6806187629699707,1.297730803489685,-0.3204922080039978,0.6334748864173889,1.5059272512230728,False,True,True,True,True
11,04059500,-1.9655992984771729,-3.238729953765869,-1.0689494609832764,-0.8212194130007642,-0.2828740954824984,1.6336644887924194,1.3645251989364624,2.5226247310638428,1.98767352104187,-0.8966498374938965,1.2731306552886963,1.704287367340606,False,True,True,True,True
11,04063700,-6.561662197113037,-9.082334518432615,-2.809574842453003,-1.715002038179828,-0.6669071965803754,1.991973638534546,1.4138821363449097,3.0842411518096924,2.0387444496154785,-3.752087354660034,2.52067232131958,2.488526423258301,False,True,True,True,True
11,04074950,-11.18332290649414,-24.261829376220703,-7.670701026916504,-2.0923094161302447,-1.4767488144272929,1.5459678173065186,1.304201364517212,1.8418644666671755,1.8365509510040283,-3.5126218795776367,13.078506469726562,1.2685797409443096,False,True,True,True,True
11,04105700,-11.97241497039795,-22.878936767578125,-8.658106803894043,-2.109172147230482,-1.7662387996319762,1.7075245380401611,1.473338603973389,1.6496671438217163,1.366381287574768,-3.3143081665039062,10.906521797180176,1.303883146995663,False,True,True,True,True
11,04115265,-14.343634605407717,-20.3843994140625,-5.740476608276367,-2.388915432435022,-1.2409215622343313,2.0104763507843018,1.3325397968292236,2.423290729522705,1.7794809341430664,-8.603157997131348,6.040764808654785,2.424183571061291,False,True,True,True,True
11,04122200,-7.577327728271484,-14.255675315856934,-3.1767163276672363,-1.3553755142783466,-0.6450607430922375,1.514197587966919,1.0566326379776,1.6470515727996826,1.3473471403121948,-4.400611400604248,6.678347587585449,1.6589371611601431,False,True,True,True,True
11,04122500,-11.246495246887209,-19.679319381713867,-4.174064636230469,-1.900916656452165,-0.7778684961510847,1.6913882493972778,1.0993938446044922,1.5243078470230105,1.3397245407104492,-7.072430610656738,8.43282413482666,1.8386787744627997,False,True,True,True,True
11,04127918,-3.35225248336792,-3.827938079833984,-1.484408617019653,-0.9389414204265084,-0.2952940998475863,2.260857343673706,1.7081563472747805,2.592902660369873,1.691669464111328,-1.8678438663482664,0.4756855964660644,4.926635324308204,False,True,True,True,True
11,04127997,-25.77745246887207,-39.58789443969727,-12.893896102905272,-3.3252256310445185,-2.202662561414801,1.4139752388000488,1.018519163131714,1.693663477897644,1.3465884923934937,-12.883556365966797,13.810441970825195,1.9328851598800048,False,True,True,True,True
11,04161580,-6.121365070343018,-12.436702728271484,-3.429957389831543,-1.3506283790069076,-0.7094944821621156,1.7560248374938965,1.3849968910217283,2.3401434421539307,1.820338487625122,-2.6914076805114746,6.315337657928467,1.4261700365510306,False,True,True,True,True
11,04185000,0.4080213904380798,-1.3375129699707031,-0.0401612520217895,0.5864479912363738,0.5281835818349525,1.0859135389328003,1.439436674118042,0.6888844966888428,0.942157506942749,0.4481826424598694,1.745534360408783,0.7432404353501753,False,True,False,False,True
11,04196800,0.33994060754776,-0.3171920776367187,0.3876262903213501,0.1878460798761995,0.448333043642954,1.8685102462768557,1.7997503280639648,0.4552935659885406,0.9202888011932372,-0.04768568277359,0.6571326851844788,1.0725662926965855,False,True,True,True,True
11,04197100,0.4640288352966308,-0.3817929029464721,0.5473942756652832,0.1990064193698681,0.7306451220654735,1.7048314809799194,1.566645622253418,0.3817478716373443,1.0840123891830444,-0.0833654403686523,0.845821738243103,1.0985614776723696,False,True,True,True,True
11,04197170,0.503485918045044,0.199259340763092,0.6253267526626587,0.258438775826412,0.5728126396783386,2.1055848598480225,1.829082489013672,0.5357409119606018,1.0669503211975098,-0.1218408346176147,0.3042265772819519,1.4004937231525791,True,True,True,True,True
11,04213000,0.3833498358726501,0.1486082673072815,0.3684307336807251,0.3420386492788931,0.3152104338225334,2.355486392974853,2.38381028175354,0.8218642473220825,0.7709753513336182,0.014919102191925,0.2347415685653686,0.936444566324134,False,True,True,True,True
11,04213075,0.1966614723205566,-0.2049417495727539,0.3449097871780395,0.2571252875455538,0.3557128638089746,2.540655851364136,2.294283628463745,0.6486005783081055,0.9286642670631408,-0.1482483148574829,0.4016032218933105,1.36914124881415,False,True,True,True,True
11,04216418,0.5101984739303589,0.2276080846786499,0.5067082643508911,0.4644740942233458,0.5592598856174387,1.6367135047912598,1.642534613609314,0.6477863788604736,0.7894077301025391,0.0034902095794677,0.282590389251709,0.9876492276021496,True,True,True,True,True
11,04221000,0.5786303877830505,0.1909632086753845,0.5858725309371948,0.6791098883822597,0.5562330321362949,1.3002707958221436,1.2890483140945437,1.0638659000396729,0.840792715549469,-0.0072421431541442,0.387667179107666,1.018681341997572,True,True,True,True,True
11,04224775,0.5055173635482788,-0.3041383028030395,0.5272992849349976,0.6314801878121474,0.5968967206915359,1.2728465795516968,1.2444965839385986,1.2582314014434814,1.298256278038025,-0.0217819213867187,0.8096556663513184,1.026902697395892,True,True,True,True,True
11,04233000,0.5880550146102905,-0.1224339008331298,0.5204426050186157,0.6641816068021305,0.7032555384293877,1.0557936429977417,1.13914692401886,0.9962018132209778,1.1166566610336304,0.0676124095916748,0.7104889154434204,0.9048367847519796,True,True,True,True,True
11,04256000,0.3851193785667419,0.1657900214195251,0.4646394252777099,0.5877186342500442,0.5232895076999174,2.021644592285156,1.886394739151001,1.2062275409698486,0.9675424098968506,-0.079520046710968,0.2193293571472168,1.362559977128794,False,True,True,True,True
11,04296000,-0.0758067369461059,-0.1027418375015258,0.507303774356842,0.2232583428462461,0.6703687537888723,2.235111951828003,1.51259183883667,1.6215959787368774,1.054493069648743,-0.583110511302948,0.0269351005554199,,False,False,True,False,True
11,05057200,-4.138797760009766,-10.233091354370115,-1.1942813396453855,-2.721035394337771,-0.7153185253411176,1.1116739511489868,0.7264283895492554,4.406124114990234,2.511095762252808,-2.94451642036438,6.094293594360352,1.483159594261955,False,True,True,True,True
11,05120500,-61.41657638549805,-85.1431884765625,-39.01184844970703,-8.870806858869214,-6.515864499526333,1.932672619819641,1.5474001169204712,7.764247417449951,6.0309882164001465,-22.404727935791016,23.726612091064453,1.9442868560332192,False,True,True,True,True
11,05291000,-0.5289454460144043,-3.933005332946777,-0.5579842329025269,-0.1125387790665626,-0.4903442422622197,1.0290312767028809,1.03875732421875,1.9060863256454468,2.3653085231781006,0.0290387868881225,3.404059886932373,0.9914693666231909,False,True,True,True,True
11,05362000,0.0111576914787292,-0.732979416847229,0.6086429357528687,-0.1796132324767767,0.5443391894020246,1.6844404935836792,1.05968976020813,2.124707698822021,1.4186546802520752,-0.5974852442741394,0.7441371083259583,1.8029235978007696,False,True,True,True,True
11,05393500,0.4519090056419372,-0.0065948963165283,0.5394617319107056,0.273761208395908,0.4710853042216076,1.523707628250122,1.3967161178588867,1.6551319360733032,1.0737097263336182,-0.0875527262687683,0.4585039019584656,1.1909530669091215,False,True,True,True,True
11,05399500,0.4383121132850647,0.1362271904945373,0.512903094291687,0.1252698586207167,0.3921235737773995,1.7359169721603394,1.616549730300903,1.752973556518555,1.4889072179794312,-0.0745909810066223,0.3020849227905273,1.2469205689498957,False,True,True,True,True
11,05408000,-0.5272055864334106,-2.340176582336426,0.2969396710395813,0.1529155050589742,0.6573010552587122,1.3124808073043823,0.8905134797096252,1.5488393306732178,0.9025501012802124,-0.8241452574729919,1.8129709959030151,1.4545827039348178,False,True,True,True,True
11,05413500,-0.0750724077224731,-1.5508363246917725,0.2113449573516845,0.4333004170736463,0.4378841174501153,1.0552135705947876,0.9037848114967346,1.197099685668945,0.5329490303993225,-0.2864173650741577,1.475763916969299,1.1940807481337248,False,True,True,True,True
11,05414000,0.0473212599754333,-1.027397632598877,0.1296300292015075,0.562373953764268,0.3798005865449795,1.2530828714370728,1.1977287530899048,1.066681981086731,0.5588594675064087,-0.0823087692260742,1.0747188925743103,1.0765863239166824,False,True,True,True,True
11,05444000,0.0826061367988586,-4.8701887130737305,-0.4798628091812134,0.4567464205498686,0.3653305140148812,1.218843936920166,1.5480356216430664,0.6312161087989807,1.107823133468628,0.562468945980072,4.952794849872589,0.8864340310815536,False,True,False,True,True
11,05454000,0.642568051815033,-0.9757872819900512,0.5196355581283569,0.7344782508756449,0.6193637891261985,1.1741684675216677,1.3611911535263062,0.8660693168640137,1.0921820402145386,0.122932493686676,1.6183553338050842,0.9240386266731444,True,True,False,True,True
11,05458000,-0.2709673643112182,-1.9828834533691408,0.0114243030548095,0.2561362281794097,0.5332580987699099,2.1052651405334477,1.856712222099304,1.511438250541687,1.1472021341323853,-0.2823916673660278,1.7119160890579224,1.1649564889137936,False,True,True,True,True
11,05466500,0.4027928113937378,-2.188830614089966,-0.8335316181182861,0.4665538074318964,0.2539763387220435,1.123302340507507,1.9682412147521973,0.5393617749214172,1.1242173910140991,1.236324429512024,2.591623425483704,0.5229536755397729,False,True,False,False,True
11,05487980,0.4038262367248535,0.1375810503959655,0.5365079641342163,0.301048385460501,0.5207421494767305,1.9241899251937864,1.6966124773025513,0.6553815603256226,0.8405280113220215,-0.1326817274093628,0.2662451863288879,1.4983441362408836,False,True,True,True,True
11,05488200,0.4624462723731994,0.1568778157234192,0.4826973676681518,0.4643276895015408,0.4589099359259353,2.2157297134399414,2.1735928058624268,0.8326893448829651,0.9441000819206238,-0.0202510952949523,0.3055684566497803,1.066273513689807,False,True,True,True,True
11,05489000,0.4309960007667541,0.2010175585746765,0.4817129969596863,0.3653857501609081,0.4395276693467801,2.117706060409546,2.021125078201294,0.7659740447998047,0.8625254034996033,-0.0507169961929321,0.2299784421920776,1.2205293492273217,False,True,True,True,True
11,05495000,0.5085244178771973,0.1737607717514038,0.4815651774406433,0.3656180531921125,0.4742799098535242,1.9242366552352903,1.97630774974823,0.6388270854949951,0.829677164554596,0.0269592404365539,0.3347636461257934,0.9194678372381464,True,True,True,True,True
11,05495500,0.6083959341049194,0.0054803490638732,0.57783043384552,0.4020437470915121,0.5920356482171028,1.7192771434783936,1.7851130962371826,0.6218078136444092,1.0280975103378296,0.0305655002593994,0.6029155850410461,0.9493038478059602,True,True,True,True,True
11,05501000,0.7098063826560974,0.1680612564086914,0.5668842196464539,0.6407989142276447,0.529861921382859,1.620574116706848,1.979825735092163,1.1050468683242798,1.1937049627304075,0.1429221630096435,0.541745126247406,0.7361819127019273,True,True,False,False,True
11,05503800,0.4626819491386413,0.1512637138366699,0.6664713621139526,0.209548393225854,0.6132774199289432,2.298680543899536,1.81104588508606,0.4428138434886932,1.2590876817703247,-0.2037894129753112,0.3114182353019714,1.6543913935473424,False,True,True,True,True
11,05507600,0.3086240291595459,0.4419562816619873,0.5337154865264893,-0.0230265455158709,0.4196332123143533,3.497274160385132,2.872090101242065,0.3167827129364013,1.1376912593841553,-0.2250914573669433,-0.1333322525024414,,False,False,True,False,True
11,05508805,0.480721116065979,0.3993386626243591,0.5313727855682373,0.3736927894926376,0.4617477002971432,2.332504272460937,2.215827226638794,0.7596616744995117,1.1499698162078855,-0.0506516695022583,0.0813824534416198,1.622390544401485,False,True,True,True,True
11,05525500,0.426141619682312,-1.337524652481079,0.0116591453552246,0.29555035679189,0.5517444200188505,1.5604270696640017,2.047832727432251,0.4265936613082886,1.0715206861495972,0.4144824743270874,1.7636662721633911,0.7649881494764512,False,True,False,False,True
11,05556500,0.5811123847961426,-1.5104968547821045,0.22535240650177,0.4183935175331001,0.5464849348223373,1.224771499633789,1.665552854537964,0.4905927181243896,1.277976393699646,0.3557599782943725,2.091609239578247,0.8299108783980568,True,True,False,True,True
11,05584500,0.4275957942008972,-1.2300662994384766,-0.0825046300888061,0.4640412111073471,0.4604046541362818,1.5441240072250366,2.1234676837921143,0.6261960864067078,1.114801287651062,0.5101004242897034,1.6576620936393738,0.6922771979603002,False,True,False,False,True
11,05591550,0.5487315654754639,0.0626794695854187,0.5872663855552673,0.1925618647416356,0.6595550478710579,1.933632493019104,1.8492319583892824,0.3427339792251587,0.9315568804740906,-0.0385348200798034,0.4860520958900451,1.079281254840059,True,True,True,True,True
11,05592050,0.6099667549133301,0.0291396975517272,0.6378061771392822,0.327175827339785,0.6895205097737915,1.7338180541992188,1.6707953214645386,0.486608475446701,1.0737892389297483,-0.0278394222259521,0.5808270573616028,1.0479306565923638,True,True,True,True,True
11,05592575,0.5756868124008179,0.2108287811279297,0.5402688980102539,0.5267345746668757,0.4778869777880331,2.25378942489624,2.3459677696228027,0.850814938545227,1.2557458877563477,0.0354179143905639,0.3648580312728882,0.9029268609848036,True,True,True,True,True
11,05593575,0.3663817644119262,0.17251718044281,0.6441115736961365,0.0561752974638483,0.5381285893618712,2.463831186294556,1.846520185470581,0.3442369401454925,1.0992863178253174,-0.2777298092842102,0.1938645839691162,2.432596937501768,False,True,True,True,True
11,05593900,0.2782171368598938,0.3318809866905212,0.5313666462898254,-0.0407748912028234,0.44207907028653,3.2022833824157715,2.58031702041626,0.2731893956661224,1.040917158126831,-0.2531495094299316,-0.0536638498306274,,False,False,True,False,True
11,05595730,0.6798478364944458,0.2609311938285827,0.5951272249221802,0.5148791704307911,0.4721158786131816,2.163092374801636,2.432518482208252,0.819450855255127,1.1667817831039429,0.0847206115722656,0.418916642665863,0.7977626025236705,True,True,True,False,True
11,06221400,0.1049450039863586,0.3666841387748718,0.3473629951477051,0.0295448925947877,0.2693034203910004,1.8048309087753296,1.5411591529846191,0.3796972334384918,0.4973154366016388,-0.2424179911613464,-0.2617391347885132,,False,False,True,False,False
11,06224000,0.2983373999595642,0.4962945580482483,0.4365361332893371,0.1872770089366052,0.3258239184433196,1.533405900001526,1.3741241693496704,0.4406576156616211,0.5147375464439392,-0.1381987333297729,-0.197957158088684,,False,False,True,False,False
11,06278300,0.0872160792350769,0.1731882691383361,0.6167090535163879,0.086939760205099,0.5503237220041395,2.728264331817627,1.7679368257522583,0.6311279535293579,0.8961558938026428,-0.529492974281311,-0.0859721899032592,,False,False,True,False,True
11,06289000,-0.3684558868408203,-0.0026781558990478,-0.1257245540618896,-0.2061912941031529,0.0324307949845601,1.0067323446273804,0.913092315196991,0.2599261105060577,0.3101125359535217,-0.2427313327789306,-0.3657777309417724,,False,False,True,False,False
11,06311000,0.5510141253471375,0.3988003134727478,0.5626348853111267,0.5708212312230809,0.5385690875509754,0.7023100852966309,0.6931618452072144,0.898148238658905,1.41301429271698,-0.0116207599639892,0.1522138118743896,1.076344976982634,True,True,True,True,True
11,06332515,-0.0926167964935302,-16.504247665405273,0.0041682124137878,0.2207742450826183,-0.3767260783368507,0.2182239443063736,0.2083346247673034,1.2851992845535278,2.181166410446167,-0.0967850089073181,16.411630868911743,1.0058973425420294,False,True,True,True,True
11,06339100,0.0169190764427185,-3.96088171005249,0.185204803943634,0.1995338960994576,0.0715740440346158,0.3971931636333465,0.3616024255752563,1.4115898609161377,1.59785258769989,-0.1682857275009155,3.9778007864952087,1.0423062230949958,False,True,True,True,True
11,06344600,0.120849072933197,-2.3034439086914062,0.1823295354843139,0.1544813699578917,0.1473238991717536,0.4187434613704681,0.4038364291191101,1.3266347646713257,1.2550636529922483,-0.0614804625511169,2.4242929816246037,1.025360161918184,False,True,True,True,True
11,06352000,0.4097912907600403,-1.100304126739502,0.4673299193382263,0.2912752516259106,0.3447763553247844,0.365045964717865,0.3467958569526672,0.7686780691146851,0.8859702944755554,-0.057538628578186,1.5100954174995422,1.038102644317311,False,True,True,True,True
11,06404000,-8.672127723693848,-18.16733932495117,-1.8608503341674805,-4.310213564194765,-1.588374822346125,0.8733375668525696,0.4749727547168731,5.791781425476074,3.3691296577453613,-6.811277389526367,9.495211601257324,1.7173381358478037,False,True,True,True,True
11,06406000,-10.201582908630373,-23.445554733276367,0.0658437609672546,-3.814523477283005,0.3716323518806262,0.5839571356773376,0.1686362773180008,5.2124738693237305,1.2972100973129272,-10.267426669597626,13.243971824645996,1.775252832423786,False,True,True,True,True
11,06409000,-80.29412078857422,-307.9139709472656,-45.60307312011719,-6.840450470680049,-5.016430674284961,0.666022777557373,0.5042742490768433,3.1301190853118896,2.1496267318725586,-34.69104766845703,227.6198501586914,1.1524078310581052,False,True,True,True,True
11,06431500,-34.06021499633789,-55.73981857299805,-2.308814287185669,-4.29373392972516,-0.2891686569630907,1.1334831714630127,0.34821218252182,2.094527244567871,0.6925671696662903,-31.75140070915222,21.67960357666016,2.464574783246275,False,True,True,True,True
11,06440200,-1.4148612022399902,-20.13261985778809,-0.1476837396621704,-0.7948199350403868,0.0615668299527649,0.3718428313732147,0.256344735622406,2.5694425106048584,1.633948802947998,-1.2671774625778198,18.717758655548096,1.0676992093923712,False,True,True,True,True
11,06447500,-304.4114685058594,-532.1614379882812,-66.18021392822266,-15.999062356561955,-6.676184179761254,1.1041828393936155,0.517867922782898,9.677902221679688,4.64040994644165,-238.23125457763672,227.74996948242188,2.0460210164639507,False,True,True,True,True
11,06470800,-0.8183510303497314,-2.734201431274414,-0.6843316555023193,-0.4752412937445389,-0.2648952958026056,1.3122282028198242,1.262944579124451,2.291577100753784,1.9901564121246336,-0.1340193748474121,1.9158504009246824,1.0699529434984736,False,True,True,True,True
11,06477500,-9.078947067260742,-31.572673797607425,-6.658202171325684,-3.5858298146225307,-5.108617668634537,1.2248395681381226,1.0676651000976562,4.920971393585205,6.835298538208008,-2.4207448959350586,22.49372673034668,1.1076186674157995,False,True,True,True,True
11,06479215,-2.949790000915528,-12.622637748718262,-2.219228506088257,-1.4574505787946306,-1.6831617808560004,1.2229845523834229,1.104103684425354,3.026749610900879,3.4596335887908936,-0.7305614948272705,9.672847747802734,1.0755270333902676,False,True,True,True,True
11,06601000,-1.5495562553405762,-23.861358642578125,-13.066556930541992,0.0228758525181119,-2.276840754252853,0.7268326878547668,1.7072458267211914,0.5956056714057922,2.145075559616089,11.517000675201416,22.31180238723755,0.4838157637238132,False,True,False,False,True
11,06614800,0.5315619707107544,0.5337281227111816,0.6547964215278625,0.5222384859832672,0.5640973623498623,2.249183654785156,1.9307963848114011,0.955822765827179,0.965235948562622,-0.1232344508171081,-0.0021661520004272,,True,False,True,False,True
11,06622700,0.6583573818206787,0.6227877140045166,0.7006692886352539,0.6653298911400863,0.6300374850743893,1.5518696308135986,1.4525959491729736,1.2604440450668335,0.8623146414756775,-0.0423119068145751,0.0355696678161621,,True,False,True,False,True
11,06623800,0.6203519701957703,0.5551279187202454,0.7457213401794434,0.6725913310687164,0.7841335195458581,1.692107081413269,1.3848166465759275,1.2662429809570312,1.113806128501892,-0.1253693699836731,0.0652240514755249,2.922134046375784,True,True,True,True,True
11,06632400,0.7108117341995239,0.6722208857536316,0.7890210747718811,0.6789187692425991,0.7683661169105549,1.3022892475128174,1.112337589263916,1.2700865268707275,0.9229041934013368,-0.0782093405723571,0.0385908484458923,,True,False,True,False,True
11,06746095,0.1202499866485595,0.1936108469963073,0.3691897392272949,0.0539347740717164,0.0903605100598939,5.899040222167969,4.995179176330566,0.5388868451118469,0.4198467135429382,-0.2489397525787353,-0.0733608603477478,,False,False,True,False,True
11,06803510,0.3119178414344787,-2.6233534812927246,0.0708857178688049,0.4434251419992931,-0.1920622668043465,0.8871939778327942,1.0309391021728516,0.8197969198226929,2.067293643951416,0.2410321235656738,2.935271322727204,0.9178842099878768,False,True,False,True,True
11,06803530,0.1603657007217407,-3.310506820678711,0.0351682901382446,0.1736095803680755,-0.2479185276698854,0.9888401627540588,1.0600022077560425,0.5418045520782471,2.173245906829834,0.1251974105834961,3.470872521400452,0.9639291245035468,False,True,False,True,True
11,06814000,0.1122019290924072,-0.5675779581069946,0.4570580124855041,0.0854654892512885,0.4884412323044161,1.3734252452850342,1.0740504264831543,0.5334325432777405,1.2697445154190063,-0.3448560833930969,0.6797798871994019,1.507305511514699,False,True,True,True,True
11,06847900,-365.4268493652344,-1516.817138671875,-964.0821533203124,-40.78042351563319,-108.0065141043744,0.846879780292511,1.374390959739685,38.90926361083984,106.95391082763672,598.6553039550781,1151.3902893066406,0.4800587520018218,False,True,False,False,True
11,06853800,-2.8381447792053223,-54.85548782348633,-6.095849990844727,-1.7030251386556134,-6.897812572820559,0.7328963875770569,0.9965155720710754,3.332759141921997,8.725631713867188,3.2577052116394043,52.017343044281006,0.9373727103119012,False,True,False,True,True
11,06876700,-0.0851011276245117,-11.25254249572754,-4.792081832885742,0.4053838970461249,-3.3004602461742767,0.2960766553878784,0.6840476989746094,0.8546933531761169,5.067525386810303,4.706980705261231,11.167441368103027,0.5785085813205583,False,True,False,False,True
11,06878000,0.209656536579132,-1.3491346836090088,0.3093393445014953,0.0331428330012546,0.0373899097425824,0.7227216362953186,0.6756090521812439,0.4039888083934784,1.8792234659194944,-0.0996828079223632,1.5587912201881409,1.0639487871315647,False,True,True,True,True
11,06879650,0.0897209048271179,-0.5453957319259644,0.1241839528083801,-0.1724885151184219,-0.1267863174563528,1.823285460472107,1.7884377241134644,0.3534447252750397,2.0077850818634038,-0.0344630479812622,0.6351166367530823,1.05426254956483,False,True,True,True,True
11,06885500,0.2282388806343078,-0.5733035802841187,0.4030787348747253,0.1454574698584543,0.3508073631559919,1.3449881076812744,1.1828659772872925,0.5527311563491821,1.4149409532546997,-0.1748398542404174,0.8015424609184265,1.218129248000264,False,True,True,True,True
11,06888500,0.1008434295654296,0.068765640258789,0.4318937063217163,-0.2205352573230232,0.5057037017179629,1.7106558084487915,1.3597522974014282,0.2262230664491653,1.298617601394653,-0.3310502767562866,0.0320777893066406,,False,False,True,False,True
11,06889200,0.0899645686149597,0.1019261479377746,0.2833007574081421,-0.1673411516413396,0.2447731500868807,3.083746671676636,2.7366421222686768,0.426124095916748,1.1047742366790771,-0.1933361887931823,-0.0119615793228149,,False,False,True,False,True
11,06889500,0.2244924306869506,0.1139073371887207,0.3779149651527405,0.0069832100441122,0.3620777109014651,2.2858452796936035,2.0472867488861084,0.4487756490707397,1.1535968780517578,-0.1534225344657898,0.1105850934982299,2.3873708436865,False,True,True,True,True
11,06892000,0.4180184602737427,0.0007306337356567,0.2917501926422119,0.3636194708433791,0.4624948456251906,1.7532634735107422,1.9341306686401367,0.7818174958229065,1.034396767616272,0.1262682676315307,0.4172878265380859,0.6974072580092239,False,True,False,False,True
11,06903400,0.5340627431869507,-0.2617479562759399,0.5038580894470215,0.5270208722457554,0.5511508755781601,1.7415385246276855,1.797100305557251,0.7687512040138245,1.0054373741149902,0.0302046537399292,0.7958106994628906,0.96204542894395,True,True,True,True,True
11,06906800,0.340775191783905,0.21771901845932,0.4333499073982239,0.2630234840436699,0.3303517966195248,2.414100885391236,2.23818588256836,0.788469672203064,0.7301777601242065,-0.0925747156143188,0.1230561733245849,1.7522963953229291,False,True,True,True,True
11,06910800,0.1087117791175842,0.1532472968101501,0.5053204894065857,-0.2523431324020206,0.3929632072600997,2.265048027038574,1.6874475479125977,0.2005702257156372,1.4388545751571655,-0.3966087102890014,-0.0445355176925659,,False,False,True,False,True
11,06911900,0.0843432545661926,0.1903173327445984,0.487309992313385,-0.313453525778455,0.4003151857190091,2.8053767681121826,2.099192380905152,0.166203886270523,1.405567288398743,-0.4029667377471924,-0.1059740781784057,,False,False,True,False,True
11,06917000,0.4495667219161987,0.486487865447998,0.5313537120819092,0.2096577785448498,0.3611524625281659,2.5439887046813965,2.347391128540039,0.5870791077613831,0.777353823184967,-0.0817869901657104,-0.0369211435317993,,False,False,True,False,True
11,06918460,0.5378419756889343,-0.896220326423645,0.4157754182815552,0.6706749557110131,0.7001074938338869,1.3017857074737549,1.4636396169662476,0.7563245892524719,0.8892391324043274,0.1220665574073791,1.4340623021125791,0.9148805758107178,True,True,False,True,True
11,06919500,0.5072420835494995,0.0348705053329467,0.4702045917510986,0.5133407141406603,0.4654280709104519,1.5983411073684692,1.6573214530944824,1.2906419038772583,0.8387917280197144,0.0370374917984008,0.4723715782165527,0.9215924634199276,True,True,True,True,True
11,06921070,0.7371419072151184,0.0296636819839477,0.6099695563316345,0.7278192908789123,0.5470812433711951,1.4556639194488523,1.7731672525405884,1.0058070421218872,1.279788851737976,0.1271723508834839,0.7074782252311707,0.8202455618447763,True,True,False,True,True
11,06921200,0.6137411594390869,0.0778083801269531,0.528400182723999,0.5773119643440425,0.3998647317539419,2.102278709411621,2.32293963432312,0.9189850687980652,1.423519253730774,0.0853409767150878,0.5359327793121338,0.8407617895202781,True,True,True,True,True
11,07057500,0.3786152005195617,-0.3723869323730469,0.6780064702033997,0.5834997612746806,0.7906531086502853,1.4451580047607422,1.0403000116348269,1.2670347690582275,0.9423452615737916,-0.2993912696838379,0.7510021328926086,1.3986556849455047,False,True,True,True,True
11,07060710,0.3977651000022888,0.1038887500762939,0.4434964060783386,0.2569433801335056,0.1812439156059423,3.1685574054718018,3.0458786487579346,1.5121643543243408,1.658223032951355,-0.0457313060760498,0.2938763499259949,1.1556141080681248,False,True,True,True,True
11,07066000,0.56001877784729,0.2118433713912964,0.5067510604858398,0.4484624672648309,0.4046431684038036,1.4674376249313354,1.5537303686141968,0.5732848644256592,0.5804479718208313,0.0532677173614501,0.3481754064559936,0.8470089605016867,True,True,True,True,True
11,07083000,0.7289714813232422,0.6483063697814941,0.7546198964118958,0.701860135680207,0.7497583457879919,0.8113342523574829,0.7719905972480774,1.252434253692627,1.1491482257843018,-0.0256484150886535,0.080665111541748,1.3179616887454408,True,True,True,True,True
11,07142300,-312.93023681640625,-631.685546875,-112.45509338378906,-32.11742262409438,-18.91680171285283,1.4747283458709717,0.8865585923194885,30.819072723388672,19.082538604736328,-200.4751434326172,318.7553100585937,1.6289311490866325,False,True,True,True,True
11,07145700,0.3622892498970032,0.4582560062408447,0.425076425075531,0.2552385015578048,0.3503118571781414,2.0920181274414062,1.9863630533218384,0.6319091320037842,1.1839649677276611,-0.0627871751785278,-0.0959667563438415,,False,False,True,False,False
11,07167500,0.2287587523460388,0.4957826137542724,0.5453609228134155,-0.0798494555743742,0.4700372907530448,4.346187591552734,3.3369271755218506,0.3059932291507721,1.0079654455184937,-0.3166021704673767,-0.2670238614082336,,False,False,True,False,True
11,07180500,0.2084691524505615,0.3312890529632568,0.3333214521408081,-0.1213201814040283,0.2841058548850325,2.710797071456909,2.4878334999084477,0.2570716440677643,1.3913419246673584,-0.1248522996902465,-0.1228199005126953,,False,False,True,False,True
11,07184000,0.2391547560691833,0.3614449501037597,0.357697069644928,-0.0485158300284485,0.2226667312364981,3.446930408477783,3.1670455932617188,0.3584797382354736,0.6938700675964355,-0.1185423135757446,-0.1222901940345764,,False,False,True,False,False
11,07195800,0.4400182962417602,-1.8976798057556152,0.1199439764022827,0.6531311209299818,0.4544180752564917,1.437272310256958,1.80180299282074,0.7808681130409241,1.3805315494537354,0.3200743198394775,2.3376981019973755,0.8630814134784984,False,True,False,True,True
11,07196900,0.3639203906059265,0.1139367818832397,0.4023236036300659,0.4435143265593292,0.282704905498237,2.6003129482269287,2.520594358444214,1.2185667753219604,0.6239397525787354,-0.0384032130241394,0.2499836087226867,1.1536229244003795,False,True,True,True,True
11,07197000,0.5702652335166931,0.0934321880340576,0.5657224655151367,0.5670894784819184,0.4297017238462358,1.6191282272338867,1.6276637315750122,0.9980297684669496,0.6934996843338013,0.0045427680015563,0.4768330454826355,0.9904730428299944,True,True,True,True,True
11,07261000,0.5577602386474609,0.5195717215538025,0.5122050046920776,0.3217530506469629,0.3805771809981015,2.5747721195220947,2.704136371612549,1.5779287815093994,0.806943953037262,0.0455552339553833,0.0381885170936584,,True,False,True,False,False
11,07263295,0.2520027756690979,0.460161030292511,0.3778786063194275,0.0542905791000587,0.3072482562565878,4.512208938598633,4.115065574645996,0.4896875619888305,1.045148491859436,-0.1258758306503296,-0.208158254623413,,False,False,True,False,False
11,07291000,0.389730155467987,0.1180481314659118,0.3525892496109009,0.4120470917713238,0.1396490191676267,4.0864434242248535,4.208957195281982,1.1027045249938965,1.6011667251586914,0.0371409058570861,0.2716820240020752,0.8632927371860183,False,True,True,True,True
11,07299670,-0.0396264791488647,-7.090105056762695,-0.4463855028152466,-0.6467845586115752,-0.6266631923594594,0.3743216693401336,0.4415179193019867,0.0229547526687383,2.511101007461548,0.4067590236663818,7.050478577613831,0.9423076009396164,False,True,False,True,True
11,07301410,-347.3693542480469,-837.3180541992188,-397.529052734375,-19.570697051743384,-21.99487352923233,1.260198712348938,1.3478732109069824,13.350619316101074,16.597309112548828,50.159698486328125,489.9486999511719,0.8976225500928423,False,True,False,True,True
11,07315200,0.4234153032302856,-2.718181610107422,0.1246781349182128,0.3566074992851329,-1.2684860176868926,0.6241880655288696,0.769073486328125,0.6386725902557373,3.184110164642334,0.2987371683120727,3.1415969133377075,0.90490913489131,False,True,False,True,True
11,07315700,0.4004825353622436,-1.3454527854919434,0.1844658851623535,0.4419803547658467,0.4185167399656617,0.9699404835700988,1.1312673091888428,0.7997793555259705,1.3531967401504517,0.2160166501998901,1.745935320854187,0.8762745402881217,False,True,False,True,True
11,07335700,0.3320326805114746,0.3229616284370422,0.3939083218574524,0.3041198675261154,0.3840485915444624,4.80156946182251,4.573774814605713,0.8908939957618713,1.0967265367507937,-0.0618756413459777,0.0090710520744323,,False,False,True,False,True
11,07340300,0.4845029711723327,0.5719500780105591,0.5618603229522705,0.4254655360423006,0.5069541659487096,3.3677711486816406,3.1048150062561035,0.7773650288581848,1.2189377546310425,-0.0773573517799377,-0.0874471068382263,,False,False,True,False,False
11,07346045,0.5439537763595581,-1.420701503753662,0.0837284922599792,0.4526040927445713,0.4666086896256771,1.187688946723938,1.6834893226623535,0.6099482774734497,1.347736358642578,0.4602252840995788,1.96465528011322,0.7657475645941019,True,True,False,False,True
11,07359610,0.3190838694572449,0.5056369304656982,0.5157367587089539,0.2662250171287883,0.4930387639031282,4.052786827087402,3.4178082942962646,0.7096222639083862,1.0480268001556396,-0.1966528892517089,-0.1865530610084533,,False,False,True,False,True
11,07362100,0.4422226548194885,0.2976329326629638,0.5124510526657104,0.3017770716341016,0.4693179338392085,2.366978406906128,2.2129569053649902,0.6058216094970703,1.284185767173767,-0.0702283978462219,0.1445897221565246,1.485708090442256,False,True,True,True,True
11,07362587,0.181876540184021,0.3662639260292053,0.279624879360199,-0.0043761895099214,0.2073700011094882,6.111482620239258,5.734776973724365,0.5244584679603577,1.1009042263031006,-0.0977483391761779,-0.1843873858451843,,False,False,True,False,False
11,07375000,0.2552331089973449,-1.1834211349487305,0.05546635389328,0.627936801175097,0.2863930429914915,2.9964492321014404,3.374469041824341,1.1187654733657837,1.5834119319915771,0.1997667551040649,1.4386542439460754,0.8611433178300535,False,True,False,True,True
11,08013000,0.1020925641059875,-1.434044361114502,0.2733178734779358,0.5690736661278994,0.1662813012620225,2.771836519241333,2.493584156036377,1.0613765716552734,1.7788535356521606,-0.1712253093719482,1.5361369252204895,1.111464874361621,False,True,True,True,True
11,08014500,0.0353526473045349,-1.826626300811768,0.1014694571495056,0.5132148683330624,-0.1039348278991156,2.6248786449432373,2.533327579498291,1.2190468311309814,2.056929588317871,-0.0661168098449707,1.8619789481163025,1.0355088922524385,False,True,True,True,True
11,08023080,0.4266238808631897,0.2813961505889892,0.4777349829673767,0.2987533928675058,0.374370797921149,2.6806585788726807,2.558392286300659,0.6901679635047913,1.3643314838409424,-0.051111102104187,0.1452277302742004,1.3519376224339907,False,True,True,True,True
11,08050800,0.2319279313087463,0.0888732075691223,0.1696966886520385,0.2151855611921439,-0.3294482355211825,2.942183256149292,3.059053659439087,1.0051838159561155,2.0515968799591064,0.0622312426567077,0.143054723739624,0.5649829587593643,False,True,True,False,True
11,08066200,0.1246864199638366,-0.1292171478271484,0.3719648122787475,-0.1929456883575244,0.0249158902055451,3.14609432220459,2.6649060249328613,0.2699855268001556,1.9210585355758667,-0.2472783923149109,0.2539035677909851,1.9739067255583893,False,True,True,True,True
11,08066300,0.4425920844078064,-3.2520875930786133,-0.114844799041748,0.6834488778809884,-0.1629513964785314,1.2925130128860474,1.8279131650924685,1.135636329650879,2.017251253128052,0.5574368834495544,3.69467967748642,0.8491244351042653,False,True,False,True,True
11,08070000,0.5020920038223267,-1.250462770462036,0.5315160155296326,0.5291968849616211,0.3830496212833627,1.5186055898666382,1.4730511903762815,0.8716881275177002,1.561888337135315,-0.0294240117073059,1.7525547742843628,1.016789210893178,True,True,True,True,True
11,08070200,0.4884140491485595,-2.677099704742432,0.2879919409751892,0.6783340513879383,0.314035600710149,1.2384532690048218,1.4610422849655151,0.9996962547302246,1.6117762327194214,0.2004221081733703,3.165513753890991,0.936685756639972,False,True,False,True,True
11,08082700,-0.0029857158660888,0.2057033777236938,0.4120119214057922,-0.6883144414608142,-2.131850107372619,1.4011695384979248,1.0728217363357544,0.0371140018105506,4.091847896575928,-0.4149976372718811,-0.2086890935897827,,False,False,True,False,True
11,08086212,0.1037831306457519,-4.457679271697998,-0.5481376647949219,-0.2732048964813505,-3.612448836766835,0.5749260187149048,0.7556317448616028,0.2000318616628646,5.5635504722595215,0.6519207954406738,4.56146240234375,0.8570807478089248,False,True,False,True,True
11,08086290,0.4327306747436523,-2.3937230110168457,0.3846848607063293,0.2461377771024686,-0.9650978605962264,0.6223586201667786,0.6481788158416748,0.4098150730133056,2.9456465244293213,0.048045814037323,2.826453685760498,0.9830013793329164,False,True,True,True,True
11,08101000,0.3098615407943725,-0.6860146522521973,0.2986423373222351,0.3307558312473326,0.3576704833916857,1.253257155418396,1.263402819633484,0.7210534811019897,1.0023733377456665,0.0112192034721374,0.9958761930465698,0.988734339117179,False,True,True,True,True
11,08103900,0.3902594447135925,-0.4814640283584595,0.2959779500961303,0.4964836499287536,0.3940940231911052,1.413809895515442,1.519188404083252,1.1407710313796997,0.950797438621521,0.0942814946174621,0.871723473072052,0.8918447219446741,False,True,True,True,True
11,08104900,0.225503921508789,0.355251669883728,0.2450968027114868,0.137436454387187,0.067867593552607,2.492534637451172,2.460805177688598,0.7999445199966431,0.5710013508796692,-0.0195928812026977,-0.1297477483749389,,False,False,True,False,False
11,08109700,0.1832857728004455,-0.1270469427108764,0.3173935413360595,-0.0456350950892094,0.175589432977793,1.1800955533981323,1.0788655281066897,0.422650545835495,1.560182809829712,-0.134107768535614,0.310332715511322,1.432141897494276,False,True,True,True,True
11,08150800,0.2331972122192382,-11.968143463134766,-0.1717426776885986,0.5977455304469129,0.3833010079392587,0.6003440022468567,0.7421205639839172,1.1432796716690063,1.3440428972244265,0.4049398899078369,12.201340675354004,0.9668118528379596,False,True,False,True,True
11,08158700,0.3603058457374573,-1.7204184532165527,0.1211302280426025,0.4783488537852475,0.5043448219589391,1.0733156204223633,1.2580662965774536,1.4209413528442385,1.2200288772583008,0.2391756176948547,2.08072429895401,0.885051749616665,False,True,False,True,True
11,08164300,0.037749171257019,-0.0434108972549438,0.475013792514801,-0.416087188425966,0.3238216817773867,2.135190963745117,1.5771265029907229,0.1162993311882019,1.5518968105316162,-0.437264621257782,0.0811600685119628,6.387681766105579,False,True,True,True,True
11,08164600,0.4310382604598999,-0.0116835832595825,0.576936662197113,0.45167907437221,0.2408252550385954,2.478015422821045,2.1368064880371094,0.8731347322463989,1.691253662109375,-0.1458984017372131,0.4427218437194824,1.3295486857198249,False,True,True,True,True
11,08165300,-0.145458698272705,-6.127823352813721,-0.2931116819381714,0.00322504017812,0.3224285233911337,1.0192104578018188,1.0829094648361206,0.4504639804363251,0.8801725506782532,0.1476529836654663,5.982364654541016,0.975318625294199,False,True,False,True,True
11,08171300,0.5994358062744141,-0.0660387277603149,0.6376603841781616,0.4034306197635416,0.5879154620545103,1.1303925514221191,1.0751056671142578,0.6017960906028748,0.6560444831848145,-0.0382245779037475,0.665474534034729,1.057439580252597,True,True,True,True,True
11,08175000,-0.0037729740142822,-0.1791794300079345,0.3595966696739197,-0.4904275779660096,0.0586793106280033,1.3384360074996948,1.0690712928771973,0.1054090410470962,1.8355263471603396,-0.3633696436882019,0.1754064559936523,3.0715864853990986,False,True,True,True,True
11,08176900,0.001581072807312,-2.008180856704712,0.0578896403312683,0.1067293645366398,-0.7389850770740314,1.4657979011535645,1.423864245414734,1.6493115425109863,2.6903223991394043,-0.0563085675239563,2.009761929512024,1.0280175311797397,False,True,True,True,True
11,08178880,0.3750683069229126,0.4046105742454529,0.4816786050796509,0.0468496933184826,0.1494897339070379,4.434001922607422,4.038119792938232,0.3983878791332245,0.4488822817802429,-0.1066102981567382,-0.0295422673225402,,False,False,True,False,True
11,08189500,0.1478751897811889,-0.944079041481018,0.537138819694519,0.0385449849347176,-0.4422740561193112,1.2942757606506348,0.953895092010498,1.818903088569641,2.427539110183716,-0.3892636299133301,1.091954231262207,1.3564834667689083,False,True,True,True,True
11,08190000,0.2833868861198425,-2.829270839691162,0.3528609871864319,-0.0033842914858361,0.1861321114523837,0.7361901998519897,0.6995945572853088,0.2306920886039734,0.3158560395240783,-0.0694741010665893,3.1126577258110046,1.0223198652683496,False,True,True,True,True
11,08194200,-0.0119345188140869,-0.5561153888702393,0.0989956259727478,-0.6973058230069091,-0.145038580641815,1.0659821033477783,1.005859136581421,0.0075150267221033,1.927595853805542,-0.1109301447868347,0.5441808700561523,1.2038479316176407,False,True,True,True,True
11,08195000,0.2696118950843811,-2.3638103008270264,0.1309304237365722,0.239801297421055,0.2848929806267554,1.144905924797058,1.2488785982131958,0.4476921260356903,0.4626891016960144,0.1386814713478088,2.6334221959114075,0.9473379272176248,False,True,False,True,True
11,08196000,0.1522584557533264,-1.0673577785491943,0.1179707050323486,0.0842787760347831,0.1975557645318351,1.525311827659607,1.5558524131774902,0.5476700663566589,0.5999817848205566,0.0342877507209777,1.2196162343025208,0.9718864428361874,False,True,True,True,True
11,08198500,0.4131819009780884,-0.1618863344192505,0.6418050527572632,-0.3901022225746025,-0.0372417188606482,1.7404431104660034,1.3597774505615234,2.261852264404297,1.987961769104004,-0.2286231517791748,0.5750682353973389,1.3975583030093977,False,True,True,True,True
11,08200000,0.3756155967712402,0.3707455396652221,0.4762657284736633,0.1507901975196182,0.1879043150766463,4.438202857971191,4.064775943756104,0.5792331099510193,0.5005353689193726,-0.1006501317024231,0.004870057106018,,False,False,True,False,True
11,08202700,0.4218312501907348,-1.4625847339630127,0.3212211728096008,-2.359453604915858,-1.508261497236378,1.3544551134109497,1.4675788879394531,4.332032680511475,3.477419853210449,0.100610077381134,1.884415984153748,0.9466094120262326,False,True,False,True,True
11,08267500,0.1308467984199524,0.3262330889701843,-0.1467348337173462,0.1731125227647716,-0.1514676047476042,1.004435896873474,1.1537336111068726,0.4037456810474396,0.2432301044464111,0.2775816321372986,-0.1953862905502319,,False,False,False,False,False
11,08269000,0.0897177457809448,-0.0417093038558959,0.1614136099815368,0.4153744939792839,0.2117940927454936,0.5031068325042725,0.4828876256942749,0.6107916831970215,0.4904044270515442,-0.071695864200592,0.1314270496368408,1.5455183266968409,False,True,True,True,True
11,08271000,0.0716772675514221,0.2714259028434753,0.273404061794281,0.1233335534347651,0.3214934176257764,1.1990721225738523,1.060821533203125,0.3358776569366455,0.5446823239326477,-0.2017267942428589,-0.1997486352920532,,False,False,True,False,True
11,08324000,-23.340951919555664,-30.856822967529297,-3.0999326705932617,-5.001701089741757,-1.0868241135844094,0.8818893432617188,0.3619375824928283,5.706623077392578,2.370166301727295,-20.2410192489624,7.515871047973633,3.693103583039736,False,True,True,True,True
11,08377900,0.3126137852668762,0.0067502260208129,0.5321255922317505,0.4318430644896972,0.7259819952319722,0.7009108662605286,0.5782651901245117,1.280418038368225,1.158348560333252,-0.2195118069648742,0.3058635592460632,1.717678848392266,False,True,True,True,True
11,08378500,-0.0748494863510131,-0.8701834678649902,-0.048681616783142,0.2698638337528906,0.1199068699896267,0.653611958026886,0.6456066370010376,1.1734908819198608,1.4585800170898438,-0.026167869567871,0.795333981513977,1.0329017371017628,False,True,True,True,True
11,08380500,-0.7949419021606445,-4.22286319732666,0.2616118192672729,-0.121684294188566,0.3999583103262013,0.5056309103965759,0.3243028819561004,1.850351333618164,1.0870769023895264,-1.0565537214279177,3.427921295166016,1.3082199474409897,False,True,True,True,True
11,09035800,-0.3056961297988891,-1.5997166633605957,0.5268402695655823,0.1868223069689443,0.3735166054183654,1.3653597831726074,0.8219207525253296,1.5369058847427368,1.418297290802002,-0.8325363993644714,1.2940205335617063,1.6433718613977242,False,True,True,True,True
11,09035900,0.180818498134613,-0.1827591657638549,0.8221511840820312,0.6126255194658428,0.7192573256305292,1.4615819454193115,0.6810179948806763,0.937727987766266,0.7632454037666321,-0.6413326859474182,0.363577663898468,2.763949630653096,False,True,True,True,True
11,09065500,-0.3731350898742676,-0.0153183937072753,0.5305666327476501,0.1043260996713874,0.2667642668980194,4.02060604095459,2.3508334159851074,0.4691910445690155,0.541262686252594,-0.9037017226219176,-0.3578166961669922,,False,False,True,False,True
11,09066000,0.6571245193481445,0.5851901173591614,0.8170109987258911,0.7094227061442295,0.6779203403269842,1.2545887231826782,0.9165279269218444,0.9958150386810304,0.8333485722541809,-0.1598864793777465,0.0719344019889831,3.222670585379071,True,True,True,True,True
11,09066200,0.3798907399177551,0.4151712656021118,0.593208372592926,0.4113969452493587,0.4641425673087394,2.5469861030578613,2.062901496887207,0.8616846799850464,0.8499202132225037,-0.2133176326751709,-0.0352805256843566,,False,False,True,False,True
11,09066300,-0.2993261814117431,-0.4042359590530395,0.6535354852676392,-0.097220489852055,0.5015173448232026,1.919538140296936,0.991213083267212,1.9864581823349,1.4718459844589231,-0.9528616666793824,0.1049097776412963,10.082677402456914,False,True,True,True,True
11,09081600,0.3404024243354797,0.4490965604782104,0.4591234922409057,0.4797463613775354,0.5047209531024508,1.851218581199646,1.67635977268219,0.6267278790473938,0.593248724937439,-0.118721067905426,-0.1086941361427307,,False,False,True,False,True
11,09107000,0.3272305130958557,0.2352311611175537,0.2315382361412048,0.4625798576540195,0.3523856390295889,0.7570662498474121,0.8091179728507996,1.4538946151733398,1.5197081565856934,0.0956922769546508,0.091999351978302,-0.0401407716134767,False,True,True,False,False
11,09210500,-1.5531914234161377,-2.2668344974517822,-7.396827697753906,-0.3459720223439402,-1.6108700580159776,0.7010813355445862,1.271406173706055,1.9119678735733032,2.1168038845062256,5.8436362743377686,0.7136430740356445,-7.188457909767222,False,True,False,False,False
11,09223000,-0.2127803564071655,-0.479421854019165,0.6718490123748779,-0.0520920491658667,0.7424697335285584,1.0173922777175903,0.5292176008224487,1.8436132669448853,0.8254987597465515,-0.8846293687820435,0.2666414976119995,4.317673268057106,False,True,True,True,True
11,09306242,-728.1270141601562,-2626.675537109375,-2142.228759765625,-27.795506062177168,-51.56297368882176,0.6289039254188538,1.0782437324523926,18.042598724365234,37.74082946777344,1414.1017456054688,1898.5485229492188,0.2551669190899619,False,True,False,False,True
11,09312600,-0.9713218212127686,-1.6641535758972168,-1.6421315670013428,-0.1926475270052887,-1.3619198131023555,0.8114280700683594,0.939395546913147,1.920827388763428,3.194901466369629,0.6708097457885742,0.6928317546844482,0.0317855074438728,False,True,False,False,True
11,09352900,0.5995486378669739,0.6357680559158325,0.5773328542709351,0.5574603836945622,0.6993317085699164,1.563185691833496,1.605960726737976,0.7730811834335327,0.7737312316894531,0.0222157835960388,-0.0362194180488586,,True,False,True,False,False
11,09378170,-2.644250869750977,-3.1073060035705566,0.0391725897789001,-3.4313319971323457,-0.9315812390925812,1.2432563304901123,0.6383799910545349,5.278748512268066,2.897036552429199,-2.6834234595298767,0.4630551338195801,6.795040943386706,False,True,True,True,True
11,09386900,-2.4521961212158203,-4.102238655090332,-0.304965615272522,-5.1279790682195765,-0.3486480608382318,0.3175690770149231,0.1952495276927948,7.06230354309082,1.992356777191162,-2.1472305059432983,1.6500425338745115,2.301318276263658,False,True,True,True,True
11,09430600,0.0465019345283508,0.0810110569000244,0.0799674391746521,-0.3522123448752714,-0.1161667243313109,2.2648653984069824,2.224764823913574,0.2016586661338806,0.6787737011909485,-0.0334655046463012,-0.0345091223716735,,False,False,True,False,False
11,09447800,-3.250746726989746,-29.830108642578125,-15.253013610839844,-2.490861824640347,-7.541610698343556,0.1727810800075531,0.3378551304340362,4.269360542297363,8.95744514465332,12.002266883850098,26.57936191558838,0.548436605740676,False,True,False,False,True
11,09484600,-5.772227764129639,-29.390531539916992,-26.105449676513672,-2.8611214215441736,-10.193141715659902,0.1902963072061538,0.380708783864975,4.316798686981201,11.274547576904297,20.333221912384037,23.618303775787357,0.1390905077091552,False,True,False,False,True
11,09492400,-0.8659169673919678,-1.209742784500122,0.1970608234405517,-0.0613465686527454,0.3734969831512574,1.098117113113403,0.7203503847122192,1.4350749254226685,0.6065599322319031,-1.0629777908325195,0.3438258171081543,4.091617144323249,False,True,True,True,True
11,09494000,-8.1322660446167,-10.815580368041992,0.0038076043128967,-2.174300514303764,0.1857206418871221,1.0066885948181152,0.3324891924858093,3.369706392288208,0.6313943266868591,-8.136073648929596,2.683314323425293,4.032098616961046,False,True,True,True,True
11,09497980,0.196523368358612,0.0624977350234985,0.4555014967918396,-1.0130207424416042,0.0594730045532497,0.7082922458648682,0.583074688911438,2.9768643379211426,1.8919230699539185,-0.2589781284332275,0.1340256333351135,2.932302963162925,False,True,True,True,True
11,09505350,0.253518283367157,-0.3064746856689453,0.3240651488304138,0.2712969624591548,0.5150171279855547,0.8812032341957092,0.8385306000709534,1.640662431716919,0.9388605952262878,-0.0705468654632568,0.5599929690361023,1.1259781271623586,False,True,True,True,True
11,09505800,-0.4988077878952026,-1.3151648044586182,0.4052634239196777,-0.920886014118433,0.5317812666930757,1.0158571004867554,0.6399145126342773,2.8316261768341064,1.234045386314392,-0.9040712118148804,0.8163570165634155,2.1074458765856043,False,True,True,True,True
11,09508300,0.2476550340652465,0.3184522986412048,0.2730947136878967,0.0586211605078276,0.0510635298235576,2.591050624847412,2.5468671321868896,0.5873143672943115,0.5275513529777527,-0.0254396796226501,-0.0707972645759582,,False,False,True,False,False
11,09510200,0.7056269645690918,0.4744731783866882,0.769341766834259,0.6087352833580947,0.7061524423530571,0.5814769864082336,0.514716386795044,1.2795122861862185,1.2571595907211304,-0.0637148022651672,0.2311537861824035,1.2756381511955417,True,True,True,True,True
11,09512280,-0.9275290966033936,-2.025909662246704,-0.8673238754272461,-2.321916125749312,-1.682709766581325,1.518945813179016,1.4950358867645264,4.206263065338135,3.544391632080078,-0.0602052211761474,1.0983805656433103,1.0548127152458182,False,True,True,True,True
11,10234500,-4.852144718170166,-5.891605377197266,-2.128848075866699,-1.1368497269696092,-0.3103354985991526,1.5819215774536133,1.1566970348358154,2.0715298652648926,1.4812887907028198,-2.723296642303467,1.0394606590270996,3.619913143083627,False,True,True,True,True
11,10244950,-0.3218382596969604,-2.211747407913208,-0.4735563993453979,0.1835623583053323,0.3343277975715979,0.5678107738494873,0.599511981010437,0.5100087523460388,0.9847975373268129,0.1517181396484375,1.889909148216248,0.9197219930959996,False,True,False,True,True
11,10336645,0.1205490827560424,0.1035895943641662,0.1315072178840637,0.3933895658473552,0.2525865355684678,3.5498147010803223,3.5276296138763428,1.4112223386764526,1.0767807960510254,-0.0109581351280212,0.0169594883918762,,False,False,True,False,True
11,10336660,-0.0864163637161254,-0.086672306060791,0.0649418830871582,0.4197832903701733,0.251445790221519,5.107917785644531,4.738763809204102,1.2170356512069702,0.9317971467971802,-0.1513582468032837,0.0002559423446655,,False,False,True,False,True
11,10343500,-1.8516020774841309,-1.864909648895264,-0.8421857357025146,-1.1048992946731624,-0.0915833946094295,2.3082046508789062,1.855224847793579,2.915236473083496,1.8734530210494995,-1.0094163417816162,0.0133075714111328,,False,False,True,False,True
11,11124500,-2.0216286182403564,-3.349613666534424,-0.385229229927063,-2.5573811968252302,-1.6732493575243272,2.288146734237671,1.5492595434188845,4.273868560791016,3.5652008056640625,-1.6363993883132937,1.3279850482940674,2.232242328643245,False,True,True,True,True
11,11141280,-2.0346267223358154,-4.951508522033691,-0.5761191844940186,-1.238546134537,-0.4315627541127165,1.5139539241790771,1.091074824333191,2.85219955444336,2.248043298721313,-1.4585075378417969,2.916881799697876,1.5000228456267464,False,True,True,True,True
11,11143000,0.550624668598175,0.5496084690093994,0.7279191613197327,0.4901583104811315,0.7507253125675164,2.335348606109619,1.817172288894653,1.4739367961883545,0.8773653507232666,-0.1772944927215576,0.0010161995887756,,True,False,True,False,True
11,11148900,0.6665091514587402,0.5168623328208923,0.5248405933380127,0.2761423963185099,0.3572503508970589,1.794780135154724,2.142342567443848,1.6867475509643557,0.7259083986282349,0.1416685581207275,0.1496468186378479,0.0533139333648523,True,True,False,False,True
11,11176400,0.3563668727874756,0.0443794727325439,0.3522855043411255,0.1879362320477268,0.1677100884016967,0.5507703423500061,0.5525137782096863,1.5093400478363037,1.574741244316101,0.00408136844635,0.3119874000549316,0.9869181625744132,False,True,True,True,True
11,11237500,0.2578721046447754,0.2558771967887878,0.2897185087203979,0.414330578864435,0.4805145583004703,3.36903977394104,3.295960664749145,1.384365439414978,1.052947759628296,-0.0318464040756225,0.0019949078559875,,False,False,True,False,True
11,11264500,0.7451615333557129,0.7338837385177612,0.7906121611595154,0.5759040104222479,0.8839995806314657,1.5850311517715454,1.4367493391036987,1.3388644456863403,0.994609832763672,-0.0454506278038024,0.0112777948379516,,True,False,True,False,True
11,11266500,0.6530143022537231,0.6394093036651611,0.6704274415969849,0.5828325820719198,0.7200328621314454,1.8120094537734983,1.7659573554992676,1.3401085138320925,0.8423536419868469,-0.0174131393432617,0.013604998588562,,True,False,True,False,True
11,11284400,-0.5954362154006958,-0.8812556266784668,-0.2988368272781372,-2.632421275317432,-1.9104519844811327,2.247450828552246,2.0278122425079346,4.581426620483398,3.879281997680664,-0.2965993881225586,0.285819411277771,2.0377160417362665,False,True,True,True,True
11,11381500,0.3634746670722961,0.3148451447486877,0.5856015682220459,0.4897728544312187,0.7641614607926298,1.9223827123641968,1.5511045455932615,1.1398836374282837,0.8696174025535583,-0.2221269011497497,0.0486295223236084,,False,False,True,False,True
11,11451100,0.4988691210746765,0.4901686310768127,0.4735748767852783,0.1781184227703794,0.4820242029522054,2.997786045074463,3.072510242462158,1.7948554754257202,1.285827875137329,0.0252942442893981,0.0087004899978637,,False,False,True,False,False
11,11468500,0.781330943107605,0.7382843494415283,0.8081512451171875,0.750877895143015,0.724092099291046,1.9735724925994875,1.8485828638076784,1.176044225692749,1.2223354578018188,-0.0268203020095825,0.0430465936660766,,True,False,True,False,True
11,11473900,0.3187581300735473,0.3000723719596863,0.6032751202583313,0.156960107347205,0.5957386616215945,3.0842061042785645,2.353626012802124,1.7718605995178225,0.7769333124160767,-0.2845169901847839,0.018685758113861,,False,False,True,False,True
11,11476600,0.7106952667236328,0.7207704782485962,0.7298683524131775,0.6413067919738507,0.7304555533320884,3.889047861099243,3.757969617843628,0.8127560019493103,0.9308396577835084,-0.0191730856895446,-0.0100752115249633,,True,False,True,False,True
11,11478500,0.5380080938339233,0.6616256833076477,0.6346630454063416,0.3838353695183868,0.488878933308246,4.612895488739014,4.102071285247803,0.7093567848205566,0.76628577709198,-0.0966549515724182,-0.1236175894737243,,True,False,True,False,False
11,11480390,0.5999903678894043,0.6269863247871399,0.5943213701248169,0.6504836211801666,0.6328076149199062,3.2567148208618164,3.2797107696533203,0.9588667154312134,1.1787317991256714,0.0056689977645874,-0.0269959568977355,,True,False,True,False,False
11,11481200,0.5365313291549683,0.6431688070297241,0.6968185901641846,0.4480702223553247,0.6326501830966726,3.762853860855103,3.043395757675171,0.7261669635772705,1.1131466627120972,-0.1602872610092163,-0.1066374778747558,,True,False,True,False,True
11,11482500,0.5626032948493958,0.6266285181045532,0.750072181224823,0.5419473816910881,0.6744358180952341,3.471359968185425,2.6240322589874268,0.8504417538642883,1.074486494064331,-0.1874688863754272,-0.0640252232551574,,True,False,True,False,True
11,11523200,0.5450129508972168,0.5594724416732788,0.2227608561515808,0.650421896346154,0.3176741542576521,2.4695885181427,3.227768659591675,0.8367976546287537,0.6505013108253479,0.322252094745636,-0.014459490776062,,True,False,False,False,False
11,11528700,0.7291160225868225,0.4002572894096374,0.5316647887229919,0.809653516724996,0.486318964134188,1.35104501247406,1.776464581489563,0.9138739705085754,1.4219399690628052,0.1974512338638305,0.328858733177185,0.3995864669421862,True,True,False,False,True
11,11532500,0.7755517363548279,0.7895481586456299,0.8292127847671509,0.632179778618619,0.7235406577363723,4.029983997344971,3.5153846740722656,0.8383023142814636,0.9197767972946168,-0.053661048412323,-0.013996422290802,,True,False,True,False,True
11,12010000,0.7983886003494263,0.8028841018676758,0.8080207109451294,0.6620942260707067,0.6761170918352781,4.687991142272949,4.574634552001953,1.002180576324463,1.0212243795394895,-0.0096321105957031,-0.0044955015182495,,True,False,True,False,True
11,12013500,0.855472207069397,0.8191080689430237,0.8687957525253296,0.7293157797101282,0.764106048043712,2.731018304824829,2.602093458175659,1.2480056285858154,1.2226603031158447,-0.0133235454559326,0.0363641381263732,,True,False,True,False,True
11,12020000,0.4786794781684875,0.4731111526489258,0.4875673651695251,0.4021292873150703,0.3765249938221158,8.354655265808105,8.283129692077637,1.2494570016860962,1.375674605369568,-0.0088878870010375,0.0055683255195617,,False,False,True,False,True
11,12025700,0.7363628149032593,0.7405586242675781,0.7342828512191772,0.5442297364003073,0.558635424549859,3.5237059593200684,3.537578582763672,0.7615520358085632,0.8435862064361572,0.002079963684082,-0.0041958093643188,,True,False,True,False,False
11,12040500,0.6963308453559875,0.746332049369812,0.7154900431632996,0.4876810500936633,0.5173234270050365,7.078027725219727,6.851105213165283,0.6442098021507263,0.7023726105690002,-0.019159197807312,-0.0500012040138244,,True,False,True,False,False
11,12041200,0.5129808783531189,0.6432023644447327,0.5730462074279785,0.3709058047401068,0.4406855562360831,7.489185333251953,7.012163162231445,0.5033453106880188,0.5762531161308289,-0.0600653290748596,-0.1302214860916137,,True,False,True,False,False
11,12048000,-0.2570921182632446,-0.3940056562423706,-0.2952423095703125,0.2921074841375177,0.1639564727567911,2.2138850688934326,2.247227668762207,1.525463581085205,1.4812222719192505,0.0381501913070678,0.1369135379791259,0.7213555951429412,False,True,True,False,True
11,12054000,0.6158545017242432,0.6417694687843323,0.7270389795303345,0.5037102923505006,0.5856531638105194,4.361298561096191,3.676361560821533,0.7268463373184204,0.7477796077728271,-0.1111844778060913,-0.0259149670600891,,True,False,True,False,True
11,12056500,0.5071192383766174,0.5510992407798767,0.5354223251342773,0.3316853696708098,0.3445385245701974,7.854009628295898,7.625172138214111,0.5932388305664062,0.5597435832023621,-0.0283030867576599,-0.0439800024032592,,True,False,True,False,False
11,12073500,-2.434057712554932,-2.4611058235168457,-1.7089200019836426,-0.9436523848953488,-0.7315309015070743,3.7198548316955566,3.303849697113037,2.566631317138672,2.42554235458374,-0.7251377105712891,0.027048110961914,,False,False,True,False,True
11,12082500,0.6780049800872803,0.6821020841598511,0.714269757270813,0.700186743372347,0.7272675872270122,2.7341837882995605,2.5756165981292725,0.9877092838287354,0.9419819712638856,-0.0362647771835327,-0.0040971040725708,,True,False,True,False,True
11,12114500,0.4582680463790893,0.4725098013877868,0.4949763417243957,0.7067169956046555,0.7233832329307943,4.607555866241455,4.448711395263672,0.9009239077568054,0.913587212562561,-0.0367082953453063,-0.0142417550086975,,False,False,True,False,True
11,12115000,0.6064870357513428,0.5935897827148438,0.5947110652923584,0.7623013160685277,0.7455634572276322,4.026958465576172,4.086768627166748,1.0012216567993164,0.9467385411262512,0.0117759704589843,0.012897253036499,,True,False,True,False,True
11,12117000,0.6843324899673462,0.5931472182273865,0.7540434002876282,0.7230414717869347,0.8207989669328615,2.420008897781372,2.136147737503052,1.1216022968292236,1.0738900899887085,-0.0697109103202819,0.0911852717399597,1.764497478486242,True,True,True,True,True
11,12143600,0.6405057311058044,0.6392325162887573,0.6267333030700684,0.5743604477074171,0.58568101386846,4.646420478820801,4.7345871925354,1.0641255378723145,0.9118287563323976,0.013772428035736,0.0012732148170471,,True,False,True,False,False
11,12144000,0.72193443775177,0.7202860713005066,0.6328250169754028,0.6907899231285815,0.6596649060395015,3.334007501602173,3.831153154373169,1.0286033153533936,0.8697881102561951,0.0891094207763671,0.0016483664512634,,True,False,True,False,False
11,12145500,0.7815653681755066,0.7352715730667114,0.8609864711761475,0.6256029908361893,0.7360211104717815,2.579282760620117,2.0576274394989014,1.3181906938552856,1.2403358221054075,-0.0794211030006408,0.0462937951087951,,True,False,True,False,True
11,12147500,0.714743971824646,0.7541236281394958,0.745109498500824,0.7457219328732901,0.7283314945590746,4.6776204109191895,4.421649932861328,0.840079665184021,0.8152954578399658,-0.0303655266761779,-0.0393796563148498,,True,False,True,False,False
11,12167000,0.6942096948623657,0.6984492540359497,0.7419500350952148,0.6148062682427993,0.6591987839299374,4.42259693145752,4.062725067138672,0.9317083358764648,0.8827624917030334,-0.0477403402328491,-0.0042395591735839,,True,False,True,False,True
11,12175500,-0.3817857503890991,-0.1242759227752685,-0.3675218820571899,0.178216321283234,0.1190013551899754,6.072779178619385,6.041353702545166,0.5958454608917236,0.6393813490867615,-0.0142638683319091,-0.2575098276138305,,False,False,True,False,False
11,12178100,0.264376699924469,0.521019697189331,0.3523104190826416,0.3524282762259206,0.5119861182233116,5.337878227233887,5.008692741394043,0.6174464821815491,0.7619923949241638,-0.0879337191581726,-0.256642997264862,,False,False,True,False,False
11,12186000,0.3876968026161194,0.450049340724945,0.3984176516532898,0.3760259806381556,0.3809761543490021,6.1972737312316895,6.14277982711792,0.7371591925621033,0.746178150177002,-0.0107208490371704,-0.0623525381088256,,False,False,True,False,False
11,12189500,0.2903504967689514,0.4837527275085449,0.447068452835083,0.5230476785653829,0.595442814144568,4.265658378601074,3.765302181243897,0.7220644354820251,0.7323746085166931,-0.1567179560661316,-0.1934022307395935,,False,False,True,False,False
11,12375900,0.4157004356384277,0.4689154028892517,0.4269058108329773,0.390481023745189,0.5205486719372177,2.4531896114349365,2.429552793502808,0.6417543888092041,0.6914706826210022,-0.0112053751945495,-0.0532149672508239,,False,False,True,False,False
11,12377150,0.3857197165489197,0.5352532863616943,0.2753214836120605,0.3188287196148248,0.2771158608357116,3.822900056838989,4.152238845825195,0.6070127487182617,0.5355373024940491,0.1103982329368591,-0.1495335698127746,,False,False,False,False,False
11,12381400,0.2881360650062561,0.3136841058731079,0.4865508079528808,0.3366609462543145,0.5603166039557262,1.2205218076705933,1.036563277244568,1.00678551197052,0.9507791996002196,-0.1984147429466247,-0.0255480408668518,,False,False,True,False,True
11,12390700,0.3627020120620727,0.410929262638092,0.4835905432701111,0.3440612592000077,0.3921850002167445,1.0488697290420532,0.9441639184951782,0.6625776886940002,1.4411137104034424,-0.1208885312080383,-0.0482272505760192,,False,False,True,False,True
11,12447390,0.5822515487670898,0.5053754448890686,0.3476147651672363,0.514398382792133,0.5963140738879262,1.536637306213379,1.920286536216736,0.8494382500648499,1.257712721824646,0.2346367835998535,0.0768761038780212,-2.0521419760313298,True,True,False,False,False
11,12451000,0.4501885771751404,0.4707069396972656,0.3726463317871094,0.5567424205370832,0.3799220777124277,3.3402225971221924,3.567999124526977,0.8028393983840942,0.7032274603843689,0.077542245388031,-0.0205183625221252,,False,False,True,False,False
11,12488500,0.0944918990135192,0.065118670463562,-0.0415680408477783,0.4407643253491344,0.3465785054942609,2.7977757453918457,3.000617027282715,1.180456519126892,1.0846433639526367,0.1360599398612976,0.0293732285499572,,False,False,False,False,False
11,13011500,0.775296688079834,0.7629002332687378,0.6505575776100159,0.6617099895470698,0.5790976587268586,1.17721688747406,1.468045711517334,1.2781569957733154,0.789352297782898,0.1247391104698181,0.0123964548110961,,True,False,False,False,False
11,13011900,0.8582668304443359,0.8415743708610535,0.7384779453277588,0.843345792817169,0.5323884750235756,0.7505589127540588,1.019537329673767,1.13854718208313,0.6541258096694946,0.1197888851165771,0.0166924595832824,,True,False,False,False,False
11,13018300,-0.2107133865356445,-0.422170877456665,-1.412750244140625,0.4546279112887846,0.1245424254589055,1.1722394227981567,1.6548240184783936,0.8958706259727478,1.0264396667480469,1.2020368576049805,0.2114574909210205,-4.684531923505808,False,True,False,False,False
11,13023000,-0.3819460868835449,-0.4974803924560547,0.4098662734031677,0.0902343159183266,0.5973493498031864,1.430479884147644,0.9347842931747437,1.2922093868255615,0.7778366208076477,-0.7918123602867126,0.1155343055725097,7.85348266355198,False,True,True,True,True
11,13161500,0.1677716970443725,-1.6058037281036377,-0.3024501800537109,0.3839439369442806,-0.1807923132697078,0.3580650091171264,0.4479413628578186,1.495065689086914,1.9869401454925537,0.4702218770980835,1.7735754251480105,0.7348734818769593,False,True,False,False,True
11,13235000,0.3015156984329223,0.2567853927612304,0.5810160636901855,0.3511506658255026,0.6660248673067202,1.4578051567077637,1.129067301750183,1.1565245389938354,0.9686917662620544,-0.2795003652572632,0.0447303056716918,,False,False,True,False,True
11,13240000,0.5869054794311523,0.5866070985794067,0.3544754981994629,0.5365695227670464,0.3934400077795018,2.8496317863464355,3.5622169971466064,0.9833542704582214,0.9601075053215028,0.2324299812316894,0.0002983808517456,,True,False,False,False,False
11,13313000,-1.2272348403930664,-1.272777795791626,-0.970535159111023,-0.2746790849881224,0.1485960365457679,3.4026939868927,3.200604200363159,1.928359866142273,1.3881592750549316,-0.2566996812820434,0.0455429553985595,,False,False,True,False,True
11,13331500,-0.459017276763916,-0.3747785091400146,0.3759409189224243,0.1864754156356004,0.334664053888027,2.7869229316711426,1.8226680755615237,1.29184889793396,0.6367923617362976,-0.8349581956863403,-0.0842387676239013,,False,False,True,False,True
11,14020000,-0.0522817373275756,-0.0598014593124389,0.4848171472549438,0.4529322193308756,0.6656252564457711,1.9788718223571775,1.3846255540847778,1.3192346096038818,0.8994649052619934,-0.5370988845825195,0.0075197219848632,,False,False,True,False,True
11,14096850,-39.16147232055664,-40.60132598876953,-6.138244152069092,-4.969849305421457,-1.3599428006404324,3.0539591312408447,1.287520408630371,4.448967456817627,2.509916067123413,-33.02322816848755,1.4398536682128906,23.935127990801405,False,True,True,True,True
11,14137000,0.6852220296859741,0.5685395002365112,0.5887302160263062,0.7968183754806757,0.6901057077032209,2.2959237098693848,2.62433123588562,1.0515812635421753,1.0940899848937988,0.0964918136596679,0.1166825294494628,0.1730397505527153,True,True,True,False,True
11,14138800,0.7696971893310547,0.7580951452255249,0.7236319780349731,0.7397181788993963,0.7177226453936802,4.352078914642334,4.767504215240479,1.0131756067276,1.0158036947250366,0.0460652112960815,0.0116020441055297,,True,False,True,False,False
11,14138900,0.777545690536499,0.808085560798645,0.7948376536369324,0.7178231867031382,0.7520867030978837,4.781503200531006,4.591904640197754,0.7961546182632446,0.839548647403717,-0.0172919631004333,-0.0305398702621459,,True,False,True,False,False
11,14139800,0.8379602432250977,0.822758674621582,0.8204272389411926,0.8746182742441824,0.841642848435173,3.3898932933807373,3.5685808658599854,0.9601584076881408,0.9860832691192628,0.017533004283905,0.0152015686035156,,True,False,True,False,False
11,14141500,0.7658942937850952,0.7136552333831787,0.7687943577766418,0.8466784481766605,0.830924275109485,3.1184329986572266,3.099057912826538,1.0544835329055786,1.1082526445388794,-0.0029000639915466,0.0522390604019165,1.0555152403055137,True,True,True,True,True
11,14154500,0.2645487189292907,0.1495100855827331,0.6257979869842529,0.4909848864277003,0.3946440508546879,2.9928739070892334,2.134835958480835,1.2386850118637085,1.5897507667541504,-0.3612492680549621,0.1150386333465576,4.140243043106111,False,True,True,True,True
11,14158790,0.6459176540374756,0.6008333563804626,0.6981456279754639,0.7035969386421443,0.7644406407845123,3.767835855484009,3.478872776031494,0.8698181509971619,0.9244090914726256,-0.0522279739379882,0.0450842976570129,,True,False,True,False,True
11,14166500,0.6049861907958984,0.2529469728469848,0.425891101360321,0.5031218399430983,0.1510477335079393,2.241941213607788,2.702807903289795,1.4141031503677368,1.8075072765350344,0.1790950894355774,0.3520392179489136,0.4912638129381173,True,True,False,False,True
11,14182500,0.7281367778778076,0.7482930421829224,0.7595905065536499,0.6429129884882936,0.7077329097957263,3.8646724224090576,3.6342368125915527,0.7760814428329468,0.8709508180618286,-0.0314537286758422,-0.0201562643051147,,True,False,True,False,True
11,14185000,0.8211356401443481,0.7358706593513489,0.8274269104003906,0.8481387762101146,0.8564848193442431,2.201237916946411,2.1621789932250977,0.9119946360588074,1.1138414144515991,-0.0062912702560424,0.0852649807929992,1.073784925505537,True,True,True,True,True
11,14185900,0.7703247666358948,0.7746081352233887,0.7900643348693848,0.6414999105275071,0.7032480124587173,3.811584949493408,3.644111394882202,0.7671806216239929,0.8614104986190796,-0.0197395682334899,-0.0042833685874938,,True,False,True,False,True
11,14187000,0.7941530346870422,0.6807788014411926,0.7058770656585693,0.818772256040808,0.611890967704178,2.054147243499756,2.4554085731506348,1.1029610633850098,1.3655571937561035,0.0882759690284729,0.1133742332458496,0.2213753822083335,True,True,True,False,True
11,14216500,0.5318824648857117,0.4887926578521728,0.5384006500244141,0.7522027197469767,0.7472054348942858,3.715954065322876,3.689992427825928,1.0408587455749512,0.93081796169281,-0.0065181851387023,0.0430898070335388,,True,False,True,False,True
11,14222500,0.8026524782180786,0.6992192268371582,0.721942663192749,0.7371091529156375,0.6560834342080057,2.67712664604187,3.1777544021606445,1.1810511350631714,1.2666189670562744,0.0807098150253295,0.1034332513809204,0.2196917920708664,True,True,True,False,True
11,14236200,0.7842437624931335,0.7905561923980713,0.8301070928573608,0.6612881913729769,0.7299615308177478,3.143063545227051,2.7890682220458984,0.8521358370780945,0.8998715877532959,-0.0458633303642272,-0.0063124299049377,,True,False,True,False,True
11,14301000,0.8643569946289062,0.7525666356086731,0.8016985058784485,0.8721620448093366,0.5622828304745413,1.8644859790802,2.2543604373931885,1.0746159553527832,1.4272767305374146,0.0626584887504577,0.1117903590202331,0.4395000669143832,True,True,True,False,True
11,14303200,0.75547194480896,0.7344853281974792,0.8329483866691589,0.8453717382611241,0.8706165321294707,3.177695274353028,2.6264750957489014,1.0221810340881348,1.0992778539657593,-0.0774764418601989,0.0209866166114807,,True,False,True,False,True
11,14305500,0.8697729110717773,0.8571365475654602,0.8864362239837646,0.8285616098915892,0.8516721721526013,3.222323179244995,3.0091114044189453,0.8976297378540039,0.987244725227356,-0.0166633129119873,0.0126363635063171,,True,False,True,False,True
11,14306340,0.6455014944076538,0.523730993270874,0.6494600772857666,0.6017682702728884,0.5161519585240044,3.7270448207855225,3.706176996231079,1.3431155681610107,1.4536218643188477,-0.0039585828781127,0.1217705011367797,1.032508553723256,True,True,True,True,True
11,14306500,0.6738388538360596,0.037239134311676,0.5504014492034912,0.7003648946338922,0.3975586398200325,2.924089193344116,3.4331037998199463,1.0280848741531372,1.489763259887695,0.1234374046325683,0.6365997195243835,0.8060988705354898,True,True,False,True,True
11,14308990,0.4551123380661011,-0.6130870580673218,-1.2131664752960205,0.2894203673706043,-0.7852741989145104,1.269578456878662,2.5586631298065186,1.6437839269638062,2.5729992389678955,1.6682788133621216,1.0681993961334229,-0.5617672312873562,False,True,False,False,False
11,14309500,0.8017605543136597,0.6033361554145813,0.664237380027771,0.7965021438354349,0.4940481630131784,2.013510227203369,2.620444774627685,0.9835281372070312,1.4866288900375366,0.1375231742858886,0.1984243988990783,0.3069240725993832,True,True,False,False,True
11,14316700,0.4733296632766723,0.4152045845985412,0.6537096500396729,0.5493459863025285,0.5620441724744746,2.899034261703491,2.350737333297729,1.18641459941864,1.3429327011108398,-0.1803799867630005,0.0581250786781311,4.103307399579768,False,True,True,True,True
11,14325000,0.8044813871383667,0.7503136396408081,0.7849828004837036,0.8103414930885005,0.7860416956842113,3.0041778087615967,3.1504178047180176,0.8955119848251343,1.1553292274475098,0.019498586654663,0.0541677474975585,0.6400332752337189,True,True,True,False,True
11,14362250,-6.910100936889648,-13.192737579345703,-12.440658569335938,-3.4289621975902342,-5.631814960314102,2.0543432235717773,2.677887201309204,4.908276557922363,7.141284465789795,5.530557632446289,6.282636642456055,0.1197075452251138,False,True,False,False,True
11,14400000,0.6099807024002075,0.6478021144866943,0.6550736427307129,0.3443205683783654,0.3936354032186958,7.658045768737793,7.201751232147217,0.5796443223953247,0.6350331902503967,-0.0450929403305053,-0.0378214120864868,,True,False,True,False,True
29,01022500,0.7284671068191528,0.4419029355049133,0.5688120126724243,0.7617663362895797,0.6098585189741641,1.4375542402267456,1.8115333318710327,1.1269968748092651,1.2516882419586182,0.1596550941467285,0.2865641713142395,0.4428644257426916,True,True,False,False,True
29,01031500,0.7361147403717041,0.5079977512359619,0.6317281723022461,0.6914837123069935,0.5807040902989143,1.7608921527862549,2.0802206993103027,1.136379599571228,1.2525827884674072,0.104386568069458,0.2281169891357422,0.542398974907817,True,True,False,False,True
29,01047000,0.6214598417282104,0.4912563562393188,0.4396008253097534,0.5476757188735424,0.5226470733893913,2.1018104553222656,2.5573272705078125,1.0058554410934448,1.164536714553833,0.181859016418457,0.1302034854888916,-0.396729248342376,True,True,False,False,False
29,01052500,0.6568421125411987,0.494941234588623,0.5327730178833008,0.6617421262501109,0.5436975121923009,2.2108402252197266,2.579730272293091,0.8720977902412415,1.2039016485214231,0.1240690946578979,0.1619008779525756,0.2336725024169386,True,True,False,False,True
29,01054200,0.4837002158164978,0.41315758228302,0.5242429971694946,0.3999269898946495,0.4618496511334476,3.511644124984741,3.370948314666748,0.9011638760566713,1.017369270324707,-0.0405427813529968,0.0705426335334777,1.5747273573753982,False,True,True,True,True
29,01055000,0.5678571462631226,0.4537168145179748,0.5734972357749939,0.5324399090841265,0.5695880011973259,2.5531973838806152,2.5364813804626465,1.0372363328933716,1.0766068696975708,-0.0056400895118713,0.1141403317451477,1.0494136421862217,True,True,True,True,True
29,01057000,0.6741880178451538,0.3457210063934326,0.3567408919334411,0.6220023814462032,0.3670948920950486,1.7368922233581543,2.4405198097229004,1.2467046976089478,1.498905062675476,0.3174471259117126,0.3284670114517212,0.0335494437974276,True,True,False,False,True
29,01073000,0.6293718218803406,0.3082190155982971,0.6878877878189087,0.5324968475780669,0.580695862933168,2.146405935287476,1.969690561294556,1.437850832939148,1.3649877309799194,-0.0585159659385681,0.3211528062820434,1.182205992891677,True,True,True,True,True
29,01078000,0.4872499108314514,-0.024988055229187,0.1377078890800476,0.5885983396640069,0.2357749273690034,1.905197262763977,2.4706673622131348,1.2779242992401123,1.6329553127288818,0.3495420217514038,0.5122379660606384,0.3176178945899819,False,True,False,False,True
29,01123000,0.7249025106430054,0.0291998982429504,0.6183814406394958,0.6951144207954916,0.5102462115066653,1.3752481937408447,1.6197669506072998,1.277413249015808,1.4672805070877075,0.1065210700035095,0.6957026124000549,0.846887063373199,True,True,False,True,True
29,01134500,0.6310833692550659,0.3063909411430359,0.4292885661125183,0.7075011177462014,0.5501737836121701,1.7757408618927002,2.2086341381073,1.0541545152664185,1.3301172256469729,0.2017948031425476,0.32469242811203,0.3785047458115608,True,True,False,False,True
29,01137500,0.6246893405914307,0.3911588788032532,0.4333821535110473,0.5921304259667219,0.5515440359576027,1.9973880052566528,2.454212188720703,0.9825724363327026,1.1252142190933228,0.1913071870803833,0.2335304617881775,0.1808041417144654,True,True,False,False,True
29,01139000,0.3210777044296264,-0.3178660869598388,0.2878928184509277,0.4551434953361124,0.5272745016490907,1.526484727859497,1.563346028327942,1.4916712045669556,1.3733673095703125,0.0331848859786987,0.6389437913894653,0.948062902518336,False,True,True,True,True
29,01139800,-0.6252241134643555,-1.564218282699585,0.0549667477607727,0.2838178205133421,0.5553792446835982,2.3789563179016118,1.8140671253204343,1.3495172262191772,1.1330485343933103,-0.6801908612251282,0.9389941692352296,1.724382412064512,False,True,True,True,True
29,01142500,0.3534296154975891,-0.5609931945800781,0.4023513793945312,0.6159802097338392,0.7063273473580691,1.7823444604873655,1.7135891914367676,1.2567241191864014,1.0745530128479004,-0.0489217638969421,0.9144228100776672,1.0535001569927889,False,True,True,True,True
29,01144000,0.7117938995361328,0.1517778635025024,0.6156474947929382,0.7017006697789625,0.7228168274514088,1.2686545848846436,1.465064287185669,1.1817889213562012,1.0341150760650637,0.0961464047431945,0.5600160360336304,0.8283149078655656,True,True,True,True,True
29,01162500,0.4312211871147156,-0.1296172142028808,0.237779438495636,0.6211331369596538,0.327307436859248,1.8461713790893557,2.1371777057647705,1.2738144397735596,1.5862220525741575,0.1934417486190796,0.5608384013175964,0.6550846943350875,False,True,False,False,True
29,01169000,0.6860475540161133,0.4410441517829895,0.5890580415725708,0.7193649828533976,0.6775596490482407,2.037463426589966,2.331031322479248,1.0236345529556274,1.071776032447815,0.0969895124435424,0.2450034022331237,0.6041299363212281,True,True,True,False,True
29,01170100,0.5638347864151001,0.2287766337394714,0.3745160102844238,0.6166018087584131,0.5631187743520372,1.979483723640442,2.3704705238342285,1.3314034938812256,1.3341962099075315,0.1893187761306762,0.3350581526756286,0.4349674090337487,True,True,False,False,True
29,01181000,0.7059699296951294,0.4370178580284118,0.6386171579360962,0.6923276617820378,0.6460954742422197,2.0709402561187744,2.295912981033325,1.12678062915802,1.1631489992141724,0.0673527717590332,0.2689520716667175,0.7495733297697145,True,True,True,False,True
29,01187300,0.6848266124725342,0.3027652502059936,0.5741569995880127,0.6697229533829328,0.5636837962049979,2.16850209236145,2.520634174346924,1.2489725351333618,1.280043363571167,0.1106696128845214,0.3820613622665405,0.710335501533091,True,True,False,False,True
29,01195100,0.64827561378479,0.0393596291542053,0.5007662177085876,0.6624535285684827,0.4238786043292415,1.6547300815582275,1.9714142084121704,1.2645422220230105,1.5354362726211548,0.1475093960762024,0.6089159846305847,0.7577508231029721,True,True,False,False,True
29,01333000,0.4702922701835632,0.1203177571296691,0.3234363198280334,0.6267897827263538,0.5908202189986393,2.0280606746673584,2.29201340675354,1.294731616973877,1.269989252090454,0.1468559503555297,0.349974513053894,0.5803810138228128,False,True,False,False,True
29,01350000,0.6792243123054504,0.2489863634109497,0.6406632661819458,0.7862683465856238,0.7017440100485369,2.270256519317627,2.402841091156006,1.0391864776611328,0.9673896431922911,0.0385610461235046,0.4302379488945007,0.910372745540956,True,True,True,True,True
29,01350080,0.4896812438964844,-0.9689160585403442,0.3775742053985595,0.6865911146487864,0.6265985690441184,1.862871766090393,2.057339668273926,1.1890437602996826,1.2376548051834106,0.1121070384979248,1.4585973024368286,0.9231405143073887,False,True,False,True,True
29,01350140,0.5667681694030762,-0.2258791923522949,0.4571368098258972,0.7113311912300315,0.5965009514343326,2.113885402679444,2.366281747817993,1.1179319620132446,1.1770728826522827,0.1096313595771789,0.7926473617553711,0.8616896177710187,True,True,False,True,True
29,01365000,0.6203020811080933,0.189587116241455,0.5405377149581909,0.793401977725052,0.726209847512759,2.4328415393829346,2.676206588745117,0.919286847114563,0.8661966323852539,0.0797643661499023,0.4307149648666382,0.8148093921589196,True,True,True,True,True
29,01411300,-7.275867462158203,-10.979479789733888,-3.1598219871521,-1.3242342365261108,-0.6044023341119305,2.9967949390411377,2.1246511936187744,2.088090181350708,1.892003417015076,-4.116045475006104,3.703612327575684,2.11135969722306,False,True,True,True,True
29,01413500,0.525906503200531,-0.6599839925765991,0.4760381579399109,0.7211513054013117,0.7361031501205343,1.957435965538025,2.057810544967652,1.138439416885376,1.077869176864624,0.0498683452606201,1.18589049577713,0.957948608713707,True,True,True,True,True
29,01414500,0.5130043625831604,-0.3754434585571289,0.4437131881713867,0.7324230249771231,0.7274473453364139,2.240974903106689,2.3951010704040527,1.1214739084243774,1.0590814352035522,0.0692911744117736,0.8884478211402893,0.9220087294233656,True,True,True,True,True
29,01415000,0.5260168313980103,-0.6364126205444336,0.4694240093231201,0.7127754396812649,0.6998217658089727,1.875028133392334,1.983810305595398,1.1735676527023315,1.140536546707153,0.0565928220748901,1.1624294519424438,0.9513150479968292,True,True,True,True,True
29,01423000,0.556106448173523,-0.5924279689788818,0.5837589502334595,0.7802470761325785,0.6697670814430191,1.8671722412109373,1.8080791234970093,0.993726372718811,0.9403438568115234,-0.0276525020599365,1.1485344171524048,1.0240763373277888,True,True,True,True,True
29,01435000,0.6333789825439453,0.3333871960639953,0.571442723274231,0.7669756925407832,0.6916289719341805,2.71685528755188,2.937394380569458,0.9085741639137268,0.859383761882782,0.0619362592697143,0.2999917864799499,0.7935401498938909,True,True,True,False,True
29,01439500,0.4187357425689697,-0.656275749206543,0.5582348108291626,0.5603839720812802,0.6745205343041554,1.94935941696167,1.69942045211792,0.673870325088501,0.8541473150253296,-0.1394990682601928,1.0750114917755127,1.129765187932822,False,True,True,True,True
29,01440000,0.6354035139083862,-0.3550599813461303,0.5524123907089233,0.7623275635481559,0.7643206991708502,1.5602989196777344,1.728783369064331,1.1096699237823486,1.0803959369659424,0.0829911231994628,0.9904634952545166,0.91620981126807,True,True,True,True,True
29,01440400,0.552923858165741,0.0746105909347534,0.6217020750045776,0.5352886126106776,0.5899543890389889,2.213726758956909,2.03633975982666,0.6844257116317749,0.8434529304504395,-0.0687782168388366,0.4783132672309875,1.143793245035836,True,True,True,True,True
29,01451800,0.4506080150604248,0.1764976382255554,0.5658541917800903,0.4989303980163524,0.5820487400217302,2.1393632888793945,1.9017839431762693,0.6270612478256226,0.8067836761474609,-0.1152461767196655,0.2741103768348694,1.4204371175232544,False,True,True,True,True
29,01466500,-49.57892227172852,-66.40042877197266,-31.69140625,-4.799269803557942,-3.194873948218416,3.4190402030944824,2.748756170272827,3.523107051849365,3.6349339485168457,-17.887516021728516,16.82150650024414,2.063371822343552,False,True,True,True,True
29,01484100,-1.1240837574005127,-2.632199048995972,-0.2767601013183594,-0.146101041050441,0.2085282710363212,2.199366569519043,1.7051652669906616,1.7819234132766724,1.623265266418457,-0.8473236560821533,1.508115291595459,1.5618427588422343,False,True,True,True,True
29,01487000,-2.322333335876465,-5.029568195343018,-0.7575043439865112,-0.367170698814022,0.1141019344042338,2.3618569374084477,1.717829942703247,1.604037165641785,1.3404242992401123,-1.5648289918899536,2.7072348594665527,1.5780174506907374,False,True,True,True,True
29,01491000,-0.2217966318130493,-1.241071701049805,0.395426332950592,0.1989051287000123,0.5585247891499208,2.4190022945404053,1.701615333557129,1.6472291946411133,1.3298012018203735,-0.6172229647636414,1.0192750692367554,1.6055509286868213,False,True,True,True,True
29,01510000,0.4320323467254638,0.0503208041191101,0.5436084270477295,0.3752571895184639,0.4942658005803017,2.1415696144104004,1.919725775718689,0.5268276929855347,0.8318164348602295,-0.1115760803222656,0.3817115426063537,1.2923047062198227,False,True,True,True,True
29,01516500,0.3535093069076538,-1.010913372039795,0.4628149271011352,0.4350575489146366,0.3864895340096158,1.8421924114227293,1.679251790046692,0.7671205401420593,1.4379379749298096,-0.1093056201934814,1.3644226789474487,1.080111260154223,False,True,True,True,True
29,01518862,0.3408611416816711,-0.5532799959182739,0.4773420691490173,0.2909375617692989,0.4716608533379931,1.895709753036499,1.6880766153335571,0.5877285599708557,1.0714163780212402,-0.1364809274673462,0.8941411375999451,1.152639132378685,False,True,True,True,True
29,01532000,0.4104042053222656,-0.4208341836929321,0.5632903575897217,0.3313621547720157,0.508471586120633,1.9104663133621216,1.6442149877548218,0.5895612835884094,0.9827582240104676,-0.152886152267456,0.8312383890151978,1.183925759791468,False,True,True,True,True
29,01539000,0.3436920642852783,-0.0359390974044799,0.53536456823349,0.1976801773885029,0.4262487303488922,2.417075157165528,2.033726215362549,0.4293788075447082,0.7507221698760986,-0.1916725039482116,0.3796311616897583,1.5048913874589938,False,True,True,True,True
29,01542810,0.3619067668914795,0.0779787898063659,0.4643764495849609,0.2487135577542151,0.3940737475252636,2.479832410812378,2.2720093727111816,0.5964908599853516,0.9666787385940552,-0.1024696826934814,0.2839279770851135,1.3609002668404315,False,True,True,True,True
29,01543000,0.3892947435379028,0.1239811182022094,0.5274882316589355,0.3046062832578097,0.4237961344049442,2.1108832359313965,1.8567553758621216,0.5889038443565369,0.8803560733795166,-0.1381934881210327,0.2653136253356933,1.520868417316226,False,True,True,True,True
29,01543500,0.2595441341400146,0.1489406824111938,0.5209415555000305,0.1864159227937208,0.4468888488353614,2.143617868423462,1.7242175340652466,0.5122179388999939,0.8141945004463196,-0.2613974213600158,0.1106034517288208,3.363374897204058,False,True,True,True,True
29,01544500,0.414742112159729,-0.3482956886291504,0.55854332447052,0.4218265504642234,0.5552329416131236,1.764704346656799,1.5326478481292725,0.618406355381012,0.922914445400238,-0.143801212310791,0.7630378007888794,1.1884588314787548,False,True,True,True,True
29,01545600,0.5127362012863159,-0.7453538179397583,0.4451043009757995,0.7157135564931058,0.5848069432073026,1.4076145887374878,1.5021295547485352,0.9953731298446656,1.2791438102722168,0.0676319003105163,1.2580900192260742,0.946242399767132,True,True,True,True,True
29,01547700,0.4720091223716736,0.0428788065910339,0.5506525039672852,0.3689447030170582,0.4899044570081787,2.081714630126953,1.9204330444335935,0.6582571268081665,0.99542897939682,-0.0786433815956115,0.4291303157806396,1.1832622369094334,False,True,True,True,True
29,01548500,0.3668467998504638,-0.7455745935440063,0.5525790452957153,0.3792270764638629,0.4708247632553669,1.630596160888672,1.3707246780395508,0.5585147738456726,0.7490946054458618,-0.1857322454452514,1.1124213933944702,1.1669621301317332,False,True,True,True,True
29,01549500,0.5281435251235962,-0.7120814323425293,0.6193702220916748,0.5098967326885471,0.574603564634139,1.6011919975280762,1.4381024837493896,0.7152675986289978,1.0331438779830933,-0.0912266969680786,1.2402249574661257,1.0735565724741274,True,True,True,True,True
29,01550000,0.6093350648880005,-0.3400729894638061,0.6369248628616333,0.6833426885879662,0.5927693876259281,1.5296357870101929,1.4746334552764893,0.8758702874183655,0.9494452476501464,-0.0275897979736328,0.9494080543518066,1.0290599999095955,True,True,True,True,True
29,01552000,0.4973992109298706,-0.0271326303482055,0.6233996152877808,0.448268411084725,0.5303262548861478,1.7530925273895264,1.5175172090530396,0.6563460230827332,0.9076964259147644,-0.1260004043579101,0.5245318412780762,1.2402149773232014,False,True,True,True,True
29,01552500,0.5044428110122681,0.2899701595306396,0.5601099729537964,0.3791684745302064,0.4601910115884385,2.312626838684082,2.17886734008789,0.6200319528579712,0.851810872554779,-0.0556671619415283,0.2144726514816284,1.25955366130351,True,True,True,True,True
29,01557500,0.5158174633979797,-0.0341979265213012,0.6035734415054321,0.4181374196425204,0.5593208257241353,1.6814082860946655,1.5214229822158811,0.5885826349258423,0.8549470901489258,-0.0877559781074523,0.550015389919281,1.1595518593040302,True,True,True,True,True
29,01567500,0.509620189666748,-0.258082628250122,0.4132274985313415,0.5817245926334602,0.6253939661596207,1.4127609729766846,1.5453871488571167,0.7726410031318665,1.0423685312271118,0.0963926911354065,0.7677028179168701,0.8744400972801375,True,True,True,True,True
29,01568000,0.5658846497535706,-0.1040797233581543,0.4404821395874023,0.5364194449704114,0.6784075223153248,1.546712040901184,1.7559568881988523,0.7158018946647644,1.066170334815979,0.1254025101661682,0.6699643731117249,0.8128221212962085,True,True,False,True,True
29,01580000,0.0230225324630737,-3.8092994689941406,-0.188228964805603,0.2081673026185135,0.4073864367289167,1.4179198741912842,1.563721776008606,0.2978212535381317,1.1465672254562378,0.2112514972686767,3.8323220014572144,0.944876370725542,False,True,False,True,True
29,01583500,-0.0760504007339477,-6.447803497314453,-1.072500467300415,0.3851616853671732,-0.0088224152523861,1.1968896389007568,1.6610593795776367,0.7389377951622009,1.293938159942627,0.9964500665664672,6.371753096580505,0.8436144572046856,False,True,False,True,True
29,01586610,0.3110228776931762,-3.040482521057129,-0.1696431636810302,0.4940260114888858,0.4028352691042973,1.318647027015686,1.7181174755096436,0.5932369828224182,1.314450740814209,0.4806660413742065,3.351505398750305,0.8565820477110271,False,True,False,True,True
29,01591400,0.2061323523521423,-1.8583886623382568,-0.0120173692703247,0.1706514606953407,0.4559263182012947,1.562151551246643,1.7637746334075928,0.3587721288204193,1.3210140466690063,0.218149721622467,2.064521014690399,0.8943339786467703,False,True,False,True,True
29,01594950,0.4813543558120727,-0.1256333589553833,0.4632412195205688,0.6635849149120387,0.608413045291543,2.1199700832366943,2.1566710472106934,0.8796855211257935,1.1105784177780151,0.0181131362915039,0.606987714767456,0.9701589738130972,False,True,True,True,True
29,01596500,0.6654795408248901,-0.2199263572692871,0.6462726593017578,0.8236948218305539,0.7314723908849426,1.5407322645187378,1.5843462944030762,1.0415488481521606,1.099758863449097,0.0192068815231323,0.8854058980941772,0.9783072582140294,True,True,True,True,True
29,01605500,-0.8341859579086304,-2.167050361633301,-0.1018294095993042,-0.4720171781166369,-0.0216160746430735,2.331928253173828,1.8073850870132449,2.352496862411499,1.949331879615784,-0.7323565483093262,1.3328644037246704,1.5494606550094416,False,True,True,True,True
29,01606500,0.1551104187965393,-1.4789984226226809,0.5326620936393738,0.1522486948744139,0.5257189887654365,1.6370630264282229,1.2175335884094238,1.7933260202407837,1.4235923290252686,-0.3775516748428345,1.63410884141922,1.2310443865629732,False,True,True,True,True
29,01632000,0.4484013319015503,-1.1279582977294922,0.4913087487220764,0.512525806996488,0.464719406047703,1.4365140199661257,1.3795117139816284,1.372707486152649,1.3238106966018677,-0.0429074168205261,1.5763596296310425,1.0272193070756126,False,True,True,True,True
29,01632900,0.6077544689178467,-0.2386711835861206,0.4320300817489624,0.7066457901841631,0.5564834605062443,0.829827606678009,0.998553991317749,1.1661598682403564,0.8322142958641052,0.1757243871688842,0.8464256525039673,0.7923924131445667,True,True,False,False,True
29,01634500,0.3870626091957092,-1.8165366649627688,0.5373539924621582,0.4090762534019219,0.4833892473745738,1.3924566507339478,1.209756851196289,1.529693603515625,1.4525214433670044,-0.1502913832664489,2.203599274158478,1.068202683232342,False,True,True,True,True
29,01638480,0.3502113223075866,0.0262378454208374,0.3794121146202087,0.2758948081067218,0.4762663799053049,2.079885721206665,2.0326147079467773,0.5370484590530396,1.2181904315948486,-0.029200792312622,0.3239734768867492,1.0901332806414574,False,True,True,True,True
29,01639500,0.283394992351532,-1.079537868499756,0.468431293964386,0.4816727359485589,0.6960302725895612,1.4883679151535034,1.2818880081176758,1.3581571578979492,1.0667985677719116,-0.185036301612854,1.3629328608512878,1.1357633284278437,False,True,True,True,True
29,01644000,0.4616516828536987,-0.0414174795150756,0.3632872700691223,0.3649777138829736,0.5519579300899888,1.537431716918945,1.6719987392425537,0.5855299234390259,0.9195972681045532,0.0983644127845764,0.5030691623687744,0.804471392519046,False,True,True,True,True
29,01664000,0.6592073440551758,-1.1070404052734375,0.5541832447052002,0.619052064135178,0.7225109869798712,0.9298158288002014,1.063481688499451,0.7314654588699341,0.8510180115699768,0.1050240993499755,1.7662477493286133,0.940538296855638,True,True,False,True,True
29,01666500,0.5353430509567261,-0.5983943939208984,0.2751818895339966,0.6193717834923045,0.6374206115335391,1.228241205215454,1.5340232849121094,0.8229396939277649,1.1113462448120115,0.2601611614227295,1.1337374448776243,0.7705278566936534,True,True,False,False,True
29,01667500,0.5770648717880249,-0.8022962808609009,0.3657482266426086,0.7505405798658377,0.6850642037183472,1.0431714057922363,1.2774667739868164,1.115883469581604,0.971644639968872,0.2113166451454162,1.3793611526489258,0.8468010754546743,True,True,False,True,True
29,01669000,-0.9971400499343872,-5.279499053955078,-0.4432356357574463,-0.1594202362842329,0.0410609922638639,1.8312242031097408,1.5567033290863037,1.8209294080734253,1.789056420326233,-0.5539044141769409,4.282359004020691,1.129345627878672,False,True,True,True,True
29,01669520,-0.7399249076843262,-4.191623210906982,-0.1227498054504394,0.1645103541070793,0.2994002444304885,2.049156188964844,1.6460814476013184,1.513158917427063,1.5526995658874512,-0.6171751022338867,3.451698303222656,1.1788033159380311,False,True,True,True,True
29,02011400,-0.5601022243499756,-2.327500343322754,-0.3478895425796509,-0.3180564908946961,-0.1696056187463372,1.800750970840454,1.6738027334213257,2.20495343208313,2.057203769683838,-0.2122126817703247,1.7673981189727783,1.1200706730941097,False,True,True,True,True
29,02013000,0.5564038753509521,-0.9947261810302734,0.5797940492630005,0.4776625313348003,0.4744429568616798,1.3342467546463013,1.2985938787460327,1.467145919799805,1.4150221347808838,-0.0233901739120483,1.5511300563812256,1.0150794408346502,True,True,True,True,True
29,02014000,0.5120524168014526,-1.1134932041168213,0.5191237926483154,0.6058952617697195,0.5575993639416372,1.3250800371170044,1.3154432773590088,1.3184183835983276,1.3459415435791016,-0.0070713758468627,1.625545620918274,1.0043501552684004,True,True,True,True,True
29,02015700,0.1482066512107849,-0.425701379776001,0.3185914754867553,0.2287435269029949,0.3668750085269278,1.7522809505462646,1.5672576427459717,1.716259479522705,1.581796169281006,-0.1703848242759704,0.5739080309867859,1.2968852413216945,False,True,True,True,True
29,02016000,0.4832139015197754,-0.4346988201141357,0.5418568849563599,0.4956191135977617,0.5787043219995708,1.4174166917800903,1.3345742225646973,1.4357160329818726,1.213944435119629,-0.0586429834365844,0.9179127216339112,1.0638873196268577,False,True,True,True,True
29,02017500,0.486208438873291,-0.7523170709609985,0.5279819965362549,0.4844641068791924,0.5342268915959028,1.355180025100708,1.2989212274551392,1.4674127101898191,1.4056659936904907,-0.0417735576629638,1.2385255098342896,1.0337284596330625,False,True,True,True,True
29,02018000,0.4737357497215271,-0.7714765071868896,0.5275843143463135,0.5307226101058984,0.6025623633543156,1.3515974283218384,1.2805826663970947,1.3933554887771606,1.246221661567688,-0.0538485646247863,1.2452122569084167,1.0432444864929935,False,True,True,True,True
29,02027000,0.4518733024597168,-0.2115461826324463,0.3869320750236511,0.6081280292066971,0.5239857992534354,1.8372083902359009,1.942997455596924,1.2985056638717651,1.3635042905807495,0.0649412274360656,0.6634194850921631,0.9021113655908916,False,True,True,True,True
29,02027500,0.1031465530395507,-1.131892204284668,0.1208963990211486,0.5338190885875267,0.4973853547755271,2.120230197906494,2.099144220352173,1.2148139476776123,1.3277121782302856,-0.0177498459815979,1.2350387573242188,1.0143718938991468,False,True,True,True,True
29,02028500,0.5769011974334717,-0.4927283525466919,0.4982737302780151,0.7469292131234231,0.6923363906060982,1.3269329071044922,1.444978952407837,0.8530195355415344,1.197980284690857,0.0786274671554565,1.0696295499801636,0.926490935897466,True,True,True,True,True
29,02038850,-0.1690976619720459,-0.7592589855194092,0.3881732225418091,-0.5326969663915357,0.4649254158830329,1.828574299812317,1.322822093963623,0.0020470640156418,1.054345965385437,-0.557270884513855,0.5901613235473633,1.9442687317498049,False,True,True,True,True
29,02046000,0.2607083916664123,-0.1490410566329956,0.5659422874450684,-0.089044314647505,0.5061489739827127,2.024683952331543,1.5513975620269775,0.1991412341594696,1.0008070468902588,-0.305233895778656,0.4097494482994079,1.74492814339464,False,True,True,True,True
29,02051500,-0.0255885124206542,-0.4148591756820678,0.4483912587165832,-0.2945767150967631,0.3445838009427286,1.653275728225708,1.2124792337417605,0.0937296077609062,0.6448370218276978,-0.4739797711372375,0.3892706632614136,2.2176097915165465,False,True,True,True,True
29,02053200,-0.170373797416687,-4.167047500610352,-0.3003541231155395,0.0730694336372356,0.1367075180087847,1.5995607376098633,1.6860454082489014,1.8084748983383176,1.7015613317489624,0.1299803256988525,3.996673703193665,0.9674778740143364,False,True,False,True,True
29,02053800,0.418303906917572,-0.8714903593063354,0.3572961091995239,0.3890022000423334,0.5626743172003474,1.164140224456787,1.2236653566360474,0.5385012626647949,1.32566499710083,0.061007797718048,1.2897942662239077,0.9526995899147088,False,True,True,True,True
29,02055100,0.4022580981254577,-0.4532655477523803,0.3599506616592407,0.4947853287629337,0.5524571832870584,1.2718462944030762,1.3160866498947144,0.6758628487586975,0.9169450402259828,0.042307436466217,0.8555236458778381,0.9505479051688792,False,True,True,True,True
29,02056900,-0.2716367244720459,-0.7283487319946289,0.519640326499939,-0.4000062684651837,0.6254058866769655,1.7404850721359253,1.0697247982025146,0.0212763771414756,0.7937051653862,-0.7912770509719849,0.456712007522583,2.7325514502328003,False,True,True,True,True
29,02059500,-0.1916664838790893,-0.4951281547546386,0.4282683134078979,-0.4959428673854023,0.4846719519686906,1.659420132637024,1.1494104862213137,0.0169002208858728,0.7427405118942261,-0.6199347972869873,0.3034616708755493,3.042876767594233,False,True,True,True,True
29,02064000,-0.169763445854187,0.0156308412551879,0.4050334692001343,-0.4101562960306268,0.3593396529987316,1.5783261060714722,1.1256256103515625,0.0370611771941185,0.6984269618988037,-0.5747969150543213,-0.185394287109375,,False,False,True,False,True
29,02065500,-0.0862538814544677,-0.0351816415786743,0.3673032522201538,-0.2799023239659124,0.357831157236642,1.4737697839736938,1.124764919281006,0.0906783863902092,0.7749626636505127,-0.4535571336746216,-0.0510722398757934,,False,False,True,False,True
29,02069700,-0.1818974018096923,-1.925358772277832,0.4279164671897888,-0.0795376700492447,0.700271124713699,1.512155532836914,1.05204975605011,0.1004696190357208,0.9076561331748962,-0.6098138689994812,1.7434613704681396,1.3497719417985952,False,True,True,True,True
29,02070000,-0.2625584602355957,-1.1254451274871826,0.599303126335144,-0.3366247268409721,0.611925067547736,1.672332525253296,0.9421170949935912,0.0229032114148139,0.7702115178108215,-0.8618615865707397,0.8628866672515869,1.9988120332370969,False,True,True,True,True
29,02074500,-0.2562551498413086,-0.217413067817688,0.4928284883499145,-0.5999179118107694,0.6258191249421634,1.876818299293518,1.1925064325332642,0.0020994914229959,1.002012014389038,-0.7490836381912231,-0.0388420820236206,,False,False,True,False,True
29,02077200,0.1227601766586303,0.0098604559898376,0.4727982878684997,-0.1904957272598437,0.4656347819193724,2.513533115386963,1.948560118675232,0.2161523848772049,1.0347477197647097,-0.3500381112098694,0.1128997206687927,4.100433810963586,False,True,True,True,True
29,02081500,0.0075870156288146,-0.0139967203140258,0.5630897283554077,-0.3744631298864873,0.4770865449959408,2.1649954319000244,1.4365041255950928,0.0566464699804782,0.7750142812728882,-0.555502712726593,0.0215837359428405,,False,False,True,False,True
29,02082950,0.0809494853019714,-3.5703935623168945,0.5464861392974854,-0.0493947590440717,0.6182564418154191,1.2174440622329712,0.8552136421203613,0.2147953808307647,1.128157138824463,-0.4655366539955139,3.651343047618866,1.127497375054667,False,True,True,True,True
29,02092500,-1.432030200958252,-2.098037004470825,-0.8183403015136719,-1.0469288265621437,-0.2623528476967554,3.1918985843658447,2.759956359863281,2.932497501373291,2.085867404937744,-0.6136898994445801,0.6660068035125732,1.9214468924460384,False,True,True,True,True
29,02096846,0.1108496785163879,-1.1799509525299072,0.4398802518844604,-0.2543846400522755,0.4370678390356436,2.116310834884644,1.6797022819519043,0.1460747569799423,1.1148427724838257,-0.3290305733680725,1.2908006310462952,1.254904255122162,False,True,True,True,True
29,02102908,-0.4945477247238159,-1.541360855102539,0.1928735375404358,0.2629385528561203,0.5564548694975169,1.3589822053909302,0.9986876249313354,1.4800077676773071,1.10017991065979,-0.6874212622642517,1.0468131303787231,1.6566800151002612,False,True,True,True,True
29,02108000,-0.1040890216827392,-3.233982563018799,0.3720728754997253,0.2454495247235106,0.4998374341686316,1.564120888710022,1.179567813873291,1.6255134344100952,0.7594630718231201,-0.4761618971824646,3.12989354133606,1.152133576076586,False,True,True,True,True
29,02111180,0.411456286907196,-1.3261313438415527,0.3887747526168823,0.6749502442087341,0.7065906850982704,1.5425095558166504,1.5719515085220337,0.8326300382614136,1.0211609601974487,0.0226815342903137,1.7375876307487488,0.9869465378960256,False,True,True,True,True
29,02111500,-0.0892591476440429,-6.382749080657959,0.0639240145683288,0.2780425110853722,0.4545593717014488,1.2953897714614868,1.2008545398712158,0.3537578284740448,0.9902218580245972,-0.1531831622123718,6.293489933013916,1.0243399391820451,False,True,True,True,True
29,02112120,-0.0036076307296752,-6.221350193023682,-0.2018454074859619,0.3607952860856496,0.2994491899500396,1.214900016784668,1.329483151435852,0.575255274772644,1.1186912059783936,0.1982377767562866,6.217742562294006,0.968117403580127,False,True,False,True,True
29,02112360,-0.1897791624069214,-5.664590358734131,-0.0952329635620117,0.120296450936578,0.4472756620110621,1.3763959407806396,1.3205761909484863,0.1890991479158401,0.8510842323303223,-0.0945461988449096,5.4748111963272095,1.0172693076444967,False,True,True,True,True
29,02118500,-0.209873080253601,-0.8813631534576416,0.3366816639900207,-0.3845241559579733,0.6669978757832029,1.8907816410064695,1.4000142812728882,0.025764662772417,1.1063488721847534,-0.5465547442436218,0.6714900732040405,1.813943148311508,False,True,True,True,True
29,02125000,0.4089545607566833,0.3300839066505432,0.2074069380760193,0.3291952279119929,0.0507488001806633,2.6393871307373047,3.0564534664154053,0.8373777866363525,0.6340252757072449,0.201547622680664,0.0788706541061401,-1.555419692721598,False,True,False,False,False
29,02128000,0.0580386519432067,-0.3271452188491821,0.5123928785324097,-0.3165037975629572,0.4849892639240363,2.1060266494750977,1.5152432918548584,0.0802816972136497,0.9153074622154236,-0.4543542265892029,0.3851838707923889,2.179577498025861,False,True,True,True,True
29,02137727,0.7024624347686768,-0.2188998460769653,0.6431059241294861,0.7133604006469595,0.8231132940811579,1.436089038848877,1.5728238821029663,0.7661486268043518,0.9760591387748718,0.0593565106391906,0.921362280845642,0.9355774467078116,True,True,True,True,True
29,02140991,0.5810308456420898,-0.3101154565811157,0.5880030393600464,0.690165165832475,0.7594915202660077,1.5055910348892212,1.4930111169815063,0.8202390670776367,0.9039782285690308,-0.0069721937179565,0.8911463022232056,1.007823848565115,True,True,True,True,True
29,02143000,0.4089874029159546,-1.0153484344482422,0.5291769504547119,0.2430679020473263,0.6589447816838375,1.5940229892730713,1.4227383136749268,0.3598648905754089,1.2623571157455444,-0.1201895475387573,1.4243358373641968,1.0843828712202972,False,True,True,True,True
29,02143040,0.5323940515518188,-0.078055739402771,0.7064099311828613,0.3325559819384154,0.7045317854200153,1.8826632499694824,1.4917750358581543,0.4716210067272186,1.1152971982955933,-0.1740158796310424,0.6104497909545898,1.2850617400637083,True,True,True,True,True
29,02149000,0.4678162932395935,-2.750758171081543,0.3965117335319519,0.4371468454618843,0.6676284481673094,1.294971585273743,1.3789987564086914,0.4686075747013092,0.97625070810318,0.0713045597076416,3.2185744643211365,0.9778459189004096,False,True,True,True,True
29,02152100,0.5612589120864868,-0.7209372520446777,0.5885409116744995,0.4058502693724154,0.6215394545768751,1.6097896099090576,1.5589361190795898,0.5216311812400818,1.230923056602478,-0.0272819995880126,1.2821961641311646,1.0212775551442237,True,True,True,True,True
29,02177000,0.1379283666610717,-1.6383781433105469,-0.0322906970977783,0.4414543364006578,0.3667377247444008,2.5962092876434326,2.8409855365753174,1.0840352773666382,1.1359727382659912,0.1702190637588501,1.7763065099716189,0.9041724709089932,False,True,False,True,True
29,02178400,0.3506662249565124,-0.9559600353240968,0.0944884419441223,0.5874423929716338,0.4507274038733286,2.002993106842041,2.3653340339660645,0.9068702459335328,0.9605656266212464,0.2561777830123901,1.3066262602806091,0.8039395113967985,False,True,False,True,True
29,02193340,0.1319813728332519,-0.2818905115127563,0.2118126153945922,-0.1885882050690159,0.1834662394246267,1.8738365173339844,1.7855907678604126,0.204189196228981,1.087937355041504,-0.0798312425613403,0.4138718843460083,1.1928887793078478,False,True,True,True,True
29,02196000,0.3336531519889831,-2.8587770462036133,0.5204610824584961,-0.0095858823580681,0.285902165003308,1.2035540342330933,1.0210038423538208,0.2730922102928161,1.5486009120941162,-0.1868079304695129,3.1924301981925964,1.0585159013266052,False,True,True,True,True
29,02198100,-0.1185321807861328,-1.3786134719848633,0.3362400531768799,-0.4790459860470841,0.0813215098681493,1.808533191680908,1.3931816816329956,2.422652244567871,1.8249990940093996,-0.4547722339630127,1.2600812911987305,1.3609070598376891,False,True,True,True,True
29,02202600,-2.968634605407715,-3.7892274856567374,-0.1741307973861694,-2.7412054029321045,-0.3380991940334226,2.7120211124420166,1.475131630897522,4.632944583892822,2.26116943359375,-2.7945038080215454,0.8205928802490234,4.405469234845791,False,True,True,True,True
29,02212600,0.2271518111228943,-1.6680874824523926,0.5052515864372253,-0.0720580607262095,0.2603261150538826,1.67662513256073,1.3414703607559204,0.2124569416046142,1.586806297302246,-0.278099775314331,1.8952392935752869,1.1467359695723214,False,True,True,True,True
29,02215100,0.1230512261390686,-0.6811933517456055,0.6409000754356384,-0.065479184609452,0.696037976085552,1.741444110870361,1.1143717765808103,2.0150935649871826,1.1686432361602783,-0.5178488492965698,0.8042445778846741,1.6438947349307806,False,True,True,True,True
29,02216180,0.0477147102355957,-1.1566216945648191,0.1639950275421142,-0.1556955868753373,-0.61443387369621,1.8084946870803835,1.6944866180419922,2.0684456825256348,2.597384452819824,-0.1162803173065185,1.204336404800415,1.0965513596060303,False,True,True,True,True
29,02221525,-0.1604753732681274,-3.977563381195069,0.2950392365455627,-0.4153056190186373,0.4022835792717679,1.3841019868850708,1.078779220581055,0.0269549842923879,1.4793403148651123,-0.4555146098136902,3.817088007926941,1.1193356319968844,False,True,True,True,True
29,02231000,-1.715836524963379,-3.764093399047852,-0.463337779045105,-1.555898736192583,-0.8302357622045946,2.927237272262573,2.1487128734588623,3.4079840183258057,2.772401094436645,-1.252498745918274,2.0482568740844727,1.6114949554255076,False,True,True,True,True
29,02245500,-1.0350768566131592,-2.684720039367676,-0.0624147653579711,-1.0755305594637372,-0.8288328469194748,2.837806701660156,2.0504043102264404,2.9390652179718018,2.807962656021118,-0.972662091255188,1.6496431827545166,1.5896196834706222,False,True,True,True,True
29,02246000,-0.6312789916992188,-1.4183447360992432,0.0203291773796081,-1.0042652048434664,-0.7781651559996046,2.8828020095825195,2.234039068222046,2.9268932342529297,2.759263038635254,-0.6516081690788269,0.7870657444000244,1.827895475968839,False,True,True,True,True
29,02296500,-4.383375644683838,-5.7091217041015625,-0.4206078052520752,-2.142617841311869,-0.3820612708380695,3.9350335597991934,2.021427631378174,3.846541166305542,2.300173759460449,-3.9627678394317623,1.3257460594177246,3.989085135332956,False,True,True,True,True
29,02297155,-3.869909286499024,-8.241727828979492,-0.5128183364868164,-2.084261246062028,-0.4789367255086367,4.082693576812744,2.27551531791687,3.6863951683044434,2.318895101547241,-3.357090950012207,4.371818542480469,1.7678934789703031,False,True,True,True,True
29,02297310,-1.639614820480347,-5.393058776855469,-0.5535798072814941,-0.5623813454908484,-0.1566248842147892,3.733161687850952,2.864001989364624,2.253406524658203,1.995171904563904,-1.0860350131988523,3.753443956375122,1.2893436070503337,False,True,True,True,True
29,02298123,-4.501314163208008,-8.676681518554688,-2.283709526062012,-1.2774530598153175,-0.3234652934478095,3.9238603115081783,3.031535625457764,2.636216163635254,1.7103687524795532,-2.217604637145996,4.17536735534668,1.5311160548080371,False,True,True,True,True
29,02298608,-0.7930058240890503,-1.658901929855347,0.2524874806404114,-0.5565273501739791,0.4060651358095765,4.078327655792236,2.633301019668579,2.4216108322143555,1.4621186256408691,-1.0454933047294617,0.8658961057662964,2.207411949040037,False,True,True,True,True
29,02299950,-0.113626480102539,-0.8313165903091431,0.5440366268157959,-0.4999593237610265,0.4107225714473501,3.651267766952514,2.336355209350586,2.428598403930664,1.5292502641677856,-0.657663106918335,0.717690110206604,1.9163608325730044,False,True,True,True,True
29,02342933,0.2455973029136657,-0.0764639377593994,0.345007836818695,0.2706682008267628,0.1361374013596583,3.024304151535034,2.8180060386657715,1.1362148523330688,1.6260161399841309,-0.0994105339050293,0.3220612406730652,1.3086696607678543,False,True,True,True,True
29,02349900,0.0108346343040466,-1.1648590564727783,0.0807312130928039,-0.2947431047813786,-0.2001991455203933,1.7761638164520264,1.7122604846954346,2.204974412918091,2.1107637882232666,-0.0698965787887573,1.175693690776825,1.0594513514337005,False,True,True,True,True
29,02350900,0.0061659812927246,-3.4505090713500977,0.4736349582672119,0.1882800211839018,0.5428442321045619,1.1501383781433103,0.8370216488838196,1.4177544116973877,1.2044470310211182,-0.4674689769744873,3.4566750526428223,1.1352365987127084,False,True,True,True,True
29,02361000,0.5513590574264526,-1.0100953578948977,0.6113148927688599,0.6332687222148256,0.7239780376227276,1.140146255493164,1.061231255531311,1.238410234451294,1.1683573722839355,-0.0599558353424072,1.56145441532135,1.038397429187882,True,True,True,True,True
29,02369800,-0.3319758176803589,-2.881766557693481,-0.037764549255371,-0.042130945849522,0.228910343352111,2.335193395614624,2.061218738555908,1.889344930648804,1.597018480300903,-0.2942112684249878,2.5497907400131226,1.1153864369369677,False,True,True,True,True
29,02371500,0.6606765985488892,-1.6147522926330566,0.5328516960144043,0.7224819558340596,0.7556359249249072,1.0164810419082642,1.1926686763763428,0.8034297823905945,1.0468071699142456,0.1278249025344848,2.275428891181946,0.9438238201906244,True,True,False,True,True
29,02372250,0.6306619048118591,-1.0075271129608154,0.5369517207145691,0.7918901383470467,0.6563188152805159,1.2299519777297974,1.3771753311157229,1.008373737335205,1.2602227926254272,0.09371018409729,1.6381890177726746,0.9427964764257174,True,True,True,True,True
29,02374500,0.2624702453613281,-1.411083459854126,0.4796499013900757,0.4840727089016298,0.736492946669552,1.6086485385894775,1.351198673248291,1.3616788387298584,0.9379722476005554,-0.2171796560287475,1.673553705215454,1.129771548622509,False,True,True,True,True
29,02381600,-0.247056245803833,-2.0901968479156494,-0.3600561618804931,0.2552455919029159,0.0346334902817138,2.2801334857940674,2.38119912147522,1.5455869436264038,1.8256618976593015,0.1129999160766601,1.8431406021118164,0.9386916462329634,False,True,False,True,True
29,02384540,0.5457862615585327,-0.3759350776672363,0.4582452774047851,0.683512988114762,0.6299291706471933,2.3599236011505127,2.577324867248535,1.124912142753601,1.18287193775177,0.0875409841537475,0.921721339225769,0.90502445757925,True,True,True,True,True
29,02395120,0.5461251735687256,-0.4731782674789428,0.4377286434173584,0.7450195581681537,0.5926285501088502,1.4558743238449097,1.6204246282577517,1.1034692525863647,0.958237886428833,0.1083965301513671,1.0193034410476685,0.8936562697758047,True,True,False,True,True
29,02415000,0.6535786986351013,-0.7092493772506714,0.6295799016952515,0.4115547695459439,0.8020098225222505,1.5334508419036863,1.5856773853302002,0.4715062081813812,0.9465720653533936,0.0239987969398498,1.3628280758857727,0.9823904442794432,True,True,True,True,True
29,02427250,0.25574392080307,0.0931110978126525,0.4517480134963989,0.0118859720946395,0.2937035069176675,2.7463393211364746,2.3571276664733887,0.3847956359386444,0.7064561247825623,-0.1960040926933288,0.1626328229904174,2.205193939878161,False,True,True,True,True
29,02430085,0.4682624936103821,-0.5201504230499268,0.50946044921875,0.513430253082737,0.5232981922265072,1.9696722030639648,1.891830921173096,0.718766987323761,0.8781136274337769,-0.0411979556083679,0.9884129166603088,1.0416809158540434,False,True,True,True,True
29,02450250,0.4026370644569397,-0.1059122085571289,0.5245094895362854,0.1646599664703756,0.5372306997799071,3.1272714138031006,2.7900846004486084,1.7989474534988403,1.303587555885315,-0.1218724250793457,0.5085492730140686,1.239647230949781,False,True,True,True,True
29,02464000,0.6331987977027893,-0.0061707496643066,0.4862604737281799,0.6611867025126266,0.5411797746956744,2.144585609436035,2.538045883178711,1.05305814743042,0.9775962233543396,0.1469383239746093,0.639369547367096,0.7701824796321676,True,True,False,False,True
29,02464360,0.6023404598236084,-0.3802746534347534,0.4457515478134155,0.7203250562729451,0.5705275447790868,1.5155761241912842,1.7892634868621826,1.0256187915802002,1.1439638137817385,0.1565889120101928,0.9826151132583618,0.8406406436280606,True,True,False,True,True
29,02465493,0.360592782497406,-3.6649465560913086,0.311840295791626,0.6874478352835814,0.4985985096262388,1.2814387083053589,1.3293938636779783,1.0569461584091189,1.3752235174179075,0.04875248670578,4.025539338588715,0.9878892037550248,False,True,True,True,True
29,02469800,0.6595185995101929,-0.1466102600097656,0.6329734325408936,0.6210582323521296,0.4746691996906469,1.6053166389465332,1.6667205095291138,1.021950364112854,1.3911452293395996,0.0265451669692993,0.8061288595199585,0.9670708142304858,True,True,True,True,True
29,02472000,0.4681518673896789,-0.9782501459121704,0.4918572902679443,0.3847977986332197,0.4459859210774572,1.7569972276687622,1.7173947095870972,0.6229342222213745,0.7122161984443665,-0.0237054228782653,1.4464020133018494,1.0163892352611916,False,True,True,True,True
29,02472500,0.4540377259254455,-2.265695095062256,0.4932800531387329,0.5181587604845381,0.5036271382195698,1.6509062051773071,1.590468406677246,1.4061787128448486,1.4288593530654907,-0.0392423272132873,2.7197328209877014,1.0144287434818822,False,True,True,True,True
29,02479155,0.5881763100624084,-0.0011558532714843,0.7054694890975952,0.2035198378426101,0.4758636440859276,2.2367959022521973,1.891628623008728,1.781993389129639,1.507694125175476,-0.1172931790351867,0.5893321633338928,1.1990272826306494,True,True,True,True,True
29,02479300,0.1544936895370483,-2.052637815475464,0.1647490859031677,0.55825351738893,0.6128674536126567,2.5734050273895264,2.557750701904297,1.2240527868270874,1.0110615491867063,-0.0102553963661193,2.207131505012512,1.004646481799036,False,True,True,True,True
29,02479560,0.2183194756507873,-1.8637595176696775,0.3712045550346374,0.5499627862865967,0.7013517588064013,2.253833532333374,2.021444797515869,1.2636525630950928,1.006977915763855,-0.1528850793838501,2.082078993320465,1.073429048501196,False,True,True,True,True
29,02481000,0.6633963584899902,0.122861623764038,0.6470853090286255,0.5956842243354543,0.6349320890928998,2.638654947280884,2.7018303871154785,1.328993797302246,1.208504319190979,0.0163110494613647,0.5405347347259521,0.9698242343859098,True,True,True,True,True
29,02481510,0.6516924500465393,-0.4259289503097534,0.6777382493019104,0.6513957084462723,0.7938150962195732,2.0298702716827397,1.952500820159912,1.3094624280929563,1.1155920028686523,-0.026045799255371,1.0776214003562927,1.0241697123375235,True,True,True,True,True
29,03010655,0.3509864807128906,-0.6992532014846802,0.5419926047325134,0.3836962837650094,0.5559219184265527,1.710142970085144,1.4366196393966677,0.6487494707107544,0.965948224067688,-0.1910061240196228,1.0502396821975708,1.1818690792752684,False,True,True,True,True
29,03011800,0.5478556156158447,-0.1348716020584106,0.5586918592453003,0.6609737118857588,0.6001666540176476,1.527632474899292,1.5092154741287231,0.8752390146255493,0.9864864945411682,-0.0108362436294555,0.6827272176742554,1.0158719959435187,True,True,True,True,True
29,03015500,0.3095930218696594,-0.0594730377197265,0.4540987610816955,0.2795637468605211,0.4028535791753054,2.248380184173584,1.999282717704773,0.5744785070419312,0.7977405190467834,-0.1445057392120361,0.369066059589386,1.3915443738522306,False,True,True,True,True
29,03021350,0.1731688380241394,0.296368658542633,0.3748484849929809,0.0181076513192466,0.2605198811172318,3.8173420429229736,3.31929087638855,0.378787100315094,0.7089521884918213,-0.2016796469688415,-0.1231998205184936,,False,False,True,False,True
29,03026500,0.479180097579956,-0.260582685470581,0.5649335384368896,0.551372091108575,0.6140087195250588,1.6625328063964844,1.5195122957229614,0.80865877866745,1.050538420677185,-0.0857534408569336,0.7397627830505371,1.1159201879598684,False,True,True,True,True
29,03028000,0.4447218179702759,0.0444973111152648,0.5404207706451416,0.4624332568912841,0.5348868490961395,1.886386036872864,1.7161508798599243,0.7057925462722778,0.9139964580535888,-0.0956989526748657,0.400224506855011,1.2391131753197075,False,True,True,True,True
29,03049000,0.4172713756561279,-1.2748384475708008,0.5370228290557861,0.5381686417273659,0.618889033968361,1.694356918334961,1.5102592706680298,0.6813521981239319,0.9731165170669556,-0.1197514533996582,1.6921098232269287,1.070770497136697,False,True,True,True,True
29,03049800,0.1529489159584045,-0.2707003355026245,0.2658807635307312,0.0227121457905518,0.2859575144839357,2.918678045272827,2.717156887054444,0.4347010552883148,0.956192910671234,-0.1129318475723266,0.423649251461029,1.2665692130526875,False,True,True,True,True
29,03050000,0.5792449712753296,0.062419593334198,0.5660397410392761,0.6372728432480744,0.5472239996581433,2.02968692779541,2.061291456222534,1.0256662368774414,0.999741554260254,0.0132052302360534,0.5168253779411316,0.9744493385973828,True,True,True,True,True
29,03069500,0.6900303363800049,0.2954336404800415,0.5498641729354858,0.7112897619275631,0.4706385143329891,1.7801135778427124,2.1451609134674072,0.9236431121826172,0.7254520058631897,0.140166163444519,0.3945966958999634,0.6447862719051924,True,True,False,False,True
29,03070500,0.4146997928619385,0.1421675086021423,0.5411087274551392,0.328248878952608,0.4794897811297234,2.346019983291626,2.0772905349731445,0.5616940259933472,0.7769159078598022,-0.1264089345932006,0.2725322842597961,1.4638310464264086,False,True,True,True,True
29,03076600,0.4670714735984802,-0.521108865737915,0.4530062079429626,0.703659738000836,0.7015441677952731,2.0426058769226074,2.069384813308716,1.151183009147644,1.10103178024292,0.0140652656555175,0.9881803393363952,0.9857664991949112,False,True,True,True,True
29,03078000,0.5567318201065063,0.0759195685386657,0.5913535356521606,0.5529259710634011,0.7095801628642561,1.9198516607284544,1.84335196018219,0.658478856086731,0.9324765801429749,-0.0346217155456543,0.4808122515678406,1.0720067249383918,True,True,True,True,True
29,03140000,-0.1391772031784057,-0.0441296100616455,0.5581897497177124,-0.4245167809157066,0.6357145177282647,2.198542594909668,1.3691693544387815,0.0755081325769424,1.1081691980361938,-0.6973669528961182,-0.0950475931167602,,False,False,True,False,True
29,03144000,-0.0382078886032104,-0.2200989723205566,0.6365975141525269,-0.2834125103484912,0.5977222393463747,2.554614305496216,1.5113919973373413,0.2417372316122055,1.1305291652679443,-0.6748054027557373,0.1818910837173462,4.709942175089608,False,True,True,True,True
29,03170000,0.3697358965873718,-4.7905683517456055,-0.2645450830459595,0.5131916253512361,0.3287888282948394,0.915861189365387,1.2972853183746338,0.5804252028465271,1.072650909423828,0.6342809796333313,5.160304248332977,0.8770845769727175,False,True,False,True,True
29,03173000,0.4249753355979919,-1.3000242710113523,0.6395434141159058,0.3966256810993067,0.6886256248473492,1.2241885662078855,0.9692405462265016,0.5861057639122009,0.9071667194366456,-0.2145680785179138,1.7249996066093445,1.1243873202612888,False,True,True,True,True
29,03180500,0.6743029356002808,0.0783687829971313,0.632470965385437,0.7411641355197969,0.6212153494067938,1.6486899852752686,1.7513699531555176,1.0091129541397097,0.9435837864875792,0.0418319702148437,0.5959341526031494,0.9298043751442772,True,True,True,True,True
29,03182500,0.6587297916412354,-0.0764111280441284,0.6265393495559692,0.7173314952866572,0.5784990923647058,1.5708175897598269,1.6432324647903442,1.1102737188339231,0.9474018812179564,0.0321904420852661,0.7351409196853638,0.9562118755421158,True,True,True,True,True
29,03186500,0.5920162200927734,0.4098663926124573,0.6114521026611328,0.5812197169366207,0.5372903501353951,2.4052767753601074,2.347285270690918,0.7863904237747192,0.8385422825813293,-0.0194358825683593,0.1821498274803161,1.1067027229024398,True,True,True,True,True
29,03237280,-0.1063548326492309,-0.0804213285446167,0.398424744606018,-0.5086470758460924,0.3637237903281313,3.4411191940307617,2.537449836730957,0.091836467385292,1.0094302892684937,-0.504779577255249,-0.0259335041046142,,False,False,True,False,True
29,03237500,0.1748180985450744,0.3577859997749328,0.4913596510887146,-0.0819484909336438,0.4618784337491792,2.635855197906494,2.069436550140381,0.2725370824337005,0.8142282366752625,-0.3165415525436401,-0.1829679012298584,,False,False,True,False,True
29,03238500,0.5637568235397339,0.3686549663543701,0.5751668214797974,0.4759144650287652,0.5397495367814835,2.4096879959106445,2.3779666423797607,0.7443522214889526,0.989824116230011,-0.0114099979400634,0.1951018571853637,1.058482262058751,True,True,True,True,True
29,03241500,0.6799339056015015,-1.2905213832855225,0.6729428768157959,0.7839477839566624,0.8372898995236551,1.2665921449661257,1.2803502082824707,1.1167644262313845,0.991438627243042,0.0069910287857055,1.970455288887024,0.9964520743885266,True,True,True,True,True
29,03280700,0.308068037033081,-0.2340142726898193,0.4815611839294433,0.1501712613418098,0.4658307927870942,2.6524195671081543,2.295933246612549,0.5391764640808105,1.155342698097229,-0.1734931468963623,0.5420823097229004,1.320049453347865,False,True,True,True,True
29,03281500,-0.0966341495513916,-0.3227179050445556,0.3013482093811035,-0.2918024058893993,0.1168008713646842,2.9421582221984863,2.3483645915985107,0.275381863117218,0.5248463153839111,-0.3979823589324951,0.226083755493164,2.760331511055993,False,True,True,True,True
29,03285000,0.6124355792999268,0.4270502924919128,0.5252795815467834,0.4971542352983169,0.4186780988536658,2.1143229007720947,2.340013265609741,0.8044250011444092,0.7860960960388184,0.0871559977531433,0.1853852868080139,0.5298656152610289,True,True,True,False,True
29,03291780,0.5359330177307129,0.1391215324401855,0.5548524856567383,0.554238855149448,0.6157116100211186,2.753636121749878,2.696920871734619,0.8045927882194519,1.0259239673614502,-0.0189194679260253,0.3968114852905273,1.0476787306500803,True,True,True,True,True
29,03338780,0.4212085008621216,-0.9913942813873292,0.6258412003517151,0.1688773871741883,0.6748948017190088,1.8497018814086916,1.4871975183486938,0.3611087203025818,0.8437763452529907,-0.2046326994895935,1.412602782249451,1.144862166534695,False,True,True,True,True
29,03340800,0.3358335494995117,-0.1939648389816284,0.6858507394790649,0.0239131297231979,0.6997756089800923,2.3226141929626465,1.5973739624023438,0.2776148021221161,0.9957038164138794,-0.3500171899795532,0.5297983884811401,1.6606611072997124,False,True,True,True,True
29,03346000,0.5486048460006714,-0.6055315732955933,0.5825648307800293,0.7132549157809102,0.6249886572694444,2.219473600387573,2.134352445602417,0.9875683784484864,1.2253127098083496,-0.0339599847793579,1.1541364192962646,1.0294245846605077,True,True,True,True,True
29,03366500,0.8212285041809082,-0.0813801288604736,0.8070473670959473,0.7360694588698802,0.7751192869748882,1.6674495935440063,1.732323169708252,0.8677957653999329,1.133641242980957,0.0141811370849609,0.9026086330413818,0.984288719866132,True,True,True,True,True
29,03368000,0.4887692332267761,0.189201533794403,0.4279457926750183,0.4484244199400962,0.4310470864172899,3.6104583740234375,3.819200277328491,0.8137482404708862,1.0752147436141968,0.0608234405517578,0.299567699432373,0.7969626209133785,False,True,True,False,True
29,03384450,0.1571561694145202,0.2707955837249756,0.5059123039245605,-0.124065855192061,0.4241309264258508,4.315918445587158,3.304469108581543,0.2851163148880005,0.9502427577972412,-0.3487561345100403,-0.1136394143104553,,False,False,True,False,True
29,03439000,0.3296002745628357,-0.8839111328125,-0.1605538129806518,0.4919371556757097,0.2480560407289037,2.4439187049865723,3.215529441833496,1.1335384845733645,1.3439860343933103,0.4901540875434875,1.2135114073753357,0.5960861310701431,False,True,False,False,True
29,03456500,0.6456742882728577,0.3742893934249878,0.6749470829963684,0.6291920988688169,0.7072395500116839,2.275917291641236,2.179877996444702,0.8569576740264893,0.9984711408615112,-0.0292727947235107,0.2713848948478699,1.107864495332064,True,True,True,True,True
29,03460000,0.3483036160469055,-1.093306064605713,0.0620152354240417,0.5331024439959731,0.4174727781647203,1.513160228729248,1.815349102020264,1.3575246334075928,1.3952609300613403,0.2862883806228637,1.4416096806526184,0.8014106144922246,False,True,False,True,True
29,03463300,0.5144567489624023,0.6082628965377808,0.6323354244232178,0.3859411521907117,0.5355109279687404,4.205895900726318,3.6599104404449454,0.7202126383781433,0.8512988686561584,-0.1178786754608154,-0.0938061475753784,,True,False,True,False,True
29,03471500,-0.1100853681564331,-2.246768951416016,-0.1339292526245117,0.1881937888131274,0.3604379902542852,1.587684988975525,1.604645609855652,1.6944435834884644,1.425644874572754,0.0238438844680786,2.1366835832595825,0.988840704044862,False,True,True,True,True
29,03473000,0.1711459755897522,-1.7025516033172607,-0.1470178365707397,0.3686469547167371,0.3519307851405269,1.3641862869262695,1.6047956943511963,1.5295153856277466,1.3799251317977903,0.3181638121604919,1.873697578907013,0.8301946825666034,False,True,False,True,True
29,03479000,0.7077963948249817,0.1739667057991027,0.6611804366111755,0.6843330145894442,0.5915752324966919,1.5894383192062378,1.7115323543548584,1.1338322162628174,1.257235407829285,0.0466159582138061,0.5338296890258789,0.9126763475840582,True,True,True,True,True
29,03488000,0.5494778752326965,-0.7837706804275513,0.5286037921905518,0.60923424931216,0.663853651126496,1.3511015176773071,1.3820475339889526,0.8009519577026367,1.0801063776016235,0.0208740830421447,1.3332485556602478,0.9843434422234888,True,True,True,True,True
29,03498500,0.234808087348938,-0.5376079082489014,0.3096718192100525,0.2580207649763457,0.4823613980195939,2.3504533767700195,2.2325143814086914,1.6771469116210938,1.4153404235839844,-0.0748637318611145,0.7724159955978394,1.096921519346801,False,True,True,True,True
29,03500000,-0.2683459520339966,-3.252073287963867,-1.289700984954834,0.1969784963442769,-0.1458313833143711,2.301571846008301,3.092395782470703,1.1878496408462524,1.2517253160476685,1.0213550329208374,2.9837273359298706,0.6576915656394806,False,True,False,False,True
29,03500240,0.0870458483695983,-2.993371963500977,-0.3154140710830688,0.3671084895417329,0.2715096697673111,1.930050611495972,2.316730260848999,1.105626344680786,1.1020563840866089,0.4024599194526672,3.080417811870575,0.8693489182208453,False,True,False,True,True
29,03504000,0.4001427888870239,-0.2848004102706909,0.4337469935417175,0.613423027626147,0.681683887680397,2.1288704872131348,2.0683810710906982,0.6829192042350769,0.8196040987968445,-0.0336042046546936,0.6849431991577148,1.0490613012816496,False,True,True,True,True
29,03574500,0.3007069230079651,-0.0426430702209472,0.4022098779678345,0.4096873946590966,0.5446342194990048,3.354464530944824,3.1014726161956787,1.4295514822006226,1.1688189506530762,-0.1015029549598693,0.3433499932289123,1.2956253297264435,False,True,True,True,True
29,03592718,0.4891319274902344,-0.2129520177841186,0.5115241408348083,0.5177236248879576,0.4506636536695894,2.627889394760132,2.5696516036987305,0.9304895997047424,0.8939128518104553,-0.0223922133445739,0.702083945274353,1.031893925926228,False,True,True,True,True
29,03604000,0.5246155858039856,-0.0688825845718383,0.498546302318573,0.2935922891751016,0.3856366103258071,2.6164608001708984,2.687244415283203,0.4740468859672546,0.6765710115432739,0.0260692834854125,0.593498170375824,0.9560752083382084,True,True,True,True,True
29,04015330,0.5212616324424744,0.4959638714790344,0.627395749092102,0.284662649351772,0.617028905350067,1.5336391925811768,1.3530006408691406,0.4381760060787201,1.15260648727417,-0.1061341166496276,0.0252977609634399,,True,False,True,False,True
29,04027000,0.5841050148010254,-0.645201563835144,0.5166667699813843,0.4921471004579177,0.3012151075405257,1.0858287811279297,1.170557737350464,1.4360820055007937,1.6375703811645508,0.0674382448196411,1.2293065786361694,0.945141231657233,True,True,True,True,True
29,04040500,0.2940303683280945,-1.0767111778259275,0.4074700474739074,0.537544591343786,0.536278087444598,1.4661476612091064,1.343197464942932,1.1835256814956665,1.382229924201965,-0.1134396791458129,1.3707415461540222,1.0827578907665694,False,True,True,True,True
29,04043050,0.3293313384056091,0.1826153993606567,0.1732197999954223,0.3191852982989319,0.3409130070073912,1.9034786224365237,2.113435745239258,1.064566731452942,1.123422384262085,0.1561115384101867,0.1467159390449524,-0.0640393908555201,False,True,False,False,False
29,04045500,-3.824692249298096,-8.901654243469238,-4.18187427520752,-0.55411737261466,-0.7855865815628322,2.2688474655151367,2.351331949234009,1.106679081916809,1.951003074645996,0.3571820259094238,5.076961994171143,0.9296465038896284,False,True,False,True,True
29,04057510,-11.51548671722412,-14.131771087646484,-10.010807037353516,-1.844234292941276,-1.7361544638656037,3.003545045852661,2.817214012145996,2.2197611331939697,2.45209002494812,-1.5046796798706057,2.6162843704223637,1.5751208457617685,False,True,True,True,True
29,04057800,0.1336764097213745,-1.3488943576812744,-0.0310224294662475,0.3046641426921416,0.2182831086519191,1.5162205696105957,1.6540794372558594,1.4028781652450562,1.654457688331604,0.164698839187622,1.482570767402649,0.8889099644962231,False,True,False,True,True
29,04059500,-1.6001386642456057,-4.333146095275879,-1.364018440246582,-0.48794482597956,-0.5943339176478923,1.5296950340270996,1.4585859775543213,2.1727960109710693,2.347121477127075,-0.2361202239990234,2.733007431030273,1.0863957489899734,False,True,True,True,True
29,04063700,-6.820445537567139,-12.626201629638672,-5.929291725158691,-1.556440866621727,-1.5728312411172465,2.0257725715637207,1.906862497329712,2.7001235485076904,2.917293071746826,-0.8911538124084473,5.805756092071533,1.153494876167021,False,True,True,True,True
29,04074950,-11.268635749816896,-20.51370620727539,-11.22844123840332,-1.8430513221206557,-1.878366585642762,1.5513710975646973,1.5488276481628418,2.2461142539978027,2.193302631378174,-0.0401945114135742,9.245070457458496,1.0043476695606086,False,True,True,True,True
29,04105700,-11.436882019042969,-24.46605682373047,-13.170026779174805,-2.0068585938226904,-2.025081873996051,1.6719077825546265,1.7846040725708008,1.6152446269989014,1.9107651710510252,1.733144760131836,13.0291748046875,0.8669796985524898,False,True,False,True,True
29,04115265,-8.176570892333984,-14.315741539001465,-12.161139488220217,-1.6241197336014783,-2.0106336266258147,1.5548019409179688,1.8620083332061768,1.9222432374954224,2.226647138595581,3.9845685958862314,6.1391706466674805,0.3509597916048856,False,True,False,False,True
29,04122200,-9.42778778076172,-15.214826583862305,-6.122873306274414,-1.6064259940764123,-0.9774502290783372,1.6695623397827148,1.3798571825027466,1.7787435054779053,1.7224149703979492,-3.3049144744873047,5.787038803100586,1.57108904690886,False,True,True,True,True
29,04122500,-10.66587734222412,-18.30011749267578,-9.36881160736084,-1.763025070533276,-1.4634827165270852,1.6508063077926636,1.5563308000564575,1.6789517402648926,1.692591428756714,-1.2970657348632812,7.63424015045166,1.1699010915692172,False,True,True,True,True
29,04127918,-1.5227460861206057,-4.426743030548096,-1.7467329502105713,-0.441823180620762,-0.5071773994164062,1.721285343170166,1.796074390411377,1.895295023918152,2.0479016304016118,0.2239868640899658,2.9039969444274902,0.9228694560027768,False,True,False,True,True
29,04127997,-20.75948905944824,-41.82466125488281,-13.443804740905762,-2.9267584670444333,-2.063103726332232,1.2746224403381348,1.0384796857833862,1.5564112663269043,1.51277756690979,-7.31568431854248,21.06517219543457,1.3472881327847868,False,True,True,True,True
29,04161580,-1.241929531097412,-15.566732406616213,-6.705972671508789,0.0481652877522837,-1.4391461197249282,0.9852808117866516,1.8266812562942505,0.986760675907135,2.590585231781006,5.464043140411377,14.3248028755188,0.6185606749430759,False,True,False,False,True
29,04185000,0.0435348153114318,-3.115276336669922,0.3133284449577331,0.5124166760070972,0.594200865106387,1.3803105354309082,1.1695444583892822,0.75661700963974,1.0232833623886108,-0.2697936296463012,3.1588111519813538,1.0854098636055132,False,True,True,True,True
29,04196800,0.3316879868507385,-0.9870926141738892,0.4551396369934082,0.1003720720340022,0.3674137810097273,1.8801548480987549,1.6976438760757446,0.3266003131866455,0.6851130127906799,-0.1234516501426696,1.3187806010246277,1.0936104535104276,False,True,True,True,True
29,04197100,0.5608173608779907,-0.680511474609375,0.5184686183929443,0.3651081974155105,0.6291443539433603,1.5432393550872805,1.6159318685531616,0.4978262186050415,1.1941449642181396,0.0423487424850463,1.2413288354873655,0.965884348067674,True,True,True,True,True
29,04197170,0.6977419257164001,-0.068535566329956,0.6035087704658508,0.5907728759846148,0.5791746316223416,1.6428422927856443,1.8815845251083372,0.8131283521652222,1.1237174272537231,0.0942331552505493,0.7662774920463562,0.8770247642288198,True,True,True,True,True
29,04213000,0.1098850965499877,-0.3499979972839355,0.3471018671989441,0.0597473788364228,0.2999010364169221,2.829985380172729,2.4237279891967773,0.4680462777614593,0.8320130109786987,-0.2372167706489563,0.4598830938339233,1.5158197242506637,False,True,True,True,True
29,04213075,0.2497254014015197,-0.3102190494537353,0.2933334112167358,0.2966988823874045,0.4407721654281544,2.4553117752075195,2.382889032363892,0.6445990800857544,1.26126229763031,-0.043608009815216,0.5599444508552551,1.0778791713153144,False,True,True,True,True
29,04216418,0.1604560613632202,-0.3049126863479614,0.5306545495986938,0.117031222905531,0.5307019966890427,2.142813205718994,1.6021710634231567,0.3594329357147217,0.8921800255775452,-0.3701984882354736,0.4653687477111816,1.7954949490188523,False,True,True,True,True
29,04221000,0.2902920842170715,-0.5698446035385132,0.5816677808761597,0.2559154841125473,0.5615668922010141,1.687493085861206,1.2955758571624756,0.5277453064918518,0.9571264386177064,-0.2913756966590881,0.8601366877555847,1.3387551081205422,False,True,True,True,True
29,04224775,0.202988862991333,-0.978281021118164,0.4776145219802856,0.1009002615338231,0.4886141126498212,1.615967869758606,1.308266043663025,0.316415399312973,0.9782902002334596,-0.2746256589889526,1.181269884109497,1.23248341694242,False,True,True,True,True
29,04233000,0.1808308362960815,-1.1224501132965088,0.5239477157592773,0.0796754856996606,0.5416667107713586,1.488833785057068,1.1349762678146362,0.2553760111331939,0.9874773025512696,-0.3431168794631958,1.3032809495925903,1.2632716142827494,False,True,True,True,True
29,04256000,0.5576583743095398,0.1563209891319275,0.393250048160553,0.6797493296641692,0.6073200910615695,1.7147005796432495,2.0082337856292725,1.1604920625686646,1.2000876665115356,0.1644083261489868,0.4013373851776123,0.5903488381073003,True,True,False,False,True
29,04296000,0.3739206790924072,-0.3041454553604126,0.1053289175033569,0.4645933143010298,0.4302671858631762,1.7050880193710327,2.0382800102233887,1.4871845245361328,1.4485604763031006,0.2685917615890503,0.6780661344528198,0.6038855976699142,False,True,False,False,True
29,05057200,-1.1148402690887451,-12.423955917358398,-2.0822527408599854,-0.0072880393505847,-1.1801258124260523,0.7131574749946594,0.8609556555747986,1.584289312362671,2.9233357906341557,0.9674124717712402,11.309115648269652,0.9144572836763536,False,True,False,True,True
29,05120500,-45.556297302246094,-80.73219299316406,-81.428955078125,-5.607245453170807,-8.687512516988974,1.6691583395004272,2.220998287200928,3.1331257820129395,6.092577934265137,35.872657775878906,35.17589569091797,-0.0198079415257316,False,True,False,False,False
29,05291000,0.2594489455223083,-4.276683330535889,-0.1769236326217651,0.4898098005561883,0.0613587277506386,0.7161600589752197,0.9028315544128418,0.7083138823509216,1.7964446544647217,0.4363725781440735,4.536132276058197,0.9038007378119776,False,True,False,True,True
29,05362000,0.2716804146766662,-1.805283546447754,0.4617847800254822,0.1992229520381818,0.2479823214608699,1.445616602897644,1.2427109479904177,1.7035620212554932,1.7073432207107544,-0.1901043653488159,2.07696396112442,1.0915299296988754,False,True,True,True,True
29,05393500,0.4704612493515014,-0.3919484615325928,0.4843613505363464,0.522709917351206,0.3381873060416503,1.4976977109909058,1.4779101610183716,1.377180099487305,1.58076012134552,-0.0139001011848449,0.8624097108840942,1.0161177465993458,False,True,True,True,True
29,05399500,0.4457406401634216,-0.1715819835662841,0.4251007437705993,0.0517259519687299,0.0112776077262931,1.7243996858596802,1.7562134265899658,1.881490707397461,1.9065204858779907,0.0206398963928222,0.6173226237297058,0.9665654625321825,False,True,True,True,True
29,05408000,-0.3994061946868896,-2.3739829063415527,-0.4965296983718872,0.2566091503407721,0.3314713601997711,1.2563657760620115,1.2992324829101562,1.4884368181228638,1.182664394378662,0.0971235036849975,1.974576711654663,0.9508130005222184,False,True,True,True,True
29,05413500,-0.1314201354980468,-5.599459648132324,0.1830953359603881,0.4268841215657964,0.5456856140686828,1.0825138092041016,0.9198291897773744,1.105303168296814,0.7268272042274475,-0.314515471458435,5.468039512634277,1.0575188732143808,False,True,True,True,True
29,05414000,-0.1822637319564819,-3.877735137939453,0.1124604940414428,0.4718769743810901,0.5099102698938192,1.395930290222168,1.2094846963882446,1.113354206085205,0.7708202600479126,-0.2947242259979248,3.695471405982971,1.079752809214209,False,True,True,True,True
29,05444000,-0.2002965211868286,-8.88343620300293,-0.4846656322479248,0.3937416051572362,0.3157454820871522,1.3941659927368164,1.550545573234558,0.7414887547492981,1.204827070236206,0.2843691110610962,8.683139681816101,0.9672504276700038,False,True,False,True,True
29,05454000,0.5753599405288696,-1.9567067623138428,0.521376371383667,0.5023852798309077,0.5951517663257075,1.2798062562942505,1.358722448348999,0.6071764826774597,0.9156612157821656,0.0539835691452026,2.5320667028427124,0.9786800367128576,True,True,True,True,True
29,05458000,0.0810089707374572,-3.181725025177002,0.2123986482620239,0.5620685780861898,0.6015368395339636,1.7901740074157717,1.6572684049606323,1.138473391532898,1.1637932062149048,-0.1313896775245666,3.2627339959144592,1.0402698098248555,False,True,True,True,True
29,05466500,0.1972247958183288,-4.1720075607299805,0.2076277732849121,0.2480302079326805,0.5810488240704541,1.3023601770401,1.2938941717147827,0.3869648277759552,0.8905065059661865,-0.0104029774665832,4.369232356548309,1.0023809622875726,False,True,True,True,True
29,05487980,0.3831596970558166,-0.1119971275329589,0.4854723811149597,0.1729036786822257,0.419395035346091,1.9572570323944087,1.7875815629959106,0.4791881740093231,0.9100561141967772,-0.102312684059143,0.4951568245887756,1.2066268280642465,False,True,True,True,True
29,05488200,0.1365731954574585,0.0631287693977356,0.3739854693412781,-0.2523589106086776,0.3368892145932191,2.808138847351074,2.391101598739624,0.1205387935042381,0.8711276054382324,-0.2374122738838195,0.0734444260597229,4.232543116216372,False,True,True,True,True
29,05489000,0.0825128555297851,-0.0635089874267578,0.3399969339370727,-0.3050109229321804,0.209700399021193,2.6891064643859863,2.28076720237732,0.1036771014332771,0.6407687664031982,-0.2574840784072876,0.1460218429565429,2.7633257682134342,False,True,True,True,True
29,05495000,0.3170434236526489,-0.4357972145080566,0.4555504322052002,-0.0311629681006462,0.3026111282955229,2.268318653106689,2.0252859592437744,0.2533768713474273,0.660857081413269,-0.1385070085525512,0.7528406381607056,1.1839791870042289,False,True,True,True,True
29,05495500,0.6312389373779297,-0.630020260810852,0.6321711540222168,0.3970328506187797,0.5740443185928863,1.668379306793213,1.666269302368164,0.5936003923416138,1.0078541040420532,-0.0009322166442871,1.2612591981887815,1.0007391158341012,True,True,True,True,True
29,05501000,0.5911924242973328,-0.0358357429504394,0.5688461065292358,0.3307876298578175,0.4550556120139869,1.923465609550476,1.975336670875549,0.5814298987388611,0.8937126994132996,0.0223463177680969,0.6270281672477722,0.9643615407802458,True,True,True,True,True
29,05503800,0.4836837649345398,-0.1455227136611938,0.6131430268287659,0.1832964423808619,0.5463422750967752,2.2533092498779297,1.9504648447036743,0.4303889274597168,1.1385587453842163,-0.129459261894226,0.6292064785957336,1.2057500459676669,False,True,True,True,True
29,05507600,0.5508663654327393,0.4254043102264404,0.5561050176620483,0.3464886412884613,0.4412872307345669,2.818774461746216,2.802287340164185,0.6434937715530396,1.047679424285889,-0.005238652229309,0.1254620552062988,1.0417548733813988,True,True,True,True,True
29,05508805,0.631279468536377,0.2461414337158203,0.4712485074996948,0.555754646892147,0.3423442325765253,1.965489745140076,2.35368275642395,1.016088366508484,0.8483665585517883,0.1600309610366821,0.3851380348205566,0.5844841418707355,True,True,False,False,True
29,05525500,0.5111535787582397,-2.781576156616211,0.4930098056793213,0.4538474781251003,0.7321775558044967,1.4402148723602295,1.4666986465454102,0.5537512302398682,0.9548344612121582,0.0181437730789184,3.2927297353744507,0.9944897472501322,True,True,True,True,True
29,05556500,0.5444729328155518,-2.5812222957611084,0.4920617938041687,0.7759338147539832,0.6711586065085904,1.277213215827942,1.3486888408660889,0.9744601845741272,1.2226896286010742,0.052411139011383,3.12569522857666,0.9832321659091346,True,True,True,True,True
29,05584500,0.3180899024009704,-2.924994468688965,0.2704381942749023,0.3213259161143926,0.482056916745297,1.68536639213562,1.7432585954666138,0.501691460609436,0.8512907028198242,0.0476517081260681,3.2430843710899357,0.9853066702331728,False,True,True,True,True
29,05591550,0.3271001577377319,-0.2913470268249511,0.4961211085319519,0.0094634537654745,0.3269780930632031,2.361193895339966,2.043240785598755,0.2509270310401916,0.6259670257568359,-0.1690209507942199,0.6184471845626831,1.2732989251357627,False,True,True,True,True
29,05592050,0.2654043436050415,-0.3811899423599243,0.4990204572677612,-0.0664620438461629,0.3331795581704397,2.3794517517089844,1.965000867843628,0.2268727570772171,0.6639699935913086,-0.2336161136627197,0.6465942859649658,1.361302471632695,False,True,True,True,True
29,05592575,0.4190787076950073,0.1295810341835022,0.3721742630004883,0.1464532187872952,0.2868552519101662,2.637112855911255,2.741508960723877,0.4370603859424591,0.8553495407104492,0.046904444694519,0.2894976735115051,0.8379798907342343,False,True,True,True,True
29,05593575,0.6980018019676208,-0.0120521783828735,0.7231132984161377,0.608087594931748,0.5960860388429288,1.7009804248809814,1.6287264823913574,0.8642886877059937,1.2558131217956543,-0.0251114964485168,0.7100539803504944,1.0353656160565727,True,True,True,True,True
29,05593900,0.4807046055793762,0.1359409689903259,0.4907733798027038,0.1884908863912305,0.386232689088173,2.716212272644043,2.6897506713867188,0.4280980825424194,0.8552343845367432,-0.0100687742233276,0.3447636365890503,1.0292048614028555,False,True,True,True,True
29,05595730,0.7312902212142944,0.1225755214691162,0.705949068069458,0.6062694582127618,0.566304313247687,1.9817031621932983,2.073042154312134,1.1620333194732666,1.1362740993499756,0.0253411531448364,0.6087146997451782,0.9583694082705004,True,True,True,True,True
29,06221400,-0.1235355138778686,0.0642219185829162,0.110180914402008,-0.0557706235443939,0.0059954688663532,2.022111177444458,1.7995442152023315,0.3178056478500366,0.3071753978729248,-0.2337164282798767,-0.1877574324607849,,False,False,True,False,True
29,06224000,-0.033657431602478,0.1451768279075622,0.1603639125823974,-0.1284228351140814,-0.0130839426391771,1.861149549484253,1.6774072647094729,0.2142395079135894,0.2965736985206604,-0.1940213441848755,-0.1788342595100402,,False,False,True,False,True
29,06278300,0.2261651158332824,0.3071573376655578,0.3233898878097534,0.2571503489672907,0.164673421237937,2.512040376663208,2.3489387035369877,0.7976933121681213,0.5393677949905396,-0.0972247719764709,-0.0809922218322753,,False,False,True,False,True
29,06289000,0.0933669805526733,0.0771040320396423,-0.3384559154510498,0.560935144214622,-0.1472944315766786,0.8194347023963928,0.9956361055374146,0.972559690475464,0.3075557053089142,0.4318228960037231,0.016262948513031,,False,False,False,False,False
29,06311000,0.3341879844665527,0.493556261062622,0.5097265839576721,0.0951117349495305,0.2540557803737502,0.8552407622337341,0.7338913083076477,0.4060910940170288,0.5100682973861694,-0.1755385994911193,-0.1593682765960693,,False,False,True,False,True
29,06332515,-0.5653156042098999,-8.150003433227539,-0.4425585269927978,-0.2762910017076589,-0.2856749507334299,0.2611977458000183,0.2507466673851013,2.065141201019287,2.0378246307373047,-0.122757077217102,7.584687829017639,1.0161848555912156,False,True,True,True,True
29,06339100,0.1915010809898376,-3.593842029571533,0.1409316062927246,0.2575799077929572,0.2255083142575645,0.3602026104927063,0.371296614408493,0.9636212587356568,1.078933835029602,0.050569474697113,3.785343110561371,0.9866407157237554,False,True,True,True,True
29,06344600,0.0989859700202941,-2.571455717086792,0.1024122238159179,0.1809135255972187,0.130359856750718,0.423918217420578,0.4231114387512207,1.1639392375946045,1.1232259273529053,-0.0034262537956237,2.670441687107086,1.001283028875772,False,True,True,True,True
29,06352000,0.4045870900154114,-2.524085521697998,0.2623860836029053,0.2704044631957675,0.168191605678643,0.3666518330574035,0.4080931544303894,0.716831624507904,1.5242823362350464,0.1422010064125061,2.928672611713409,0.951445236369622,False,True,False,True,True
29,06404000,-0.346474289894104,-6.301764011383057,-0.1294301748275756,0.3391316713810158,-0.7842239848348591,0.3258518278598785,0.2984357476234436,1.2411824464797974,2.740053415298462,-0.2170441150665283,5.955289721488953,1.0364456013421732,False,True,True,True,True
29,06406000,-0.0303763151168823,-2.008208036422729,-0.6314828395843506,0.1882769934538083,-0.1043504555252936,0.17710842192173,0.2228602021932602,0.7140737771987915,1.8893300294876096,0.6011065244674683,1.9778317213058472,0.6960780242362619,False,True,False,False,True
29,06409000,-170.92849731445312,-337.8113708496094,-13.501039505004885,-11.015356072064888,-2.090418977662883,0.9685754179954528,0.2812930941581726,3.4467945098876958,1.3588898181915283,-157.42745780944824,166.88287353515625,1.943341006027703,False,True,True,True,True
29,06431500,-20.960731506347656,-34.03642272949219,-1.640188694000244,-3.2324788330804752,-0.0133005443102496,0.8970799446105957,0.3110464513301849,1.4718294143676758,0.5958747863769531,-19.32054281234741,13.075691223144531,2.477592463957028,False,True,True,True,True
29,06440200,-0.1911834478378296,-13.455842971801758,-1.1783168315887451,0.3386351240357363,-2.9179675727903547,0.2611575722694397,0.3531619012355804,1.2256839275360107,4.853293895721436,0.9871333837509156,13.264659523963928,0.925581702118508,False,True,False,True,True
29,06447500,-224.5997772216797,-691.1453857421875,-164.62869262695312,-13.54384542326662,-11.555433349634262,0.9490032196044922,0.8131415247917175,7.900731563568115,8.858874320983887,-59.97108459472656,466.5456085205078,1.128542812319903,False,True,True,True,True
29,06470800,-0.1503641605377197,-3.4917068481445312,-0.1612070798873901,0.327432850935918,-0.000601819124566,1.0437300205230713,1.0486373901367188,1.1233266592025757,1.777863621711731,0.0108429193496704,3.3413426876068115,0.996754921490128,False,True,True,True,True
29,06477500,-0.9515659809112548,-32.38569259643555,-4.834438800811768,0.2310997782706229,-3.331429825049561,0.5389683246612549,0.9319039583206176,1.152199625968933,5.018216133117676,3.8828728199005127,31.43412661552429,0.876475880262476,False,True,False,True,True
29,06479215,-1.1719639301300049,-11.507308959960938,-2.859147548675537,-0.491523642308201,-1.8828519414962075,0.9069018363952636,1.2088701725006104,2.1912529468536377,3.613055944442749,1.6871836185455322,10.335345029830933,0.8367559463495597,False,True,False,True,True
29,06601000,-1.820908546447754,-31.61201858520508,-6.362488746643066,-0.0203401254180302,-1.3008630935555012,0.7645336985588074,1.2351350784301758,0.7127271294593811,2.10451602935791,4.5415802001953125,29.791110038757324,0.8475525015923591,False,True,False,True,True
29,06614800,0.6161143183708191,0.6175427436828613,0.3960717916488647,0.5769941074815762,0.2442497816388527,2.0361032485961914,2.5538272857666016,0.9655041694641112,0.6733508110046387,0.2200425267219543,-0.0014284253120422,,True,False,False,False,False
29,06622700,0.6480615139007568,0.7077308893203735,0.7726243734359741,0.4838992178342378,0.6598252467631489,1.5750797986984253,1.2660216093063354,0.6888679265975952,1.055439829826355,-0.1245628595352172,-0.0596693754196167,,True,False,True,False,True
29,06623800,0.6456334590911865,0.7104231119155884,0.7884750962257385,0.4590388215342956,0.6198427053253108,1.634796380996704,1.2630428075790403,0.7444621324539185,1.3557225465774536,-0.142841637134552,-0.0647896528244018,,True,False,True,False,True
29,06632400,0.715238094329834,0.726725161075592,0.6624557971954346,0.7280085691921978,0.541528317676804,1.2922842502593994,1.406962275505066,0.9657798409461976,0.9258599877357484,0.0527822971343994,-0.011487066745758,,True,False,True,False,False
29,06746095,0.1788773536682129,0.2704147696495056,0.2618301510810852,-0.0498048910548019,0.0342640932913079,5.699092388153076,5.403558254241943,0.3560482859611511,0.4318447113037109,-0.0829527974128723,-0.0915374159812927,,False,False,True,False,False
29,06803510,0.3238871693611145,-3.506868362426758,0.2895449995994568,0.0150182939227115,0.0711078655884288,0.8794436454772949,0.9015020728111268,0.2834034860134125,1.7907929420471191,0.0343421697616577,3.830755531787872,0.9910351445095664,False,True,True,True,True
29,06803530,0.060392677783966,-3.413938045501709,0.1333033442497253,-0.2905601738945536,0.2897572958910225,1.0460542440414429,1.0046495199203491,0.1310568153858184,1.134167194366455,-0.0729106664657592,3.474330723285675,1.0209855285154914,False,True,True,True,True
29,06814000,0.185733675956726,-1.1689376831054688,0.1756101846694946,-0.0554148449421825,0.2772866887513362,1.315319299697876,1.3234703540802002,0.3093076646327972,1.293516755104065,0.0101234912872314,1.3546713590621948,0.9925269762149252,False,True,True,True,True
29,06847900,-242.1528778076172,-1914.8817138671875,-448.3941955566406,-30.04485563791288,-56.47352075608688,0.6898708939552307,0.9378682971000672,28.48712158203125,55.31246566772461,206.24131774902344,1672.7288360595703,0.8767036752741921,False,True,False,True,True
29,06853800,-3.799562931060791,-49.70809173583984,-5.16492223739624,-2.024730993892226,-5.626849607947326,0.8195637464523315,0.92885023355484,3.5435171127319336,7.421571731567383,1.3653593063354492,45.90852880477905,0.970259136115176,False,True,False,True,True
29,06876700,-4.12044095993042,-27.899621963500977,-1.0837016105651855,-0.9918445059717328,-0.8297757502012677,0.6431654691696167,0.4102860987186432,2.313622236251831,2.690917491912842,-3.0367393493652344,23.77918100357056,1.1277058006711524,False,True,True,True,True
29,06878000,0.3041161298751831,-1.7353947162628174,0.2173284292221069,0.0689819371083696,0.1680701389628573,0.6781589388847351,0.7192053198814392,0.3498629927635193,1.5820432901382446,0.0867877006530761,2.0395108461380005,0.9574468060234068,False,True,True,True,True
29,06879650,0.2213296890258789,-0.6740521192550659,0.1343910098075866,0.1950753237107294,0.1535608930939187,1.6863362789154053,1.777985692024231,0.6300451755523682,1.0298515558242798,0.0869386792182922,0.8953818082809448,0.902903232549244,False,True,True,True,True
29,06885500,0.0632109642028808,-0.6654810905456543,0.2416722178459167,-0.3042453008161501,0.2248554932725122,1.4818283319473269,1.3332312107086182,0.1867562085390091,0.8691715598106384,-0.1784612536430359,0.7286920547485352,1.2449062707354772,False,True,True,True,True
29,06888500,0.429924726486206,-0.223596453666687,0.1547932028770446,0.1318506295662534,0.0052339141239398,1.3621065616607666,1.6585420370101929,0.3630577623844147,0.5153763890266418,0.2751315236091614,0.6535211801528931,0.5790013668037605,False,True,False,False,True
29,06889200,0.1350417733192443,0.1446956992149353,0.1317949295043945,-0.0661204215813351,-0.0097247501017849,3.0064024925231934,3.01203989982605,0.5050280094146729,0.7454427480697632,0.0032468438148498,-0.0096539258956909,,False,False,True,False,False
29,06889500,0.2357322573661804,0.1625505685806274,0.2388308048248291,-0.0510175332458673,0.1116262808707242,2.2692198753356934,2.264615297317505,0.355797529220581,0.7009124159812927,-0.0030985474586486,0.0731816887855529,1.0423404749202834,False,True,True,True,True
29,06892000,0.4784013628959656,-0.5683296918869019,0.3324393630027771,0.3804299199668157,0.1544115253067309,1.65981924533844,1.8777507543563845,0.6843845844268799,0.6104632616043091,0.1459619998931884,1.0467310547828674,0.8605544382902954,False,True,False,True,True
29,06903400,0.1816813349723816,-0.7381101846694946,0.4358832240104675,-0.1875971950171631,0.3880346350259429,2.3079721927642822,1.9162575006484983,0.148574948310852,0.8310215473175049,-0.2542018890380859,0.9197915196418762,1.2763690288610838,False,True,True,True,True
29,06906800,0.4903320670127868,0.3351926803588867,0.3860066533088684,0.3497427950335757,0.2396037305323122,2.122668981552124,2.3298099040985107,0.7206551432609558,0.7032263875007629,0.1043254137039184,0.1551393866539001,0.3275375392797084,False,True,False,False,True
29,06910800,0.2641951441764831,0.1656928062438964,0.1778515577316284,-0.1555665080948907,0.0416662681070341,2.0580203533172607,2.175421714782715,0.1675254851579666,0.6689815521240234,0.0863435864448547,0.0985023379325866,0.1234361715967917,False,True,True,False,True
29,06911900,0.2525331974029541,0.4088601469993591,0.1331633925437927,-0.2007150994332276,-0.049366025877088,2.5346662998199463,2.729565143585205,0.1241656243801117,0.5957930684089661,0.1193698048591613,-0.156326949596405,,False,False,False,False,False
29,06917000,0.5978844165802002,0.4808031916618347,0.4367320537567138,0.3958992158742381,0.0959591104928032,2.174394369125366,2.573477506637573,0.6764477491378784,0.4194187223911285,0.1611523628234863,0.1170812249183654,-0.3764150736879402,True,True,False,False,False
29,06918460,0.5524382591247559,-1.0348191261291504,0.5347192287445068,0.4472132199171562,0.7125178013554601,1.281063675880432,1.3061763048171997,0.5063321590423584,0.830220103263855,0.017719030380249,1.5872573852539062,0.98883669999279,True,True,True,True,True
29,06919500,0.5365622639656067,-0.5632628202438354,0.437919557094574,0.6301890921049715,0.2801058543769261,1.5500595569610596,1.7070722579956057,1.1381912231445312,0.6504518389701843,0.0986427068710327,1.099825084209442,0.910310550025382,True,True,True,True,True
29,06921070,0.5466207265853882,0.135244607925415,0.6907896995544434,0.2418785052741886,0.6568833503338067,1.9117509126663208,1.5788012742996216,0.4453994631767273,1.0058884620666504,-0.1441689729690551,0.4113761186599731,1.3504553775233108,True,True,True,True,True
29,06921200,0.4104240536689758,0.1854121088981628,0.5519523620605469,0.1622293105451016,0.5248204818626017,2.5972931385040283,2.2641916275024414,0.4395810961723327,1.0333844423294067,-0.141528308391571,0.225011944770813,1.6289813126842017,False,True,True,True,True
29,07057500,0.5469473600387573,-2.049713134765625,0.5168251991271973,0.2169177545097762,0.6778037693428052,1.2339835166931152,1.2743453979492188,0.2655830979347229,0.7859731912612915,0.03012216091156,2.5966604948043823,0.9883996537199102,True,True,True,True,True
29,07060710,0.4939462542533874,-0.0300409793853759,0.4429661631584167,0.4314058080055541,0.2477021747490898,2.9045372009277344,3.0473296642303467,1.396328330039978,1.6249288320541382,0.0509800910949707,0.5239872336387634,0.9027073794509346,False,True,True,True,True
29,07066000,0.6713418960571289,-0.0453994274139404,0.579855740070343,0.5611584283497972,0.5514857543532361,1.2682788372039795,1.4339756965637207,0.6309640407562256,0.6912384629249573,0.0914861559867858,0.7167413234710693,0.8723581953615673,True,True,True,True,True
29,07083000,0.8066163063049316,0.8257323503494263,0.6645311117172241,0.6870755328536401,0.6248582530883986,0.6853340268135071,0.9026480317115784,0.8025447130203247,0.939087450504303,0.1420851945877075,-0.0191160440444946,,True,False,False,False,False
29,07142300,-115.04803466796876,-710.1974487304688,-221.8091735839844,-14.49983483038397,-22.139705526452406,0.8966322541236877,1.2424014806747437,13.337547302246094,20.230684280395508,106.76113891601562,595.1494140625,0.8206145609935793,False,True,False,True,True
29,07145700,0.5671958923339844,0.2294526100158691,0.5298135876655579,0.4856539629968966,0.3586713507840313,1.7234522104263306,1.7963402271270752,0.7929786443710327,1.4095462560653689,0.0373823046684265,0.3377432823181152,0.8893173998551459,True,True,True,True,True
29,07167500,0.2532457709312439,0.6012606620788574,0.1668763160705566,-0.1361244299283575,-0.0673245180252888,4.276634693145752,4.517187118530273,0.207611009478569,0.4493902325630188,0.0863694548606872,-0.3480148911476135,,False,False,True,False,False
29,07180500,0.1352208256721496,0.3038462400436401,0.1154137849807739,-0.2869300419040315,-0.0405783885274009,2.8334507942199707,2.865715980529785,0.1020797938108444,0.616685688495636,0.0198070406913757,-0.1686254143714904,,False,False,True,False,False
29,07184000,0.2037137150764465,0.3877443075180053,0.2489047050476074,-0.1629186589042184,0.0631198159898062,3.5262975692749023,3.424773693084717,0.2154655158519745,0.5777620077133179,-0.0451909899711608,-0.1840305924415588,,False,False,True,False,False
29,07195800,0.4955365657806396,-2.1509392261505127,0.4311744570732116,0.3975448113627357,0.7253805499691847,1.364165186882019,1.4485772848129272,0.4503912329673767,0.9882776737213136,0.0643621087074279,2.6464757919311523,0.9756800689794096,False,True,True,True,True
29,07196900,0.3803059458732605,0.1244341135025024,0.3174652457237243,0.2108966542718338,0.2842345387737153,2.566602230072021,2.6935949325561523,0.5295022130012512,0.7882465124130249,0.0628407001495361,0.255871832370758,0.754405557003711,False,True,True,False,True
29,07197000,0.7301284074783325,-0.3890583515167236,0.5776227712631226,0.5803900326313548,0.5174723244681383,1.2830973863601685,1.605207920074463,0.7090944051742554,0.7794899940490723,0.1525056362152099,1.1191867589950562,0.86373531049264,True,True,False,True,True
29,07261000,0.5899628400802612,0.3846438527107239,0.313473641872406,0.4896402538843165,0.1141274213145037,2.4792568683624268,3.208030939102173,0.7806506752967834,0.5427219867706299,0.2764891982078552,0.2053189873695373,-0.3466323877305329,True,True,False,False,False
29,07263295,0.4339721798896789,0.3360872864723205,0.4747804403305053,0.2797079084591042,0.3627606312488742,3.925166606903076,3.781025886535645,0.6262187361717224,0.9179903268814088,-0.0408082604408264,0.0978848934173584,1.4169004942042436,False,True,True,True,True
29,07291000,0.4495910406112671,0.0961800217628479,0.4471297860145569,0.4207784599849304,0.2674076583525042,3.8808536529541016,3.8895208835601807,1.1126433610916138,1.499802589416504,0.0024612545967102,0.3534110188484192,0.9930357163035546,False,True,True,True,True
29,07299670,-0.0398768186569213,-14.622142791748049,-1.8515641689300537,,-2.15634579174234,0.3743667304515838,0.6199374794960022,0.0,4.013798713684082,1.8116873502731323,14.582265973091124,0.8757609171567529,False,True,False,True,True
29,07301410,-469.6141052246094,-1032.066650390625,-414.87884521484375,-22.35929478076561,-22.34805085731417,1.4647095203399658,1.3769001960754397,13.636343002319336,16.526182174682617,-54.735260009765625,562.4525451660156,1.097315338832025,False,True,True,True,True
29,07315200,-0.0010925531387329,-1.8583917617797847,0.2416242361068725,-0.5769233792786816,-0.6870871853309646,0.8224718570709229,0.7158567905426025,0.012313075363636,2.59289288520813,-0.2427167892456054,1.857299208641052,1.1306826536706471,False,True,True,True,True
29,07315700,0.2767527103424072,-3.366868019104004,0.3747872114181518,0.3000686539299341,0.4020377178954306,1.065338373184204,0.990508198738098,0.5734635591506958,1.4477185010910034,-0.0980345010757446,3.643620729446411,1.02690579189087,False,True,True,True,True
29,07335700,0.3883411884307861,0.1647731065750122,0.3726789355278015,0.4131285964335965,0.3369928497017936,4.594732284545898,4.653187274932861,0.9077103137969972,0.955132782459259,0.0156622529029846,0.2235680818557739,0.9299441459935748,False,True,True,True,True
29,07340300,0.4101471900939941,0.1869174242019653,0.5367635488510132,0.2258626968664121,0.4298554533350843,3.602477550506592,3.1924993991851807,0.4819262325763702,0.8307832479476929,-0.126616358757019,0.2232297658920288,1.5672019510975992,False,True,True,True,True
29,07346045,0.3845551013946533,-1.328624248504639,0.272734522819519,0.5516589878816704,0.1949633144970651,1.3797260522842407,1.499839425086975,1.344218373298645,1.753680944442749,0.1118205785751342,1.713179349899292,0.934729204749224,False,True,False,True,True
29,07359610,0.4515377879142761,0.3479766845703125,0.4501808881759643,0.3567521821093333,0.366199642927,3.637310028076172,3.641806364059448,0.6436787247657776,0.8403812646865845,0.0013568997383117,0.1035611033439636,0.9868975928751452,False,True,True,True,True
29,07362100,0.2083529829978943,-0.2829400300979614,0.468904435634613,0.0249661517581919,0.477703190772481,2.819873571395874,2.30967116355896,0.4686907529830932,1.234147310256958,-0.2605514526367187,0.4912930130958557,1.530338200811911,False,True,True,True,True
29,07362587,0.329805314540863,0.3384943008422851,0.424116849899292,0.1885222348761458,0.3220342440358945,5.531432628631592,5.127484321594238,0.622304379940033,0.95317542552948,-0.0943115353584289,-0.0086889863014221,,False,False,True,False,True
29,07375000,-0.0305026769638061,-1.87778639793396,0.0385618209838867,0.2475839759938523,-0.0513849516008255,3.524693012237549,3.404531955718994,1.606226921081543,1.982121825218201,-0.0690644979476928,1.8472837209701536,1.0373870549302635,False,True,True,True,True
29,08013000,-0.1364511251449585,-3.5677947998046875,-0.2865908145904541,0.4234285221369114,0.2823460784056532,3.1183667182922363,3.31796669960022,1.1634577512741089,1.4688925743103027,0.1501396894454956,3.431343674659729,0.9562446365969494,False,True,False,True,True
29,08014500,-0.3923738002777099,-4.70788049697876,-0.6197738647460938,0.358022891384669,-0.0014174855443562,3.153572797775269,3.4013564586639404,1.2516435384750366,1.7847946882247925,0.2274000644683838,4.31550669670105,0.9473062885889582,False,True,False,True,True
29,08023080,0.2510695457458496,-0.106616735458374,0.5397387742996216,0.0574665165801263,0.4305955601649427,3.063673257827759,2.401728391647339,0.517406165599823,1.3146342039108276,-0.288669228553772,0.3576862812042236,1.8070458491779675,False,True,True,True,True
29,08050800,0.0840727686882019,0.1379501223564148,0.1760335564613342,-0.2568343928564496,-0.5362999148761349,3.2129147052764893,3.04735803604126,0.3043464124202728,2.321497201919556,-0.0919607877731323,-0.0538773536682128,,False,False,True,False,True
29,08066200,0.3476197719573974,-0.1385947465896606,0.4599127769470215,0.3339755274297069,0.216908197980843,2.7160658836364746,2.4712793827056885,0.9802987575531006,1.644696593284607,-0.112293004989624,0.4862145185470581,1.2309536237732803,False,True,True,True,True
29,08066300,-1.041207790374756,-5.463407039642334,-0.7800339460372925,-0.7749529526585826,-0.7541295094882046,2.473386287689209,2.309736728668213,2.5724658966064453,2.607290506362915,-0.2611738443374634,4.422199249267578,1.059059718844808,False,True,True,True,True
29,08070000,0.5579355955123901,-1.8260414600372317,0.4874004125595093,0.5443584994840559,0.5401598519791676,1.4309128522872925,1.5408471822738647,1.236467719078064,1.2330336570739746,0.0705351829528808,2.3839770555496216,0.970412809641484,True,True,True,True,True
29,08070200,0.5092723369598389,-3.978111743927002,0.3905641436576843,0.5514481402743152,0.6102818447167679,1.2129435539245603,1.3517124652862549,1.3733190298080444,1.2077335119247437,0.1187081933021545,4.487384080886841,0.973546237370728,True,True,False,True,True
29,08082700,-0.0003218650817871,-0.2255351543426513,0.3149240612983703,-0.5459855226753061,-1.5390218511577247,1.3993076086044312,1.158010959625244,0.1540723443031311,3.4519121646881104,-0.3152459263801574,0.2252132892608642,2.3997660946863952,False,True,True,True,True
29,08086212,-0.0077357292175292,-4.800421714782715,0.2761722207069397,-0.6865510739687202,-1.7567063084394223,0.6096473932266235,0.5166816115379333,0.0104834018275141,3.736327409744263,-0.283907949924469,4.7926859855651855,1.0592377532722892,False,True,True,True,True
29,08086290,-0.0029948949813842,-2.054204225540161,0.50348961353302,-0.6126519755351965,-1.022972987087977,0.8275521993637085,0.5822509527206421,0.0093449903652071,3.0047411918640137,-0.5064845085144043,2.051209330558777,1.2469199515470375,False,True,True,True,True
29,08101000,0.2125117778778076,-0.4481405019760132,0.1816411614418029,-0.2169387211040321,0.1222936406950049,1.338733434677124,1.3647212982177734,0.1358628422021865,0.723956286907196,0.0308706164360046,0.6606522798538208,0.9532725196334216,False,True,True,True,True
29,08103900,0.2557116150856018,-0.0246598720550537,0.3215433955192566,0.0338897771858741,0.3420641739382282,1.5620290040969849,1.4913498163223269,0.4543930292129516,0.9811261296272278,-0.0658317804336547,0.2803714871406555,1.2348019804190309,False,True,True,True,True
29,08104900,0.078553557395935,0.1567491888999939,0.2051615715026855,-0.2734161298547255,0.1303038713382682,2.718733549118042,2.5250561237335205,0.2752851545810699,0.8092178106307983,-0.1266080141067505,-0.0781956315040588,,False,False,True,False,True
29,08109700,-0.3020431995391845,-1.4987714290618896,0.1562402844429016,-0.4519837765670949,0.1609213627750619,1.490029215812683,1.199475884437561,2.354283094406128,0.9377877116203308,-0.4582834839820862,1.196728229522705,1.382946998889518,False,True,True,True,True
29,08150800,-0.0757229328155517,-1.923611402511597,0.024774432182312,-1.0439491282961164,0.0598387750337239,0.711063802242279,0.6770346164703369,2.9840080738067627,1.834983468055725,-0.1004973649978637,1.847888469696045,1.054384973252414,False,True,True,True,True
29,08158700,0.5632327795028687,-2.199122428894043,0.036410629749298,0.6812199912883166,0.4438688125465024,0.8868829011917114,1.3173078298568726,1.2341361045837402,1.278170466423035,0.5268221497535706,2.762355208396912,0.8092851534255425,True,True,False,True,True
29,08164300,0.5618172883987427,-0.8143314123153687,0.494346559047699,0.6816216489520894,0.1575925749030398,1.440854787826538,1.5478150844573977,1.1558204889297483,1.7356138229370115,0.0674707293510437,1.376148700714111,0.9509713381148188,True,True,True,True,True
29,08164600,0.4878875613212585,-0.2089228630065918,0.4911618232727051,0.0604730844421561,-0.107250938567321,2.350959539413452,2.3434319496154785,1.895103931427002,2.0547962188720703,-0.0032742619514465,0.6968104243278503,1.0046989279108516,False,True,True,True,True
29,08165300,0.1491334438323974,-1.0870814323425293,-0.4758164882659912,0.2631369989294138,0.1592384081885732,0.8784253597259521,1.156885266304016,1.1248067617416382,1.5732247829437256,0.6249499320983887,1.2362148761749268,0.494464963864456,False,True,False,False,True
29,08171300,0.6503699421882629,-0.0207366943359375,0.5809468030929565,0.4106424970663367,0.6446300345636208,1.0560818910598757,1.1561862230300903,0.5326269268989563,0.7567304372787476,0.0694231390953064,0.6711066365242004,0.8965542354716336,True,True,True,True,True
29,08175000,0.0490932464599609,-1.6615407466888428,0.3813694715499878,0.3446725804970526,0.2835670070191934,1.3027132749557495,1.0507405996322632,0.9668233394622804,1.5111563205718994,-0.3322762250900268,1.7106339931488037,1.1942415656539118,False,True,True,True,True
29,08176900,-0.5791212320327759,-3.4649548530578613,-0.6154451370239258,-1.7222964853492102,-1.933854326960752,1.8434247970581052,1.8645060062408447,3.6543843746185294,3.861004590988159,0.0363239049911499,2.885833621025085,0.9874130286907368,False,True,True,True,True
29,08178880,0.4706300497055053,0.528470516204834,0.4988985657691955,0.1405385807638112,0.202286617267809,4.080931186676025,3.9704747200012207,0.4722584784030914,0.5160670876502991,-0.0282685160636901,-0.0578404664993286,,False,False,True,False,False
29,08189500,0.0009644031524658,-3.839052677154541,-0.7886655330657959,0.202503717197889,-1.4123068587355054,1.401411533355713,1.8751662969589236,1.614234447479248,3.3177175521850586,0.7896299362182617,3.840017080307007,0.7943681187597397,False,True,False,False,True
29,08190000,0.4285612106323242,-0.3764239549636841,0.3596526980400085,-0.0166796602452907,0.4393021069784082,0.6574042439460754,0.6959137916564941,0.1799954771995544,0.6489467024803162,0.0689085125923156,0.8049851655960083,0.9143977857762186,False,True,True,True,True
29,08194200,-0.0130534172058105,-1.465184211730957,0.0879557132720947,,-0.0273286607486036,1.0665712356567385,1.0120025873184204,0.0,1.7066504955291748,-0.1010091304779052,1.4521307945251465,1.0695592510390468,False,True,True,True,True
29,08195000,0.3592540621757507,-0.4924303293228149,0.3290796875953674,0.2008405864931211,0.5761479277152184,1.0723482370376587,1.0973076820373535,0.4117116630077362,0.7673681974411011,0.0301743745803833,0.8516843914985657,0.964570943319402,False,True,True,True,True
29,08196000,0.2717975378036499,-0.2100019454956054,0.2397100329399109,0.2748096884180454,0.4877300625077239,1.4136860370635986,1.4444966316223145,0.7865370512008667,1.059486985206604,0.032087504863739,0.4817994832992553,0.933400707190446,False,True,True,True,True
29,08198500,0.5904104113578796,0.3528339266777038,0.563440203666687,-0.2228203275369555,-0.3183732416589659,1.4540607929229736,1.5011703968048096,2.145800828933716,2.280144691467285,0.0269702076911926,0.2375764846801757,0.8864777895527002,True,True,True,True,True
29,08200000,0.4427484273910522,0.4609101414680481,0.450908899307251,0.2653469892271393,0.1718224917349979,4.1928253173828125,4.162011623382568,0.7223317623138428,0.4972729980945587,-0.0081604719161987,-0.0181617140769958,,False,False,True,False,False
29,08202700,0.2358899116516113,-0.543068528175354,0.0030193924903869,-2.622881460147484,-3.5853521205668386,1.557095646858215,1.7786097526550293,4.586421012878418,5.558862686157227,0.2328705191612243,0.7789584398269653,0.7010488528592703,False,True,False,False,True
29,08267500,-0.0606334209442138,0.361395001411438,-0.0890344381332397,-0.116568002541733,-0.1284486139281708,1.1095751523971558,1.1243326663970947,0.1840776056051254,0.2911063730716705,0.0284010171890258,-0.4220284223556518,,False,False,True,False,False
29,08269000,0.1320005655288696,0.2386479377746582,0.3994843959808349,0.191154981139337,0.687379508663311,0.4912831485271454,0.408633828163147,0.4186689257621765,0.8685004115104675,-0.2674838304519653,-0.1066473722457885,,False,False,True,False,True
29,08271000,-0.1279981136322021,0.353502869606018,0.2786441445350647,-0.1285033058713809,0.3213033090173776,1.3217521905899048,1.0569894313812256,0.154900312423706,0.5006709694862366,-0.4066422581672668,-0.4815009832382202,,False,False,True,False,False
29,08324000,-30.12583923339844,-34.492488861083984,-0.777092456817627,-5.225672675435988,-0.274642942396615,0.9972541332244872,0.2382870018482208,5.11209774017334,1.9329816102981567,-29.34874677658081,4.366649627685547,7.721113274237327,False,True,True,True,True
29,08377900,0.4148745536804199,0.3920152187347412,0.6893683671951294,0.6350258469119605,0.7655346165068329,0.6466761827468872,0.471178263425827,0.757753849029541,0.8754603266716003,-0.2744938135147095,0.0228593349456787,,False,False,True,False,True
29,08378500,-0.5629537105560303,-0.6281061172485352,0.1599009037017822,0.2244366154091835,0.2824852014082907,0.788168728351593,0.5778450965881348,0.8446683287620544,1.3890496492385864,-0.7228546142578125,0.0651524066925048,12.09482597733369,False,True,True,True,True
29,08380500,0.2072616815567016,0.3588865995407104,0.0687049627304077,0.1667996823864521,0.3990270265917643,0.3360263705253601,0.3642101585865021,0.4189954698085785,1.4323625564575195,0.1385567188262939,-0.1516249179840088,,False,False,False,False,False
29,09035800,0.7880493402481079,0.0588021874427795,0.2118736505508422,0.7462785607334956,0.0896323326291086,0.5501022934913635,1.060776710510254,1.1495856046676636,1.6673940420150757,0.5761756896972656,0.7292471528053284,0.2099034086306881,True,True,False,False,True
29,09035900,0.850561797618866,0.8329401016235352,0.8815747499465942,0.7016075670653767,0.7466466277167625,0.6242576837539673,0.5557189583778381,0.7574687600135803,0.8259212970733643,-0.0310129523277282,0.0176216959953308,,True,False,True,False,True
29,09065500,0.5832453966140747,0.7556153535842896,0.6195253133773804,0.2968662125106944,0.3462331296692386,2.215006828308105,2.1163997650146484,0.5572041869163513,0.6091614961624146,-0.0362799167633056,-0.1723699569702148,,True,False,True,False,False
29,09066000,0.6954724788665771,0.6660747528076172,0.6836286783218384,0.6385392492459159,0.550951118143252,1.1823511123657229,1.205124020576477,0.8555536270141602,0.8798646330833435,0.0118438005447387,0.0293977260589599,,True,False,True,False,True
29,09066200,0.5644199848175049,0.571941614151001,0.572757363319397,0.4091366379339983,0.4191796995660906,2.13464903831482,2.1141207218170166,0.8011813163757324,0.7979862689971924,-0.008337378501892,-0.007521629333496,,True,False,True,False,True
29,09066300,0.601680338382721,0.5126319527626038,0.7324405908584595,0.3587931426348902,0.4282807633163296,1.0628048181533811,0.8710593581199646,1.6206352710723877,1.5282522439956665,-0.1307602524757385,0.0890483856201171,2.468418001799216,True,True,True,True,True
29,09081600,0.431127667427063,0.4791069626808166,0.5908052325248718,0.5624073049158043,0.4121752316027766,1.7191967964172363,1.4580862522125244,0.6376887559890747,0.5192835330963135,-0.1596775650978088,-0.0479792952537536,,False,False,True,False,True
29,09107000,0.8039896488189697,0.6778872013092041,0.10149747133255,0.847555915787763,0.1297621739487817,0.4086393415927887,0.8749039173126221,0.8797723650932312,1.7058358192443848,0.7024921774864197,0.1261024475097656,-4.5708052568291135,True,True,False,False,False
29,09210500,-2.2449159622192383,-2.3283822536468506,0.4973613619804382,-0.4178676820101024,0.5913092867993165,0.7903663516044617,0.311067521572113,1.4289931058883667,0.6775641441345215,-2.7422773241996765,0.0834662914276123,33.85490797896499,False,True,True,True,True
29,09223000,0.1311977505683899,0.1448096632957458,0.4506030082702636,0.4990396004273405,0.3730840436847666,0.8611084818840027,0.6847633719444275,1.21012282371521,0.5786333680152893,-0.3194052577018738,-0.0136119127273559,,False,False,True,False,True
29,09306242,-258.7568664550781,-335.0687255859375,-1682.4149169921875,-15.913894892060146,-41.501381464433024,0.375375747680664,0.9556047320365906,11.212685585021973,20.57387351989746,1423.6580505371094,76.31185913085938,-17.65579042040929,False,True,False,False,False
29,09312600,0.0289344191551208,0.0084759593009948,-5.382988452911377,0.4695547015433848,-1.0549792868670689,0.5695024132728577,1.4601024389266968,0.9257259368896484,2.04736852645874,5.411922872066498,0.0204584598541259,,False,False,False,False,False
29,09352900,0.5150400400161743,0.6383304595947266,0.6977708339691162,0.3198329547800613,0.7299641605437182,1.720238447189331,1.3580127954483032,0.4249328970909118,0.9447581768035888,-0.1827307939529419,-0.1232904195785522,,True,False,True,False,True
29,09378170,-1.4379820823669434,-1.702573537826538,0.2904959917068481,-1.5274995302592496,0.0574065035006653,1.0168849229812622,0.5485724210739136,3.351115226745605,1.853402018547058,-1.7284780740737915,0.2645914554595947,7.532629978815564,False,True,True,True,True
29,09386900,-1.5939533710479736,-1.9645867347717283,-0.9924068450927734,-3.1505108500943138,-3.986734131017821,0.2752780318260193,0.241256758570671,5.070152759552002,5.941190719604492,-0.6015465259552002,0.3706333637237549,2.62302314047354,False,True,True,True,True
29,09430600,0.0374718904495239,0.0580613613128662,0.0632293224334716,-0.3663497823905079,-0.1227548877807533,2.2755649089813232,2.244910955429077,0.1869153976440429,0.8291499018669128,-0.0257574319839477,-0.0205894708633422,,False,False,True,False,True
29,09447800,-11.987434387207031,-24.56950569152832,-42.36094665527344,-4.989357307471781,-14.171706326789028,0.3020127415657043,0.5518397092819214,6.302798748016357,15.189465522766112,30.373512268066406,12.582071304321287,-1.4140311665245993,False,True,False,False,False
29,09484600,-1.171760082244873,-5.766885280609131,-29.58061790466309,-1.6766311535782723,-12.059474857452452,0.1077632084488868,0.4043781757354736,3.5631892681121826,13.218076705932615,28.408857822418213,4.595125198364258,-5.182390380251448,False,True,False,False,False
29,09492400,-0.299444317817688,-1.161973237991333,0.377163290977478,0.3752097814557034,0.4183398306580858,0.9163920283317566,0.6344385743141174,0.8344630002975464,0.562847912311554,-0.676607608795166,0.862528920173645,1.784446286924444,False,True,True,True,True
29,09494000,-1.5357351303100586,-2.4348936080932617,-0.0158345699310302,-0.4214551161677586,0.0872473023811759,0.5304663777351379,0.3357510566711426,1.9406641721725464,0.4747114479541778,-1.5199005603790283,0.8991584777832031,2.690358927745653,False,True,True,True,True
29,09497980,-1.3749721050262451,-2.481933832168579,0.5539458990097046,-2.358976544145334,0.2436590642997216,1.2177414894104004,0.5277395248413086,4.177821636199951,1.707991361618042,-1.9289180040359497,1.106961727142334,2.742533600520705,False,True,True,True,True
29,09505350,0.207192838191986,0.1405946612358093,0.1202536821365356,0.5273445817448299,0.3051967606185112,0.9081347584724426,0.9566327333450316,0.9708529114723206,1.5251569747924805,0.0869391560554504,0.0665981769561767,-0.3054284670984094,False,True,True,False,False
29,09505800,-0.467229962348938,-0.6443990468978882,0.022771418094635,-0.2113079210082973,-0.4219599169210033,1.0050987005233765,0.8202716708183289,2.0437943935394287,2.3527722358703613,-0.490001380443573,0.1771690845489502,3.765727337199116,False,True,True,True,True
29,09508300,0.3105427026748657,0.3162305355072021,0.3271777629852295,0.121977045242267,0.1134149653840433,2.480396270751953,2.450290441513061,0.6347730755805969,0.5811541080474854,-0.0166350603103637,-0.0056878328323364,,False,False,True,False,True
29,09510200,0.4811843633651733,0.4584236145019531,0.7316493988037109,-0.2155996781316047,0.6126267790490256,0.7719515562057495,0.5551812648773193,2.114173173904419,1.3636150360107422,-0.2504650354385376,0.0227607488632202,,False,False,True,False,True
29,09512280,-0.9874955415725708,-1.905189037322998,-0.5284793376922607,-2.604282735334106,-1.48791796536534,1.5423924922943115,1.3526068925857544,4.49135160446167,3.381042003631592,-0.45901620388031,0.9176934957504272,1.5001846542509902,False,True,True,True,True
29,10234500,-3.6205573081970215,-3.743917942047119,-1.8835008144378664,-0.726797476888537,-0.1931419331720707,1.4056415557861328,1.1104204654693604,1.9061822891235352,1.5210256576538086,-1.7370564937591553,0.1233606338500976,15.081124906264254,False,True,True,True,True
29,10244950,-0.0410583019256591,-0.1580344438552856,0.036480963230133,0.5279577285514268,0.5654025010891537,0.5039088726043701,0.4847799241542816,0.9504110813140868,1.0170146226882937,-0.0775392651557922,0.1169761419296264,1.662863930000703,False,True,True,True,True
29,10336645,0.4427663087844848,0.4284933805465698,0.6480906009674072,0.4434928010029145,0.4944692488920754,2.825651168823242,2.245511531829834,1.4226762056350708,1.4159924983978271,-0.2053242921829223,0.014272928237915,,False,False,True,False,True
29,10336660,0.3868746161460876,0.383897602558136,0.5121545791625977,0.6174447936039008,0.4918135407202334,3.8372528553009033,3.422842264175415,1.1663693189620972,1.0325826406478882,-0.12527996301651,0.0029770135879516,,False,False,True,False,True
29,10343500,-1.0692925453186035,-1.1202645301818848,-0.161732792854309,-0.5130793947685786,-0.324823319944016,1.966259241104126,1.4732720851898191,2.2867934703826904,2.2629308700561523,-0.9075597524642944,0.0509719848632812,18.80506988100584,False,True,True,True,True
29,11124500,-2.490184545516968,-2.9414494037628174,-0.3183891773223877,-3.09528109954886,-0.8750027656845443,2.4591643810272217,1.5114200115203855,4.824368476867676,2.6853530406951904,-2.17179536819458,0.4512648582458496,5.812684454616636,False,True,True,True,True
29,11141280,-1.1612062454223633,-2.3857436180114746,-0.7441654205322266,-0.7260121512541411,-0.3735238308664972,1.2776387929916382,1.1477673053741455,2.464759349822998,2.1115901470184326,-0.4170408248901367,1.224537372589111,1.3405701077202428,False,True,True,True,True
29,11143000,0.6001302003860474,0.5952639579772949,0.6276127099990845,0.6800775579130671,0.7262511807704057,2.2029590606689453,2.125908374786377,1.2600574493408203,1.2063794136047363,-0.0274825096130371,0.0048662424087524,,True,False,True,False,True
29,11148900,0.3927054405212402,0.3815124034881592,0.5717216730117798,0.2665033196797172,0.531676758402013,2.421971082687378,2.0339128971099854,1.5157169103622437,1.1948347091674805,-0.1790162324905395,0.011193037033081,,False,False,True,False,True
29,11176400,0.2320222854614257,-0.2725597620010376,0.2519651651382446,-0.3467190798576558,0.1758686843002257,0.6016246676445007,0.5937617421150208,2.220898151397705,1.5137561559677124,-0.0199428796768188,0.5045820474624634,1.039523561682607,False,True,True,True,True
29,11237500,0.5688992142677307,0.5656629800796509,0.7508544921875,0.5376757278065945,0.6770212646945988,2.56777024269104,1.952060580253601,1.317130208015442,1.2811079025268557,-0.1819552779197693,0.0032362341880798,,True,False,True,False,True
29,11264500,0.732664942741394,0.7315058708190918,0.8513210415840149,0.653855215665353,0.8452851399782428,1.6234287023544312,1.2106819152832031,1.2997034788131714,1.118065357208252,-0.1186560988426208,0.0011590719223022,,True,False,True,False,True
29,11266500,0.7279819846153259,0.7273771166801453,0.8389581441879272,0.5846594784406174,0.8412367733686643,1.6043661832809448,1.2344515323638916,1.3913865089416504,0.9359119534492492,-0.1109761595726013,0.0006048679351806,,True,False,True,False,True
29,11284400,-0.0923038721084594,-0.2648203372955322,0.3373544216156006,-2.079150492511059,-0.8722215869710306,1.8596115112304688,1.4484087228775024,4.055351257324219,2.8553149700164795,-0.42965829372406,0.1725164651870727,3.490534994779477,False,True,True,True,True
29,11381500,-1.5848393440246582,-1.6749961376190186,0.5473835468292236,-0.2849148898607518,0.5974703435436484,3.873903512954712,1.6210529804229736,1.215186357498169,0.6408714056015015,-2.132222890853882,0.0901567935943603,24.65016329714792,False,True,True,True,True
29,11451100,0.5506967306137085,0.5306282639503479,0.5497117042541504,0.2615758727135543,0.48003286537782,2.838538646697998,2.841648817062378,1.71274995803833,1.4418107271194458,0.0009850263595581,0.0200684666633605,,True,False,True,False,True
29,11468500,0.8201873302459717,0.7306993007659912,0.8068108558654785,0.6505083658563038,0.7760769706132143,1.7896559238433838,1.8550292253494265,1.3383121490478516,1.136067509651184,0.0133764743804931,0.0894880294799804,0.8505221932114883,True,True,True,True,True
29,11473900,0.4716181755065918,0.39810711145401,0.6713523864746094,0.3323118917480656,0.7808172242566211,2.716230630874634,2.142189741134644,1.6049185991287231,1.1210479736328125,-0.1997342109680175,0.0735110640525817,3.717063254929211,False,True,True,True,True
29,11476600,0.7119489908218384,0.7119279503822327,0.6904847621917725,0.6593570071284953,0.6090717224876102,3.880612373352051,4.022597789764404,0.8095864057540894,0.7747637629508972,0.0214642286300659,2.104043960571289e-05,,True,False,True,False,False
29,11478500,0.6561144590377808,0.6715937852859497,0.6724895238876343,0.52523629532804,0.5268858691792873,3.9798192977905273,3.883908748626709,0.7944727540016174,0.7737038135528564,-0.0163750648498535,-0.0154793262481689,,True,False,True,False,True
29,11480390,0.5902150273323059,0.5546125173568726,0.5965663194656372,0.6616584977703646,0.6666673580883267,3.2962677478790283,3.270623207092285,1.2098971605300903,1.0918910503387451,-0.0063512921333312,0.0356025099754333,,True,False,True,False,True
29,11481200,0.6932463645935059,0.7043247222900391,0.5455585718154907,0.6052174139288666,0.362663837982391,3.061272621154785,3.7260282039642334,0.8301544785499573,0.6163406372070312,0.1476877927780151,-0.0110783576965332,,True,False,False,False,False
29,11482500,0.7507171034812927,0.7305486798286438,0.7022044658660889,0.7300175810634335,0.6102497204573905,2.620644807815552,2.86431622505188,0.9578520059585572,0.8908467292785645,0.0485126376152038,0.0201684236526489,,True,False,True,False,False
29,11523200,0.4408612847328186,0.4385985136032104,0.5096739530563354,0.6079117808423964,0.3729765928198356,2.737693548202514,2.56370210647583,0.8175463080406189,0.6368709206581116,-0.0688126683235168,0.0022627711296081,,False,False,True,False,True
29,11528700,0.6284670233726501,0.3404179215431213,0.6310292482376099,0.6711090975378335,0.5725030542484515,1.582256317138672,1.5767909288406372,1.2293821573257446,1.359823226928711,-0.0025622248649597,0.2880491018295288,1.008895097567345,True,True,True,True,True
29,11532500,0.7917867302894592,0.8185211420059204,0.7469038367271423,0.6345952287521013,0.6277157540604204,3.881498098373413,4.279450416564941,0.7792390584945679,0.8394821286201477,0.0448828935623168,-0.0267344117164611,,True,False,True,False,False
29,12010000,0.7554271221160889,0.7469969987869263,0.7909452319145203,0.63896230180775,0.6537921396210642,5.163371562957764,4.773745536804199,1.0479261875152588,1.096820592880249,-0.0355181097984313,0.0084301233291625,,True,False,True,False,True
29,12013500,0.839329183101654,0.7861213684082031,0.8307380080223083,0.6730158018597052,0.6704472092198648,2.879502058029175,2.95548415184021,1.3078033924102783,1.3202143907546997,0.0085911750793457,0.0532078146934509,0.8385354645958961,True,True,True,True,True
29,12020000,0.4335635900497436,0.4143747687339782,0.4569765925407409,0.3210472206180155,0.3418179058406014,8.708666801452637,8.526786804199219,1.3816391229629517,1.399570107460022,-0.0234130024909973,0.0191888213157653,,False,False,True,False,True
29,12025700,0.7404031753540039,0.7331012487411499,0.6796338558197021,0.5806074597074831,0.4863004551668293,3.496600389480591,3.884361267089844,0.8617243766784668,0.7474653720855713,0.0607693195343017,0.007301926612854,,True,False,True,False,False
29,12040500,0.6919366121292114,0.7587888836860657,0.734478235244751,0.4982802509531191,0.5357713229195096,7.129054546356201,6.618536472320557,0.6795921325683594,0.7147757411003113,-0.0425416231155395,-0.0668522715568542,,True,False,True,False,False
29,12041200,0.6205757856369019,0.7229399085044861,0.6016521453857422,0.4704685637141815,0.4609769915101781,6.610344409942627,6.773183345794678,0.5951246619224548,0.5968901515007019,0.0189236402511596,-0.1023641228675842,,True,False,True,False,False
29,12048000,-0.1177536249160766,-0.3392865657806396,0.3260913491249084,0.3168121144588259,0.5512769675298638,2.0875868797302246,1.6209590435028076,1.4205546379089355,1.3305541276931765,-0.4438449740409851,0.221532940864563,3.003516823768143,False,True,True,True,True
29,12054000,0.6514600515365601,0.6942791938781738,0.6148920059204102,0.5175138822299097,0.4729295454152993,4.1542649269104,4.366758823394775,0.7192991971969604,0.7296962738037109,0.0365680456161499,-0.0428191423416137,,True,False,True,False,False
29,12056500,0.4991987347602844,0.5966151356697083,0.4887211322784424,0.3162948203702558,0.3175971128125452,7.916864395141602,7.999252796173096,0.548331618309021,0.5629629492759705,0.010477602481842,-0.0974164009094238,,False,False,True,False,False
29,12073500,-3.0889272689819336,-3.6906466484069824,-1.9495506286621092,-1.0249416031505092,-0.8345136656874879,4.059073448181152,3.447467088699341,2.3478541374206543,2.5128941535949707,-1.1393766403198242,0.6017193794250488,2.8935348923089603,False,True,True,True,True
29,12082500,0.6098198294639587,0.6115908622741699,0.6812455654144287,0.7450072279343883,0.7430933137335347,3.009786605834961,2.7203903198242188,0.854292631149292,0.880734920501709,-0.0714257359504699,-0.0017710328102111,,True,False,True,False,True
29,12114500,0.6817284822463989,0.5875951051712036,0.5662313103675842,0.7755754264884407,0.7253442195574403,3.531646490097046,4.122944355010986,0.8455320000648499,0.8975827097892761,0.1154971718788147,0.0941333770751953,-0.2269523889125281,True,True,False,False,False
29,12115000,0.7347173094749451,0.6701933145523071,0.650355339050293,0.7844873880482385,0.7173248348453191,3.30637526512146,3.795868396759033,0.8873564600944519,0.9401100873947144,0.0843619704246521,0.0645239949226379,-0.3074511354388273,True,True,True,False,False
29,12117000,0.6755232810974121,0.335088312625885,0.7737076878547668,0.7514187390464624,0.8533895456147469,2.4535436630249023,2.048976421356201,0.993541955947876,1.0783733129501345,-0.0981844067573547,0.3404349684715271,1.2884087001936952,True,True,True,True,True
29,12143600,0.6727503538131714,0.6887763738632202,0.620808482170105,0.6395233840740131,0.5690060687036946,4.433146953582764,4.772015571594238,0.9019423723220824,0.8811714053153992,0.0519418716430664,-0.0160260200500488,,True,False,True,False,False
29,12144000,0.6468648910522461,0.6574665307998657,0.6263258457183838,0.7055829991915954,0.6441371286394846,3.7571921348571777,3.8649110794067374,0.8550389409065247,0.8294984102249146,0.0205390453338623,-0.0106016397476196,,True,False,True,False,False
29,12145500,0.7351070642471313,0.6797377467155457,0.7916428446769714,0.6462229308103105,0.6612566165485775,2.840359926223755,2.519082546234131,1.3004496097564695,1.270334243774414,-0.05653578042984,0.0553693175315856,2.0210669545924778,True,True,True,True,True
29,12147500,0.7607170939445496,0.7603850364685059,0.741916835308075,0.7696374970802278,0.7606314406251324,4.28413724899292,4.44925594329834,0.8234443664550781,0.8537466526031494,0.0188002586364746,0.0003320574760437,,True,False,True,False,False
29,12167000,0.6786801815032959,0.6939110159873962,0.6594821214675903,0.5836994375700821,0.5301804045344239,4.533506393432617,4.666975021362305,0.8886390328407288,0.8265787363052368,0.0191980600357055,-0.0152308344841003,,True,False,True,False,False
29,12175500,0.2991199493408203,0.3251577615737915,-0.4919444322586059,0.5215145389106957,-0.0110880618807625,4.325028419494629,6.31020450592041,0.7465976476669312,0.5781918168067932,0.7910643815994263,-0.0260378122329711,,False,False,False,False,False
29,12178100,0.6100682020187378,0.7573667168617249,0.419655442237854,0.5842981470397414,0.4607289329196204,3.8862903118133545,4.741152286529541,0.7082038521766663,0.6615055799484253,0.1904127597808838,-0.147298514842987,,True,False,False,False,False
29,12186000,0.4968793988227844,0.5648390650749207,0.3688846826553345,0.4204542894613248,0.3224928209629466,5.617634296417236,6.291754245758057,0.7688952088356018,0.6694545745849609,0.1279947161674499,-0.0679596662521362,,False,False,False,False,False
29,12189500,0.580194890499115,0.6164343357086182,0.4043823480606079,0.5742461385599762,0.4957542579988188,3.280862331390381,3.90794038772583,0.8460820913314819,0.6805994510650635,0.175812542438507,-0.0362394452095031,,True,False,False,False,False
29,12375900,0.4327800869941711,0.6773362755775452,0.6638732552528381,0.3528101215865435,0.5602539594347808,2.41706919670105,1.860650897026062,0.5242603421211243,0.7446385025978088,-0.231093168258667,-0.244556188583374,,False,False,True,False,False
29,12377150,0.683762788772583,0.6934014558792114,-0.0070471763610839,0.6981105726097517,-0.0194049426852358,2.742938756942749,4.8947954177856445,0.9373169541358948,0.5750675797462463,0.690809965133667,-0.0096386671066284,,True,False,False,False,False
29,12381400,-0.8122380971908569,-1.1770284175872805,0.2370690107345581,-0.3365532269092783,0.4207415250492907,1.9473979473114011,1.2635420560836792,2.1149253845214844,1.4740865230560305,-1.049307107925415,0.3647903203964233,3.876466422642785,False,True,True,True,True
29,12390700,0.3503364324569702,-0.6797405481338501,-0.2134746313095092,0.3742033166802241,-0.0496507757971096,1.0589966773986816,1.4473236799240112,1.4568277597427368,1.675302505493164,0.5638110637664795,1.0300769805908203,0.4526515256722901,False,True,False,False,True
29,12447390,0.5830470323562622,0.4541444778442383,0.5274162292480469,0.7080128107314217,0.5833085134212578,1.5351736545562744,1.6343811750411987,0.853850245475769,1.347442626953125,0.0556308031082153,0.1289025545120239,0.5684274580995512,True,True,True,False,True
29,12451000,0.5734046697616577,0.5882735848426819,0.2798682451248169,0.5415502384445171,0.2493534035700929,2.942229747772217,3.822737693786621,0.702890932559967,0.6530585885047913,0.2935364246368408,-0.0148689150810241,,True,False,False,False,False
29,12488500,0.144945740699768,0.1481419205665588,0.4182512760162353,0.4474436657785098,0.5391060958387506,2.718714475631714,2.2425103187561035,0.9086393713951112,1.2325143814086914,-0.2733055353164673,-0.0031961798667907,,False,False,True,False,True
29,13011500,0.6669966578483582,0.6645565032958984,0.0986159443855285,0.574893982751617,0.0995934177921233,1.433098554611206,2.3577985763549805,1.247352957725525,0.5607969760894775,0.5683807134628296,0.0024401545524597,,True,False,False,False,False
29,13011900,0.6933916807174683,0.7305023670196533,0.6415145397186279,0.5408948768467459,0.4426471784651744,1.1039286851882937,1.193671464920044,0.858961820602417,0.6525484919548035,0.0518771409988403,-0.037110686302185,,True,False,True,False,False
29,13018300,0.1355500817298889,0.1293917298316955,-0.6302362680435181,0.5943402007177366,-0.1096260059962752,0.9905253052711488,1.360256910324097,1.1020225286483765,0.4668894112110138,0.765786349773407,0.0061583518981933,,False,False,False,False,False
29,13023000,0.6657564640045166,0.6373651027679443,0.515018105506897,0.6541856274945584,0.5026291643918044,0.70350581407547,0.8474204540252686,0.986756145954132,0.5886094570159912,0.1507383584976196,0.0283913612365722,,True,False,False,False,False
29,13161500,0.0333096385002136,-0.1976727247238159,0.5088702440261841,0.0586329987954614,0.6679049635626366,0.3859084844589233,0.2750671505928039,1.7975680828094482,1.2166532278060913,-0.4755606055259704,0.2309823632240295,3.058861113412043,False,True,True,True,True
29,13235000,-0.1542006731033325,-0.2437313795089721,0.4174924492835998,0.1029673889251451,0.4011693900074884,1.8739664554595947,1.3312877416610718,1.1674983501434326,0.9798774123191832,-0.5716931223869324,0.0895307064056396,7.385441881768965,False,True,True,True,True
29,13240000,0.5792728662490845,0.5994980335235596,0.6323858499526978,0.4899835678410472,0.5052859563135474,2.8758370876312256,2.6881909370422363,0.8231818675994873,0.7989329695701599,-0.0531129837036132,-0.020225167274475,,True,False,True,False,True
29,13313000,-1.2266480922698977,-1.3376116752624512,0.2177057862281799,-0.5034402058226453,0.2491682317486085,3.4022457599639893,2.0166239738464355,2.068220853805542,1.6675622463226318,-1.4443538784980774,0.1109635829925537,14.016467561208811,False,True,True,True,True
29,13331500,-0.2110166549682617,-0.1796902418136596,0.0755252838134765,0.305907500094064,0.3258815925685173,2.539041519165039,2.218412160873413,1.4735130071640017,1.0021265745162964,-0.2865419387817383,-0.031326413154602,,False,False,True,False,True
29,14020000,-0.2391515970230102,-0.2673584222793579,-0.0138286352157592,0.3525761488548273,0.5384472391025186,2.147404432296753,1.9423787593841555,1.3979203701019287,1.0270720720291138,-0.2253229618072509,0.0282068252563476,,False,False,True,False,True
29,14096850,-52.17306900024414,-52.58237075805664,-6.845826148986816,-5.879101637336159,-1.3841211058440428,3.5140204429626465,1.3498259782791138,4.605238914489746,2.440546989440918,-45.32724285125733,0.4093017578125,111.742849220847,False,True,True,True,True
29,14137000,0.741294264793396,0.5281237959861755,0.6772941946983337,0.8133902498035496,0.8027009442941061,2.0814132690429688,2.3246560096740723,1.0552973747253418,0.9929566383361816,0.0640000700950622,0.2131704688072204,0.6997704679584846,True,True,True,False,True
29,14138800,0.7692239284515381,0.7459902763366699,0.693824052810669,0.7341512415928308,0.6211984055860253,4.356548309326172,5.01802396774292,0.967272162437439,0.9045273661613464,0.0753998756408691,0.0232336521148681,,True,False,True,False,False
29,14138900,0.807911217212677,0.8152447938919067,0.790725588798523,0.749506893415513,0.7265113420399614,4.4431915283203125,4.637694835662842,0.8288814425468445,0.8209512829780579,0.017185628414154,-0.0073335766792297,,True,False,True,False,False
29,14139800,0.8469902276992798,0.821416437625885,0.8207172751426697,0.8246149183203684,0.7760460810879115,3.2940852642059326,3.56569766998291,0.929572582244873,0.9212083220481871,0.0262729525566101,0.0255737900733947,,True,False,True,False,False
29,14141500,0.8005222678184509,0.7166260480880737,0.7953615188598633,0.8755271605424504,0.875002509686391,2.8785760402679443,2.915574312210083,1.0762900114059448,1.0690829753875732,0.0051607489585876,0.0838962197303772,0.9384865137526688,True,True,True,True,True
29,14154500,0.5998350381851196,0.495297372341156,0.6362273693084717,0.4736735118316408,0.5808381964605082,2.2076539993286133,2.1048758029937744,1.4893690347671509,1.3617098331451416,-0.036392331123352,0.1045376658439636,1.34812649421188,True,True,True,True,True
29,14158790,0.7233019471168518,0.6557426452636719,0.657537579536438,0.7708023920256024,0.6769536975203487,3.330756425857544,3.705495357513428,0.9051786661148072,0.857913076877594,0.0657643675804138,0.0675593018531799,0.0265682774026716,True,True,True,False,True
29,14166500,0.0347897410392761,-0.0736637115478515,0.5486941337585449,-0.0793426313298388,0.3526205182836259,3.504523754119873,2.3963680267333984,1.9813227653503416,1.6034362316131592,-0.5139043927192688,0.1084534525871276,5.738478863145607,False,True,True,True,True
29,14182500,0.7204039692878723,0.7471336722373962,0.7055114507675171,0.6069000526206407,0.5844462652141025,3.9192495346069336,4.022273540496826,0.7909196615219116,0.7603585124015808,0.0148925185203552,-0.0267297029495239,,True,False,True,False,False
29,14185000,0.818152129650116,0.7647164463996887,0.8314068913459778,0.7916379085010263,0.7788871890094864,2.219520330429077,2.1371004581451416,0.9453935623168944,0.8974422216415405,-0.0132547616958618,0.0534356832504272,1.248050757276615,True,True,True,True,True
29,14185900,0.745383620262146,0.7763068675994873,0.740201473236084,0.5667018482629862,0.5818855981992576,4.013207912445068,4.053842544555664,0.6980626583099365,0.7391526699066162,0.005182147026062,-0.0309232473373413,,True,False,True,False,False
29,14187000,0.7740997672080994,0.6481959819793701,0.8241913318634033,0.7834046650678589,0.829072022202477,2.151878118515014,1.8983638286590576,1.1558828353881836,1.0255566835403442,-0.0500915646553039,0.1259037852287292,1.3978559069078238,True,True,True,True,True
29,14216500,0.4391167759895324,0.3452895283699035,0.5167379379272461,0.6521799832505923,0.7204992018411066,4.067514419555664,3.775584936141968,0.8698564767837524,0.9181268811225892,-0.0776211619377136,0.0938272476196289,1.82727740509224,False,True,True,True,True
29,14222500,0.7898660898208618,0.7137279510498047,0.8137425780296326,0.6743855013539473,0.7439016447882791,2.7624928951263428,2.6008176803588867,1.286077857017517,1.2131885290145874,-0.0238764882087707,0.0761381387710571,1.3135943246598911,True,True,True,True,True
29,14236200,0.7664857506752014,0.7599781155586243,0.8019869327545166,0.6450192728371762,0.6866582412600796,3.269852638244629,3.0110530853271484,0.8983027338981628,0.8974852561950684,-0.0355011820793151,0.0065076351165771,,True,False,True,False,True
29,14301000,0.7793043851852417,0.6890178918838501,0.8074029684066772,0.6199932324976632,0.6585288828307165,2.37824821472168,2.2216989994049072,1.3429551124572754,1.3322601318359375,-0.0280985832214355,0.0902864933013916,1.3112157997723726,True,True,True,True,True
29,14303200,0.7658091187477112,0.7317501306533813,0.799293041229248,0.8648695693236723,0.8786566517822485,3.1098031997680664,2.8789172172546387,1.0421007871627808,1.0704063177108765,-0.0334839224815368,0.0340589880943298,,True,False,True,False,True
29,14305500,0.8686761856079102,0.8655338883399963,0.8648598194122314,0.8608200854231346,0.8263009416228788,3.235863447189331,3.282544612884521,0.966213047504425,0.9966764450073242,0.0038163661956787,0.0031422972679138,,True,False,True,False,False
29,14306340,0.5900536775588989,0.4788087010383606,0.6185553073883057,0.5538440151942161,0.5023175161821292,4.007936954498291,3.866100788116455,1.3968135118484497,1.467862606048584,-0.0285016298294067,0.1112449765205383,1.2562059943816402,True,True,True,True,True
29,14306500,0.4386612176895141,0.2945606708526611,0.6550077199935913,0.3928679196067872,0.508256136874093,3.836074352264404,3.007316827774048,1.4306524991989136,1.3973348140716553,-0.2163465023040771,0.144100546836853,2.501357954935585,False,True,True,True,True
29,14308990,-0.27797532081604,-0.5629396438598633,-0.0723589658737182,-0.3450581577611511,-0.2211873617216255,1.9443179368972776,1.781050205230713,2.240196466445923,2.173613786697388,-0.2056163549423217,0.2849643230438232,1.7215512199774603,False,True,True,True,True
29,14309500,0.7512058019638062,0.6707603931427002,0.697972297668457,0.5936403011323665,0.5958894291160155,2.255687713623047,2.4853196144104004,1.391687273979187,1.3677740097045898,0.0532335042953491,0.0804454088211059,0.3382654762345793,True,True,True,False,True
29,14316700,0.714606523513794,0.6226255297660828,0.6700229644775391,0.6350169498914738,0.6504674299234247,2.134056568145752,2.294699192047119,1.1405937671661377,1.2038227319717407,0.0445835590362548,0.0919809937477111,0.5152959625709166,True,True,True,False,True
29,14325000,0.7699535489082336,0.715832531452179,0.7999446988105774,0.8459478884805174,0.7726171852591692,3.258661985397339,3.0388312339782715,1.0909932851791382,1.1284148693084717,-0.0299911499023437,0.0541210174560546,1.554149779735683,True,True,True,True,True
29,14362250,-10.389881134033203,-12.51870822906494,-5.891628742218018,-4.490071841964691,-3.61351258505932,2.4651401042938232,1.9175333976745603,5.898054599761963,5.290801048278809,-4.4982523918151855,2.1288270950317383,3.113019137304865,False,True,True,True,True
29,14400000,0.6433776021003723,0.6578250527381897,0.5864660143852234,0.384938082934438,0.3291194153090506,7.3228349685668945,7.885523319244385,0.5954090356826782,0.5686290264129639,0.0569115877151489,-0.0144474506378173,,True,False,True,False,False
47,01022500,0.5269199013710022,0.2269568443298339,0.652256429195404,0.7189508172155534,0.6415795918906291,1.8974937200546265,1.6268315315246582,1.0155583620071411,1.1187422275543213,-0.1253365278244018,0.2999630570411682,1.4178398802196504,True,True,True,True,True
47,01031500,0.6034175157546997,0.4615744352340698,0.5510714054107666,0.6546114520469821,0.5490866831638161,2.158698081970215,2.29675030708313,1.182038187980652,1.1097846031188965,0.0523461103439331,0.1418430805206298,0.6309576036293162,True,True,True,False,True
47,01047000,0.453971803188324,0.3431695699691772,0.4671279191970825,0.4796183439748855,0.4782940490486933,2.5243239402771,2.493727922439575,0.9648845195770264,1.040282130241394,-0.0131561160087585,0.1108022332191467,1.118735115949677,False,True,True,True,True
47,01052500,0.4543817043304443,0.3313373923301697,0.4646968245506286,0.5868343379863847,0.4738943367917191,2.7877562046051025,2.7612788677215576,1.1928703784942627,0.9836697578430176,-0.0103151202201843,0.1230443120002746,1.0838325644842592,False,True,True,True,True
47,01054200,0.4116387963294983,0.390677273273468,0.4425475597381592,0.3244257523881105,0.3911378224335188,3.7487072944641113,3.648912191390991,0.856907069683075,0.9888775944709778,-0.0309087634086608,0.0209615230560302,,False,False,True,False,True
47,01055000,0.5710452198982239,0.5049237608909607,0.5276994109153748,0.5536578199902236,0.5057657755803323,2.543761968612671,2.6691930294036865,1.0582863092422483,0.9912900924682616,0.0433458089828491,0.0661214590072631,0.3444517160746899,True,True,True,False,True
47,01057000,0.3837614059448242,0.1741173267364502,0.5836888551712036,0.5102756053485544,0.4755618495658787,2.388712167739868,1.9633527994155884,1.316440463066101,1.33907151222229,-0.1999274492263794,0.209644079208374,1.9536517796320076,False,True,True,True,True
47,01073000,0.6605159640312195,0.259600818157196,0.6872820854187012,0.7454544270720057,0.638524405831411,2.0542454719543457,1.9716010093688965,1.0822861194610596,1.238134264945984,-0.0267661213874816,0.4009151458740234,1.0667625597659316,True,True,True,True,True
47,01078000,0.4550144672393799,0.0572463870048522,0.4227504134178161,0.5018342896543537,0.3776299916041962,1.964172124862671,2.021477222442627,1.2360180616378784,1.4765185117721558,0.0322640538215637,0.3977680802345276,0.918887272697848,False,True,True,True,True
47,01123000,0.6744588017463684,0.0407997369766235,0.6287322044372559,0.7038218011775526,0.6202166996692577,1.4960315227508545,1.5976492166519165,0.8755096793174744,1.3412272930145264,0.0457265973091125,0.6336590647697449,0.9278372237510272,True,True,True,True,True
47,01134500,0.3878297209739685,0.1786519289016723,0.5497531890869141,0.5711120646457886,0.6022415040411064,2.287450075149536,1.9617371559143064,1.150072693824768,1.0813944339752195,-0.1619234681129455,0.2091777920722961,1.7740949290495498,False,True,True,True,True
47,01137500,0.3334357738494873,0.1026511788368225,0.510380744934082,0.3292060828358757,0.5554466637998463,2.661876916885376,2.281372547149658,0.8183825016021729,1.037521243095398,-0.1769449710845947,0.2307845950126648,1.766710495017592,False,True,True,True,True
47,01139000,-0.4414118528366089,-1.0828094482421875,0.664678156375885,0.3761558234941806,0.6470466939127881,2.2242136001586914,1.0727866888046265,1.2065143585205078,1.1762018203735352,-1.106090009212494,0.6413975954055786,2.724499775389825,False,True,True,True,True
47,01139800,0.0841062664985656,-0.9108012914657592,0.3454926013946533,0.5036025126420025,0.6517494273593659,1.7858803272247314,1.5096876621246338,0.9386924505233764,1.1712578535079956,-0.2613863348960876,0.994907557964325,1.2627242428742915,False,True,True,True,True
47,01142500,0.109337031841278,-0.6204692125320435,0.6078433990478516,0.5204932112306242,0.675247755612867,2.09189772605896,1.388076901435852,0.927389919757843,1.0826116800308228,-0.4985063672065735,0.7298062443733215,1.6830667331911318,False,True,True,True,True
47,01144000,0.4041093587875366,0.0778819918632507,0.5753536224365234,0.5932940975051804,0.6087237282641118,1.8242111206054688,1.53994619846344,1.195639967918396,1.0008397102355957,-0.1712442636489868,0.3262273669242859,1.524923047577216,False,True,True,True,True
47,01162500,0.5734888911247253,-0.0398720502853393,0.5320326089859009,0.699625372536644,0.5141746130606506,1.5986944437026978,1.6745885610580444,1.0851935148239136,1.3559926748275757,0.0414562821388244,0.6133609414100647,0.9324112780257576,True,True,True,True,True
47,01169000,0.5263296365737915,0.3993282914161682,0.6328794956207275,0.5207082808424872,0.6993229707321041,2.5026259422302246,2.20324182510376,0.7807193994522095,1.0267088413238523,-0.106549859046936,0.1270013451576233,1.8389663819284383,True,True,True,True,True
47,01170100,0.5103955268859863,0.2389991283416748,0.6047244071960449,0.6205282651351449,0.6614679779693373,2.0972447395324707,1.884414553642273,1.107987880706787,1.1579813957214355,-0.0943288803100586,0.2713963985443115,1.347568651669699,True,True,True,True,True
47,01181000,0.5358107089996338,0.4253953695297241,0.6006209850311279,0.5357822863706264,0.5693502345860926,2.602071762084961,2.4135947227478027,0.8470349311828613,1.042415976524353,-0.0648102760314941,0.1104153394699096,1.5869680457682802,True,True,True,True,True
47,01187300,0.644697904586792,0.3084791898727417,0.5968214273452759,0.7172772097726432,0.5888969386900145,2.3024168014526367,2.4526400566101074,1.0544708967208862,1.142332911491394,0.0478764772415161,0.3362187147140503,0.8576031757118742,True,True,True,True,True
47,01195100,0.6383463740348816,0.049981951713562,0.6029373407363892,0.6380944408199497,0.5904379854620503,1.6779240369796753,1.7581480741500854,0.8577934503555298,1.3196709156036377,0.0354090332984924,0.5883644223213196,0.9398178544535536,True,True,True,True,True
47,01333000,0.4881159663200378,0.1282522678375244,0.5421329736709595,0.6836809020553005,0.7020032478812681,1.9936484098434448,1.8855259418487549,1.0792769193649292,1.0656169652938845,-0.0540170073509216,0.3598636984825134,1.1501040743445436,False,True,True,True,True
47,01350000,0.6703576445579529,0.2859785556793213,0.6009706258773804,0.7859362708654611,0.740286598576543,2.301419258117676,2.5320756435394287,1.0529029369354248,1.010856866836548,0.0693870186805725,0.3843790888786316,0.8194828473031696,True,True,True,True,True
47,01350080,0.3483095169067383,-1.0771684646606443,0.2371795773506164,0.6078480633848287,0.5223393885379322,2.105149269104004,2.277578353881836,1.2301926612854004,1.329569697380066,0.1111299395561218,1.4254779815673828,0.9220402272128196,False,True,False,True,True
47,01350140,0.5067538022994995,-0.1342494487762451,0.3976670503616333,0.6021363725948884,0.5827151550472144,2.2555534839630127,2.492525339126587,1.2524174451828003,1.2444369792938232,0.1090867519378662,0.6410032510757446,0.8298187228305088,True,True,False,True,True
47,01365000,0.6412484645843506,0.3587427139282226,0.5957447290420532,0.7685138416666981,0.7410314980052606,2.364784479141236,2.510282039642334,0.8832254409790039,0.8661295175552368,0.0455037355422973,0.2825057506561279,0.8389281087672955,True,True,True,True,True
47,01411300,-3.5780935287475586,-11.936612129211426,-0.5280023813247681,-0.6679111658402201,0.1927077322684395,2.228910446166992,1.2876927852630615,1.412078857421875,1.4155490398406982,-3.0500911474227905,8.358518600463867,1.364908100731333,False,True,True,True,True
47,01413500,0.5078929662704468,-0.4154081344604492,0.3899899125099182,0.7035969831396345,0.6922179986166173,1.9942762851715088,2.2203633785247803,1.173053503036499,1.0985112190246582,0.1179030537605285,0.923301100730896,0.8723027042129646,True,True,False,True,True
47,01414500,0.5403879880905151,-0.1587826013565063,0.4995808601379394,0.7517799783703105,0.7535162395961412,2.177058696746826,2.271650075912476,1.1126006841659546,1.0471701622009275,0.0408071279525756,0.6991705894470215,0.9416349477960017,True,True,True,True,True
47,01415000,0.5308244824409485,-0.3986028432846069,0.3814354538917541,0.6948066736063929,0.6660457277750438,1.8654946088790891,2.1419968605041504,1.2114914655685425,1.1691694259643557,0.1493890285491943,0.9294273257255554,0.8392676604030616,True,True,False,True,True
47,01423000,0.5977298021316528,-0.1277942657470703,0.4137173295021057,0.7300159299637504,0.7090316685136915,1.7774765491485596,2.145845651626587,1.1931779384613037,1.0178598165512085,0.1840124726295471,0.7255240678787231,0.7463730277514292,True,True,False,False,True
47,01435000,0.6385465860366821,0.4532166719436645,0.6016861200332642,0.7229785281791787,0.6899267257010274,2.697639942169189,2.8318521976470947,0.8760828375816345,0.8486577272415161,0.0368604660034179,0.1853299140930175,0.8011089241377536,True,True,True,True,True
47,01439500,0.4399800896644592,-0.2179110050201416,0.4343344569206238,0.5887417343217514,0.7155065595308648,1.9134045839309688,1.923025131225586,0.7225937247276306,0.9110100269317628,0.0056456327438354,0.6578910946846008,0.9914185907220068,False,True,True,True,True
47,01440000,0.6396082043647766,-0.3702586889266968,0.4917193651199341,0.8174793913605185,0.7480079049674769,1.5512757301330566,1.8422702550888064,0.9630398154258728,1.0545700788497925,0.1478888392448425,1.0098668932914734,0.8535561070203753,True,True,False,True,True
47,01440400,0.5390814542770386,0.2564259171485901,0.5770022869110107,0.5751462816283219,0.7142046718612849,2.2477362155914307,2.1532888412475586,0.7612515091896057,0.9155279397964478,-0.0379208326339721,0.2826555371284485,1.134159171333479,True,True,True,True,True
47,01451800,0.4817339181900024,0.1148087382316589,0.565388560295105,0.6945642485342024,0.7148900913405873,2.0778768062591557,1.902803421020508,1.0697871446609497,0.9126484990119934,-0.0836546421051025,0.3669251799583435,1.227988283918263,False,True,True,True,True
47,01466500,-41.97652053833008,-73.32059478759766,-37.81713485717773,-4.5596844106749295,-4.188471556013465,3.1516287326812744,2.99523663520813,2.9990241527557373,2.9339916706085205,-4.159385681152344,31.344074249267575,1.1327008623089112,False,True,True,True,True
47,01484100,-1.3448264598846436,-5.836101055145264,-0.5284616947174072,-0.1059860895297946,0.2149638012823005,2.3108255863189697,1.8656883239746092,1.4418333768844604,1.5159120559692385,-0.8163647651672363,4.49127459526062,1.181766834303273,False,True,True,True,True
47,01487000,-4.617762088775635,-11.293344497680664,-0.6543681621551514,-0.8628360836301889,0.1958175342669333,3.071239233016968,1.6666640043258667,1.4395182132720947,1.2762064933776855,-3.9633939266204834,6.675582408905029,1.5937150774040978,False,True,True,True,True
47,01491000,-0.7825374603271484,-2.924534320831299,0.4409752488136291,0.1659734910667222,0.6024487096771469,2.9218380451202397,1.6362600326538086,1.4351974725723269,1.188221454620361,-1.2235127091407776,2.1419968605041504,1.571201915231942,False,True,True,True,True
47,01510000,0.6410632729530334,0.2318463921546936,0.5409095287322998,0.7016485377807116,0.6415874753031421,1.7024694681167605,1.9253935813903809,0.9954628944396972,0.8986986875534058,0.1001537442207336,0.4092168807983398,0.7552551008517927,True,True,False,False,True
47,01516500,0.4685508608818054,-0.7301956415176392,0.3022258877754211,0.4010148807068313,0.2478614335836055,1.6702624559402466,1.9138649702072144,1.5182663202285769,1.659690260887146,0.1663249731063842,1.1987465023994446,0.8612509210467237,False,True,False,True,True
47,01518862,0.5302152037620544,-0.3393064737319946,0.4002367854118347,0.5458924074059028,0.5133580500404926,1.6004159450531006,1.8083117008209229,1.3024897575378418,1.2530910968780518,0.1299784183502197,0.8695216774940491,0.8505173341683488,True,True,False,True,True
47,01532000,0.6244837045669556,-0.0320874452590942,0.6322933435440063,0.595047161853774,0.6664800318313067,1.524672508239746,1.5087350606918335,1.1971627473831177,1.1221113204956057,-0.0078096389770507,0.6565711498260498,1.011894581385612,True,True,True,True,True
47,01539000,0.6364092230796814,0.3482841849327087,0.6347767114639282,0.5775404173428971,0.6299457276609342,1.7990479469299316,1.8030822277069087,0.8705083131790161,0.858166515827179,0.0016325116157531,0.2881250381469726,0.9943340168343148,True,True,True,True,True
47,01542810,0.483302891254425,0.1626672744750976,0.5257528424263,0.4382959552357862,0.5261957689855337,2.2315070629119877,2.1378767490386963,0.8332521915435791,1.090176701545715,-0.042449951171875,0.3206356167793274,1.1323931246262344,False,True,True,True,True
47,01543000,0.5461431741714478,0.2253221273422241,0.5759379863739014,0.4906002252881932,0.5772848966202054,1.8197336196899412,1.7589887380599976,0.8053539991378784,0.9875346422195436,-0.0297948122024536,0.3208210468292236,1.0928705036559327,True,True,True,True,True
47,01543500,0.544053852558136,0.2445223927497863,0.5279752612113953,0.5080933129575895,0.4699728020916529,1.6821106672286987,1.711512804031372,0.8774128556251526,0.8481292724609375,0.0160785913467407,0.2995314598083496,0.946320859394775,True,True,True,True,True
47,01544500,0.4846611022949219,-0.0964812040328979,0.520419716835022,0.5570109186162144,0.702892922239436,1.6559406518936155,1.5974562168121338,0.7694580554962158,1.0675406455993652,-0.0357586145401001,0.5811423063278198,1.0615315975979365,False,True,True,True,True
47,01545600,0.5029003620147705,-0.3130947351455688,0.4444541931152344,0.603652720068333,0.5962983664453573,1.421750545501709,1.5030092000961304,0.9622167944908142,1.3018977642059326,0.0584461688995361,0.8159950971603394,0.9283743626610887,True,True,True,True,True
47,01547700,0.5679952502250671,0.2019664049148559,0.5515305399894714,0.5274614035212113,0.5701350498630195,1.8830084800720213,1.9185558557510376,0.8937281370162964,1.115213394165039,0.0164647102355957,0.3660288453102112,0.9550179980442748,True,True,True,True,True
47,01548500,0.6613031625747681,-0.096745491027832,0.5702933073043823,0.737083039387752,0.6995760662657877,1.1926076412200928,1.3433157205581665,1.1867265701293943,0.9674597382545472,0.0910098552703857,0.7580486536026001,0.8799419340198488,True,True,True,True,True
47,01549500,0.6995824575424194,-0.2014180421829223,0.6309975385665894,0.733791485194734,0.6833720145525658,1.277618169784546,1.4159667491912842,1.1674801111221311,1.2099905014038086,0.06858491897583,0.9010004997253418,0.9238791554535905,True,True,True,True,True
47,01550000,0.6976094245910645,-0.0528608560562133,0.5884218215942383,0.7254572918656488,0.7073541152998486,1.3457672595977783,1.570044755935669,1.192584991455078,1.047741413116455,0.1091876029968261,0.7504702806472778,0.8545077589179784,True,True,False,True,True
47,01552000,0.6719938516616821,0.1729698181152343,0.6370956897735596,0.6992479293957496,0.6591500268371077,1.4162315130233765,1.4896674156188965,1.0182127952575684,0.9881638288497924,0.0348981618881225,0.4990240335464477,0.9300671720355642,True,True,True,True,True
47,01552500,0.5666016936302185,0.3374707102775574,0.6165957450866699,0.5168052390624555,0.6307551213597791,2.1627299785614014,2.0341696739196777,0.7676767706871033,0.9647750854492188,-0.0499940514564514,0.2291309833526611,1.218189835023334,True,True,True,True,True
47,01557500,0.5715047717094421,0.0445985198020935,0.5824434161186218,0.4997281017534579,0.6855448805646451,1.581763744354248,1.5614434480667114,0.6797858476638794,0.916717767715454,-0.0109386444091796,0.5269062519073486,1.0207601340268462,True,True,True,True,True
47,01567500,0.3278930187225342,-1.2659482955932615,0.5110980868339539,0.6624480297901238,0.6425098236866058,1.653947114944458,1.410630464553833,1.1215906143188477,1.0416377782821655,-0.1832050681114196,1.593841314315796,1.1149456137608442,False,True,True,True,True
47,01568000,0.575937032699585,-0.0848633050918579,0.6282709836959839,0.6810125007928589,0.6384819052240152,1.5286991596221924,1.4312652349472046,1.114291787147522,1.0670623779296875,-0.0523339509963989,0.6608003377914429,1.0791978272458391,True,True,True,True,True
47,01580000,-0.0316913127899169,-4.027323722839356,-0.1213163137435913,0.5104544555857796,0.3535678061956445,1.457082986831665,1.5190550088882446,1.0648599863052368,1.2529915571212769,0.0896250009536743,3.9956324100494394,0.9775692576904076,False,True,True,True,True
47,01583500,-0.7956244945526123,-9.28486156463623,-0.7055023908615112,0.1515971936185186,0.1282259554428949,1.5461283922195437,1.506829023361206,1.1861988306045532,1.337357521057129,-0.090122103691101,8.489237070083618,1.0106160427547364,False,True,True,True,True
47,01586610,-0.0771033763885498,-4.213016986846924,-0.1001187562942504,0.3631521051799572,0.3330688811039984,1.6487501859664917,1.6662721633911133,1.3647569417953491,1.44606614112854,0.0230153799057006,4.135913610458374,0.9944352367884324,False,True,True,True,True
47,01591400,0.0619237422943115,-2.264763832092285,0.1219123601913452,0.4717487558137345,0.4056667576832862,1.6981191635131836,1.6429260969161987,1.3343980312347412,1.4643537998199463,-0.0599886178970336,2.3266875743865967,1.0257828419068464,False,True,True,True,True
47,01594950,0.3966333270072937,-0.1387472152709961,0.3702552914619446,0.608870296027536,0.6339208674021177,2.2865724563598637,2.336020231246948,0.8418488502502441,1.1220581531524658,0.0263780355453491,0.5353805422782898,0.9507303058996158,False,True,True,True,True
47,01596500,0.6749159693717957,-0.0532158613204956,0.5904237627983093,0.7808787940743667,0.7190543312456796,1.518845558166504,1.7048382759094238,1.0982173681259155,1.148526310920715,0.0844922065734863,0.7281318306922913,0.8839602898651566,True,True,True,True,True
47,01605500,-0.1364005804061889,-1.4469997882843018,0.1069167256355285,-0.1043755436348257,0.2081767291136215,1.8355205059051516,1.6271945238113403,2.0282442569732666,1.717455506324768,-0.2433173060417175,1.3105992078781128,1.1856534816892292,False,True,True,True,True
47,01606500,0.3144683241844177,-0.8207374811172485,0.2523641586303711,0.2266966084447939,0.4575194031758487,1.474616765975952,1.539963722229004,1.7375247478485107,1.4014400243759155,0.0621041655540466,1.1352058053016665,0.9452925934099295,False,True,True,True,True
47,01632000,0.4783991575241089,-0.919905424118042,0.3987800478935241,0.6007674839656734,0.4598173989287394,1.3969066143035889,1.4997363090515137,1.19392728805542,1.4155315160751345,0.0796191096305847,1.3983045816421509,0.9430602526260188,False,True,True,True,True
47,01632900,0.540825366973877,-0.5851045846939087,0.5175827145576477,0.5612497245778111,0.7534669840095387,0.89783775806427,0.920280694961548,0.7555840611457825,1.080374240875244,0.0232426524162292,1.1259299516677856,0.9793569285710882,True,True,True,True,True
47,01634500,0.469133198261261,-1.377668857574463,0.4111061096191406,0.5472543006607882,0.5086830604618191,1.2958849668502808,1.3648728132247925,1.384556770324707,1.411283254623413,0.0580270886421203,1.846802055835724,0.9685796924154594,False,True,True,True,True
47,01638480,0.4096810817718506,-0.9935420751571656,0.488900363445282,0.6217042351264752,0.5252846907633039,1.9824248552322388,1.8446168899536133,1.1124746799468994,1.2105008363723757,-0.0792192816734314,1.403223156929016,1.0564552268698333,False,True,True,True,True
47,01639500,-0.2714618444442749,-1.573901891708374,0.4907868504524231,-0.0508036705513177,0.7337604795991657,1.9825403690338133,1.2546430826187134,1.8784067630767824,1.1043022871017456,-0.762248694896698,1.3024400472640991,1.5852466656702355,False,True,True,True,True
47,01644000,0.4714865088462829,-0.9617190361022948,0.5634731650352478,0.6948352895683303,0.6826299227197978,1.5233237743377686,1.3844256401062012,1.0713865756988523,1.0879063606262207,-0.0919866561889648,1.433205544948578,1.0641824590430713,False,True,True,True,True
47,01664000,0.5525941848754883,-0.8308670520782471,0.644489049911499,0.6290698428184058,0.7836420848499146,1.0653752088546753,0.9496822357177734,1.3096070289611816,1.089427828788757,-0.0918948650360107,1.3834612369537354,1.0664238813357398,True,True,True,True,True
47,01666500,0.4492592215538025,-0.7591567039489746,0.5855454206466675,0.6997628424473192,0.6656030886687595,1.3371835947036743,1.15999436378479,1.0494073629379272,1.161337971687317,-0.136286199092865,1.208415925502777,1.1127808697457884,False,True,True,True,True
47,01667500,0.3778695464134216,-0.836519718170166,0.6286230087280273,0.5159746178759991,0.7384662574718683,1.2652008533477783,0.9775213003158568,1.394290328025818,1.1858495473861694,-0.2507534623146057,1.2143892645835876,1.2064852429345123,False,True,True,True,True
47,01669000,0.0194118022918701,-5.129142761230469,0.4410350322723388,0.4219205109313717,0.5462053839980097,1.283159255981445,0.9687897562980652,1.2040232419967651,1.3947746753692627,-0.4216232299804687,5.148554563522339,1.0818915726304392,False,True,True,True,True
47,01669520,-0.1601537466049194,-4.762338161468506,0.371239423751831,0.4933575915109721,0.5815687569564204,1.6732760667800903,1.2318347692489624,1.0300904512405396,1.2396705150604248,-0.5313931703567505,4.602184414863586,1.1154654230370518,False,True,True,True,True
47,02011400,0.0729127526283264,-2.042752981185913,0.0774104595184326,0.1394374726856069,0.1570282629737072,1.3881531953811646,1.384781837463379,1.7425304651260376,1.785333514213562,-0.0044977068901062,2.1156657338142395,1.0021259061950196,False,True,True,True,True
47,02013000,0.58970046043396,-0.759894847869873,0.4065525531768799,0.6658643905461681,0.4084716929229454,1.2831952571868896,1.543239712715149,1.0631040334701538,1.5042924880981443,0.18314790725708,1.349595308303833,0.8642942027656721,True,True,False,True,True
47,02014000,0.4973946809768677,-0.8381235599517822,0.3716186881065368,0.6746587592740989,0.4804165425039312,1.3448351621627808,1.5037206411361694,0.991237223148346,1.3621045351028442,0.1257759928703308,1.33551824092865,0.9058223324730684,False,True,False,True,True
47,02015700,0.4511792063713074,-0.2240912914276123,0.4035707116127014,0.5880108934751007,0.5386081146631954,1.4065393209457395,1.466277241706848,1.3352283239364624,1.294517159461975,0.0476084947586059,0.6752704977989197,0.9294971497884352,False,True,True,True,True
47,02016000,0.5028373003005981,-0.1635938882827758,0.312233030796051,0.5895299967994557,0.4586326589652735,1.3902451992034912,1.635169506072998,1.1597594022750854,1.1922669410705566,0.1906042695045471,0.666431188583374,0.713992573022111,True,True,False,False,True
47,02017500,0.5566256046295166,-0.6088283061981201,0.4756981134414673,0.7135796532560388,0.5253367524385829,1.2588928937911987,1.3689708709716797,1.121854543685913,1.2633525133132937,0.0809274911880493,1.1654539108276367,0.9305613972065362,True,True,True,True,True
47,02018000,0.5322264432907104,-0.4718145132064819,0.4144219756126404,0.6312562651295557,0.5117030847480002,1.2742754220962524,1.4257317781448364,0.993078589439392,1.2130104303359983,0.11780446767807,1.0040409564971924,0.8826696591252057,True,True,False,True,True
47,02027000,0.444901168346405,-0.0891515016555786,0.5407289266586304,0.6630022722295779,0.6042753416754849,1.848855972290039,1.6817152500152588,1.1274096965789795,1.26116943359375,-0.0958277583122253,0.5340526700019836,1.1794350327129146,False,True,True,True,True
47,02027500,0.2714587450027466,-0.6435247659683228,0.3696186542510986,0.6505040453258577,0.6130019411118058,1.910949945449829,1.7775585651397705,1.0524616241455078,1.2352700233459473,-0.098159909248352,0.9149835109710692,1.1072805226229434,False,True,True,True,True
47,02028500,0.5057611465454102,-0.621394157409668,0.6139378547668457,0.7233509797187281,0.712984199605822,1.4341564178466797,1.267525553703308,0.906276524066925,1.1720317602157593,-0.1081767082214355,1.127155303955078,1.0959732060363412,True,True,True,True,True
47,02038850,-0.012791633605957,-0.918115258216858,0.2982977628707886,-0.2897516769897679,0.2637764772066406,1.7019518613815308,1.4166535139083862,0.1441506445407867,1.667771339416504,-0.3110893964767456,0.9053236246109008,1.343622311425319,False,True,True,True,True
47,02046000,0.4553129076957702,-0.3960450887680053,0.6275538206100464,0.2872369534956659,0.495815691195878,1.7378923892974854,1.4370806217193604,0.5845596194267273,1.3736917972564695,-0.1722409129142761,0.8513579964637756,1.202313143976683,False,True,True,True,True
47,02051500,0.3702240586280823,-0.5094068050384521,0.4411256909370422,0.4167078857584281,0.6043680224127417,1.29554283618927,1.2204381227493286,0.6989285945892334,1.256085991859436,-0.0709016323089599,0.8796308636665344,1.080603847861162,False,True,True,True,True
47,02053200,-1.362682580947876,-8.753578186035156,-0.161516785621643,-0.1717530378946996,0.4421431311076513,2.272694826126098,1.593496799468994,1.7900055646896362,1.2477421760559082,-1.201165795326233,7.39089560508728,1.1625196538426883,False,True,True,True,True
47,02053800,0.4024278521537781,-1.1893949508666992,0.4594589471817016,0.6709301026078074,0.4255090542181887,1.1799194812774658,1.122203350067139,1.0015738010406494,1.490388035774231,-0.0570310950279235,1.5918228030204773,1.035827539924486,False,True,True,True,True
47,02055100,0.2580258250236511,-0.5071283578872681,-0.0179423093795776,0.1553696660522816,0.4360020117788611,1.4170074462890625,1.659737229347229,0.4008873999118805,1.3514803647994995,0.2759681344032287,0.7651541829109192,0.639330032342831,False,True,False,False,True
47,02056900,0.280873954296112,-0.9429553747177124,0.4664682745933532,0.234762304588476,0.6460794223383606,1.3088542222976685,1.1273763179779053,0.4943462312221527,1.2546216249465942,-0.1855943202972412,1.2238293290138245,1.1516504923499384,False,True,True,True,True
47,02059500,0.3986316919326782,-1.0471270084381104,0.3205528259277344,0.4051758018827012,0.4944102361076031,1.178824782371521,1.253016710281372,0.6790850162506104,1.3896310329437256,0.0780788660049438,1.4457587003707886,0.9459945383798009,False,True,True,True,True
47,02064000,0.1816421151161193,-0.5389912128448486,0.3820497989654541,0.0889891752678976,0.5496895430110444,1.3201380968093872,1.1471612453460691,0.3966750502586365,1.3541743755340576,-0.2004076838493347,0.720633327960968,1.2780993829641327,False,True,True,True,True
47,02065500,0.2812407612800598,-0.6203503608703613,0.2856148481369018,0.3267260549882526,0.5244029299197617,1.1988246440887451,1.195171356201172,0.5724674463272095,1.354089856147766,-0.004374086856842,0.9015911221504213,1.004851519440885,False,True,True,True,True
47,02069700,0.2141978740692138,-1.7837419509887695,-0.0104357004165649,0.3293050316649102,0.3699214102344799,1.2330002784729004,1.3981729745864868,0.4157130718231201,1.160731554031372,0.2246335744857788,1.9979398250579836,0.8875673973417795,False,True,False,True,True
47,02070000,0.1748250722885131,-1.1530025005340576,0.3077359795570373,0.0989398637962307,0.5645465913293246,1.351978778839111,1.2383196353912354,0.2946182489395141,1.2719061374664309,-0.1329109072685241,1.3278275728225708,1.1000965110146002,False,True,True,True,True
47,02074500,0.1871400475502014,-0.1964906454086303,0.3127968907356262,0.0558906456252279,0.4792286959676695,1.5097018480300903,1.3881163597106934,0.3965917527675628,1.4024442434310913,-0.1256568431854248,0.3836306929588318,1.3275463759593118,False,True,True,True,True
47,02077200,0.4614409804344177,-0.1589677333831787,0.5218994617462158,0.468695706190119,0.4275593318188621,1.969436883926392,1.8556028604507449,1.05815851688385,1.4614601135253906,-0.060458481311798,0.6204087138175964,1.0974494393216618,False,True,True,True,True
47,02081500,0.4051041007041931,-0.9426473379135132,0.5699901580810547,0.3063353170207724,0.5361521343042748,1.6762207746505735,1.4251151084899902,0.6582049131393433,1.2543747425079346,-0.1648860573768615,1.3477514386177063,1.1223415925609943,False,True,True,True,True
47,02082950,0.3553398251533508,-3.630600929260254,0.5252898931503296,0.3037651311184924,0.589929012215244,1.0196349620819092,0.8749707937240601,0.5811529755592346,1.3252829313278198,-0.1699500679969787,3.9859407544136047,1.0426373793460917,False,True,True,True,True
47,02092500,-1.387372970581055,-4.341696739196777,-2.763591766357422,-0.4717380494714482,-0.5887050573519352,3.1624579429626465,3.970689058303833,2.242467403411865,2.090403318405152,1.3762187957763672,2.9543237686157227,0.5341679167340525,False,True,False,False,True
47,02096846,0.2270921468734741,-1.2351300716400146,0.2545226812362671,-0.0072163607781967,-0.0748196865124237,1.9731301069259644,1.937800645828247,0.4027331173419952,1.9795809984207156,-0.0274305343627929,1.4622222185134888,1.0187594840342935,False,True,True,True,True
47,02102908,-1.0774929523468018,-4.374719619750977,-0.3548480272293091,0.0335890244174365,0.3956152861073893,1.6022439002990725,1.293910264968872,1.6258115768432615,1.242596983909607,-0.7226449251174927,3.297226667404175,1.2191674998450783,False,True,True,True,True
47,02108000,-0.656651496887207,-4.865518093109131,-0.9143879413604736,0.0835520434713164,0.1837163854545234,1.9159486293792725,2.0596017837524414,1.6872586011886597,1.378617525100708,0.2577364444732666,4.208866596221924,0.9387634560086502,False,True,False,True,True
47,02111180,0.4562684297561645,-0.479241132736206,0.3195859789848327,0.6068429887798832,0.6549520583348007,1.4826231002807615,1.6585367918014526,0.7550248503684998,1.0836684703826904,0.1366824507713318,0.9355095624923706,0.8538951858416236,False,True,False,True,True
47,02111500,0.163448691368103,-4.029292106628418,-0.4887255430221557,0.4721677633011272,0.1488623155345624,1.1352227926254272,1.5144054889678955,0.5744020938873291,1.2420012950897217,0.6521742343902588,4.192740797996521,0.8444515733713144,False,True,False,True,True
47,02112120,0.0699996948242187,-4.9663262367248535,-0.4429068565368652,0.4768322994189939,0.1244109057978866,1.1694996356964111,1.4567253589630127,0.7950217723846436,1.3481993675231934,0.512906551361084,5.036325931549072,0.898158586570404,False,True,False,True,True
47,02112360,0.0560047030448913,-2.65915584564209,-0.4792931079864502,0.440732923816308,0.1809683089976436,1.2260130643844604,1.5347487926483154,0.5832125544548035,1.0859090089797974,0.5352978110313416,2.715160548686981,0.8028485603585375,False,True,False,True,True
47,02118500,0.4044914841651916,-1.2878165245056152,0.4789949655532837,0.2877556719549523,0.5810076650890612,1.326525092124939,1.240773320198059,0.4614548981189728,1.3430336713790894,-0.074503481388092,1.6923080086708069,1.0440247762265271,False,True,True,True,True
47,02125000,0.5074317455291748,0.2552012801170349,0.4573338627815246,0.4383659633286279,0.4120757999734075,2.409493923187256,2.529059410095215,1.2217963933944702,1.0145963430404663,0.0500978827476501,0.2522304654121399,0.8013805244906037,True,True,True,True,True
47,02128000,0.1798176169395446,-0.3021137714385986,0.4573228359222412,-0.0721275771030394,0.4838513307623753,1.9651809930801392,1.5985201597213743,0.3070061504840851,1.3124181032180786,-0.2775052189826965,0.4819313883781433,1.5758189353812215,False,True,True,True,True
47,02137727,0.5304620265960693,-0.2627238035202026,0.5479581356048584,0.515781039703463,0.7487106628374706,1.804038524627685,1.7701078653335571,0.6357991695404053,1.105709433555603,-0.017496109008789,0.793185830116272,1.0220580201315803,True,True,True,True,True
47,02140991,0.3976550698280334,-0.3141744136810303,0.5073560476303101,0.4367979575464148,0.7387004191633735,1.80525541305542,1.632610559463501,0.6339587569236755,1.036596179008484,-0.1097009778022766,0.7118294835090637,1.1541113150603008,False,True,True,True,True
47,02143000,0.286118745803833,-0.7207897901535034,0.5526562333106995,0.2528230974566934,0.5924240658356323,1.751899480819702,1.3868098258972168,0.5259026288986206,1.3465368747711182,-0.2665374875068664,1.0069085359573364,1.2647087376744215,False,True,True,True,True
47,02143040,0.3500748872756958,0.0482887625694274,0.66273033618927,0.2589991444558539,0.6669723302711185,2.2195467948913574,1.5988998413085938,0.513256847858429,1.231987476348877,-0.3126554489135742,0.3017861247062683,2.036016646616491,False,True,True,True,True
47,02149000,0.3978434801101684,-2.2659099102020264,0.2235249876976013,0.4466231267338117,0.5133597492339308,1.3774763345718384,1.5642032623291016,0.5111977458000183,1.1752780675888062,0.1743184924125671,2.663753390312195,0.9345590725303078,False,True,False,True,True
47,02152100,0.2310054898262024,-0.439355731010437,0.4854168891906738,0.1455246112388293,0.5187935368995492,2.131211757659912,1.743382692337036,0.4752267897129059,1.398298978805542,-0.2544113993644714,0.6703612208366394,1.379513897070232,False,True,True,True,True
47,02177000,0.3100842237472534,-1.588108777999878,0.1026986837387085,0.6058245223134935,0.5106953444328015,2.3225553035736084,2.64872670173645,0.8421486616134644,1.0701614618301392,0.2073855400085449,1.8981930017471316,0.8907458093999591,False,True,False,True,True
47,02178400,0.2465696930885315,-1.7610633373260498,0.2696738839149475,0.5521912973916936,0.5802363080752464,2.157580614089966,2.124241352081299,0.6937642693519592,0.9868841767311096,-0.023104190826416,2.0076330304145813,1.011508174291018,False,True,True,True,True
47,02193340,0.2064845561981201,-0.6104720830917358,0.272174596786499,0.0597137211304223,0.0394212979266123,1.7916157245635986,1.7158557176589966,0.5388969779014587,1.853975892066956,-0.0656900405883789,0.816956639289856,1.0804082339614502,False,True,True,True,True
47,02196000,0.5084681510925293,-1.929511308670044,0.301662266254425,0.1470425339371047,-0.5366376370856931,1.0336922407150269,1.2321062088012695,1.809963583946228,2.50838041305542,0.2068058848381042,2.437979459762573,0.9151732456112472,True,True,False,True,True
47,02198100,0.166522741317749,-3.2941932678222656,-0.5105760097503662,-0.0596934470664152,-0.5620190870749384,1.5611661672592163,2.1017136573791504,1.9976648092269895,2.465679168701172,0.6770987510681152,3.460716009140014,0.8043472075490026,False,True,False,True,True
47,02202600,-3.25459098815918,-7.042840003967285,-5.0594024658203125,-2.148536846382187,-2.076993481335418,2.808027982711792,3.351100206375122,3.938521385192871,3.6836111545562735,1.8048114776611328,3.7882490158081055,0.5235763356289997,False,True,False,False,True
47,02212600,0.2692930698394775,-0.7664898633956909,0.4430891275405884,0.0996119296616596,0.1648307755373305,1.6302735805511477,1.423251748085022,0.4693187475204468,1.7054049968719482,-0.1737960577011108,1.0357829332351685,1.1677919688812362,False,True,True,True,True
47,02215100,0.4197102785110473,-1.3230228424072266,0.3766601085662842,0.3551620252076275,0.4277592535915945,1.4165922403335571,1.4681988954544067,1.5795044898986816,1.4502302408218384,0.0430501699447631,1.742733120918274,0.9752973249730404,False,True,True,True,True
47,02216180,0.3837794661521911,-3.5859904289245605,-0.0917596817016601,0.4940318991949196,-0.3340980890408664,1.454795002937317,1.9364097118377688,1.3542218208312988,2.243728876113892,0.4755391478538513,3.969769895076752,0.8802098961847618,False,True,False,True,True
47,02221525,0.2544450759887695,-2.9083945751190186,0.4379617571830749,0.1762976771767821,0.2818526863373913,1.1094045639038086,0.9632368087768556,0.4555750787258148,1.68514084815979,-0.1835166811943054,3.162839651107788,1.058022758482248,False,True,True,True,True
47,02231000,-1.9805564880371092,-4.403712272644043,-1.516432523727417,-1.72398029053709,-1.1072370454815244,3.0665833950042725,2.817725896835327,3.5909981727600098,2.94895076751709,-0.4641239643096924,2.4231557846069336,1.1915369895976289,False,True,True,True,True
47,02245500,-0.3781201839447021,-3.428227424621582,-0.5119649171829224,-0.3771638469157465,-0.6586035149957257,2.335263967514038,2.4460384845733643,2.238942861557007,2.538545846939087,0.1338447332382202,3.05010724067688,0.9561180238342972,False,True,False,True,True
47,02246000,-0.2809400558471679,-2.741250991821289,-0.2789448499679565,-0.2546976688248015,-0.4908184522064023,2.5545542240142822,2.5525639057159424,2.1292734146118164,2.4059090614318848,-0.0019952058792114,2.460310935974121,1.0008109567981989,False,True,True,True,True
47,02296500,-4.355166912078857,-6.714629650115967,-1.4123623371124268,-2.015618524388775,-0.4897141447076556,3.924710273742676,2.6341614723205566,3.701589822769165,2.248497009277344,-2.9428045749664307,2.3594627380371094,2.247235028349978,False,True,True,True,True
47,02297155,-2.094642639160156,-6.494691371917725,-0.8514021635055542,-1.5787669780436309,-0.7766328525955364,3.254554986953736,2.517310380935669,3.3262665271759038,2.599191188812256,-1.243240475654602,4.400048732757568,1.2825515241226535,False,True,True,True,True
47,02297310,-1.3018438816070557,-3.901036262512207,-0.4375118017196655,-0.7539898162189209,0.174063267533615,3.48613715171814,2.7549405097961426,2.5720698833465576,1.587191104888916,-0.8643320798873901,2.599192380905152,1.3325387094226524,False,True,True,True,True
47,02298123,-6.764915943145752,-7.676763534545898,-4.291199207305908,-2.168100405369009,-1.0229738270183637,4.661746978759766,3.84819769859314,3.62606692314148,2.344132661819458,-2.473716735839844,0.9118475914001464,3.712862060688716,False,True,True,True,True
47,02298608,-0.2521039247512817,-1.0920655727386477,0.1026082634925842,-0.3577358517200264,0.3011202247612811,3.408093214035034,2.885242462158203,2.281239748001098,1.5736064910888672,-0.3547121882438659,0.8399616479873657,1.4222956953972752,False,True,True,True,True
47,02299950,0.3624534606933594,-0.309441328048706,0.5316528081893921,-0.2520676002513016,0.2967571836470373,2.7626755237579346,2.367870092391968,2.232545852661133,1.662323236465454,-0.1691993474960327,0.6718947887420654,1.2518241699906782,False,True,True,True,True
47,02342933,0.2635921835899353,-0.3335206508636474,0.2249152064323425,0.2772235654057704,0.2540363652335303,2.9880170822143555,3.0654799938201904,1.1963824033737185,1.1294320821762085,0.0386769771575927,0.5971128344535828,0.9352266859361916,False,True,True,True,True
47,02349900,0.0826685428619384,-2.435967206954956,0.3472691178321838,-0.0026377593444679,-0.1474156916933828,1.710455298423767,1.4428316354751587,1.821622371673584,2.1268205642700195,-0.2646005749702453,2.5186357498168945,1.1050571028341365,False,True,True,True,True
47,02350900,-0.089251160621643,-5.427660465240479,0.089714229106903,0.0986961889352311,0.3053507701054438,1.204085111618042,1.1007331609725952,1.580898642539978,1.335780382156372,-0.1789653897285461,5.3384093046188354,1.0335241041884338,False,True,True,True,True
47,02361000,0.7616531848907471,-1.597454071044922,0.6860953569412231,0.7322870507835997,0.7420364591031519,0.8310282826423645,0.9536960124969482,0.7769427299499512,1.1871860027313232,0.0755578279495239,2.359107255935669,0.967971855557048,True,True,True,True,True
47,02369800,-0.2512555122375488,-3.619088649749756,0.4005570411682129,0.1898609168530974,0.6594522707702003,2.263328790664673,1.5665656328201294,1.5508143901824951,1.1910046339035034,-0.6518125534057617,3.367833137512207,1.193540631851865,False,True,True,True,True
47,02371500,0.4725550413131714,-2.76430082321167,0.5465981364250183,0.591350543824414,0.768969102062109,1.267304539680481,1.1749897003173828,1.3229116201400757,1.0256755352020264,-0.0740430951118469,3.2368558645248413,1.0228750053171478,False,True,True,True,True
47,02372250,0.690779983997345,-1.5305352210998535,0.6775330901145935,0.7203758421018318,0.7790396422611605,1.1254078149795532,1.1492611169815063,1.2401504516601562,1.0804368257522583,0.0132468938827514,2.2213152050971985,0.99403646368946,True,True,True,True,True
47,02374500,0.3627816438674927,-1.784153699874878,0.5846277475357056,0.6131934857511997,0.7821792430091292,1.4952558279037476,1.2072303295135498,1.233076095581055,0.9154857397079468,-0.2218461036682129,2.1469353437423706,1.1033315252435631,False,True,True,True,True
47,02381600,0.067889928817749,-2.3522214889526367,-0.3322001695632934,0.5015628519360396,0.0700338474248718,1.971291661262512,2.356687545776367,1.1365671157836914,1.7838242053985596,0.4000900983810425,2.4201114177703857,0.8346811244130075,False,True,False,True,True
47,02384540,0.4362241625785827,-0.4765676259994507,0.4435334801673889,0.5271654582350415,0.5811914034817214,2.6291842460632324,2.6120851039886475,0.7683408260345459,1.2581278085708618,-0.0073093175888061,0.9127917885780334,1.0080076504634126,False,True,True,True,True
47,02395120,0.559984564781189,-1.0127437114715576,0.3789389729499817,0.6643884797649626,0.5518853105414487,1.4334739446640017,1.7030327320098877,0.7587448358535767,1.342121124267578,0.1810455918312072,1.5727282762527466,0.8848843792250148,True,True,False,True,True
47,02415000,0.7341169118881226,-0.862902045249939,0.7016798257827759,0.80361106090063,0.8379660485017033,1.3434233665466309,1.4230129718780518,0.8515124320983887,1.060678005218506,0.0324370861053466,1.5970189571380615,0.979688978668434,True,True,True,True,True
47,02427250,0.6296836137771606,0.0160487294197082,0.3488223552703857,0.6109254182543444,0.1385515036480277,1.937222361564636,2.568873643875122,1.0583384037017822,0.5208244323730469,0.2808612585067749,0.6136348843574524,0.5422990679533001,True,True,False,False,True
47,02430085,0.3929013609886169,-1.0082266330718994,0.3599565029144287,0.4817428870781722,0.234044564429885,2.104625940322876,2.1609766483306885,0.8167007565498352,0.525812029838562,0.0329448580741882,1.4011279940605164,0.9764869032566303,False,True,True,True,True
47,02450250,0.5731163024902344,0.1270346641540527,0.5107162594795227,0.5083793515059067,0.5955557115875305,2.6436336040496826,2.830263376235962,1.4159119129180908,1.2216086387634275,0.0624000430107116,0.4460816383361816,0.8601151949597061,True,True,True,True,True
47,02464000,0.7023894786834717,-0.0718922615051269,0.5406522154808044,0.6911676178197764,0.5828496919197204,1.9317554235458372,2.3999311923980717,1.1468114852905271,0.9247239232063292,0.1617372632026672,0.7742817401885986,0.7911131635840056,True,True,False,False,True
47,02464360,0.5882519483566284,-1.0155258178710938,0.6004594564437866,0.6818788015356536,0.4935510824788172,1.5421897172927856,1.5191564559936523,0.9503999948501588,0.7411821484565735,-0.0122075080871582,1.6037777662277222,1.007611720491594,True,True,True,True,True
47,02465493,0.3542307019233703,-4.016022205352783,0.3373489379882812,0.6730906174339277,0.350684114277548,1.2877980470657349,1.3045223951339722,1.026871919631958,0.6905391216278076,0.0168817639350891,4.370252907276154,0.9961371196831692,False,True,True,True,True
47,02469800,0.6116172075271606,-0.4808474779129028,0.6064944267272949,0.6736579032004975,0.5299283021705112,1.7145256996154783,1.7257959842681885,1.0724271535873413,1.0823078155517578,0.0051227807998657,1.0924646854400637,0.9953108042135,True,True,True,True,True
47,02472000,0.4206876754760742,-1.2792181968688965,0.3573092818260193,0.454927928648637,0.2176874779725082,1.8337225914001465,1.9314268827438357,1.4836407899856567,0.5051472783088684,0.0633783936500549,1.6999058723449707,0.9627165276141872,False,True,True,True,True
47,02472500,0.062857449054718,-3.1506452560424805,0.6839511394500732,0.1913906636385285,0.7489414198322384,2.1629371643066406,1.256082534790039,1.6165934801101685,1.1632078886032104,-0.6210936903953552,3.2135027050971985,1.1932762307653229,False,True,True,True,True
47,02479155,0.6693816781044006,-0.4277576208114624,0.4813043475151062,0.5477713062629509,0.5545852658004811,2.0041682720184326,2.510308265686035,1.4243907928466797,1.250186324119568,0.1880773305892944,1.097139298915863,0.8285747937612454,True,True,False,True,True
47,02479300,-0.3297717571258545,-2.910729169845581,0.6479150652885437,0.3444824069504154,0.7017747667399599,3.227292060852051,1.6606321334838867,1.3231823444366455,0.8480172753334045,-0.9776868224143982,2.5809574127197266,1.3788078089146556,False,True,True,True,True
47,02479560,0.1063772439956665,-2.028796911239624,0.6580346822738647,0.3701159396333995,0.8014262143704782,2.409818410873413,1.4907273054122925,1.4313193559646606,0.9646090269088744,-0.5516574382781982,2.1351741552352905,1.2583664835608723,False,True,True,True,True
47,02481000,0.63987135887146,0.0448085069656372,0.5386808514595032,0.7324213493201552,0.4913899698115447,2.729304790496826,3.089042901992798,1.0864156484603882,0.8707411289215088,0.1011905074119567,0.5950628519058228,0.8299498832974174,True,True,False,True,True
47,02481510,0.5286462306976318,-0.8919445276260376,0.7025870084762573,0.6350580814000988,0.6592662468828008,2.3613498210906982,1.8757147789001465,1.26970112323761,0.9388229250907898,-0.1739407777786255,1.4205907583236694,1.1224425660658808,True,True,True,True,True
47,03010655,0.4924716353416443,-0.4084483385086059,0.4458118677139282,0.6383917804583028,0.6563817841255604,1.5122922658920288,1.5802804231643677,0.9467362761497498,1.103946328163147,0.046659767627716,0.9009199738502502,0.9482087544043376,False,True,True,True,True
47,03011800,0.5924402475357056,0.1178899407386779,0.5352165102958679,0.5719832312793095,0.6455003039578556,1.4503604173660278,1.5488367080688477,0.8570417165756226,1.0010629892349243,0.0572237372398376,0.4745503067970276,0.8794148135187844,True,True,True,True,True
47,03015500,0.5158475637435913,0.0333887934684753,0.4528421759605407,0.5197849070601579,0.5033698494990457,1.882817506790161,2.001582384109497,0.8308936357498169,0.8618447184562683,0.0630053877830505,0.4824587702751159,0.8694077262869063,True,True,True,True,True
47,03021350,0.4485543966293335,0.2916147708892822,0.3985978364944458,0.3722473036228975,0.3124140252230881,3.1174824237823486,3.2556309700012207,0.8321623802185059,0.7445046901702881,0.0499565601348876,0.1569396257400512,0.6816829408167838,False,True,True,False,True
47,03026500,0.5224989652633667,-0.0176488161087036,0.525944709777832,0.5328918271946452,0.6763905786102553,1.5918920040130615,1.5861380100250244,0.8309621214866638,1.0798752307891846,-0.0034457445144653,0.5401477813720703,1.0063792625523935,True,True,True,True,True
47,03028000,0.4942097067832947,0.2174247503280639,0.5331702828407288,0.4404430994925673,0.6017388847313978,1.8003648519515991,1.729635238647461,0.7273311614990234,0.9253798127174376,-0.038960576057434,0.2767849564552307,1.1407611763168055,False,True,True,True,True
47,03049000,0.5229887962341309,-0.3378064632415771,0.5585554242134094,0.5453113731698942,0.7377034001528469,1.5329782962799072,1.47472083568573,1.3962310552597046,1.1053260564804075,-0.0355666279792785,0.860795259475708,1.041318336256802,True,True,True,True,True
47,03049800,0.2932780981063843,-0.0847599506378173,0.2867562770843506,0.3900678962795531,0.3733842585007161,2.6659727096557617,2.6782455444335938,1.0260756015777588,1.191317439079285,0.0065218210220336,0.3780380487442016,0.982748241761118,False,True,True,True,True
47,03050000,0.6013363599777222,0.2020734548568725,0.4911651015281677,0.5930793233827945,0.5808016683858663,1.975685238838196,2.2320446968078613,1.124931573867798,1.0191349983215332,0.1101712584495544,0.3992629051208496,0.7240633751933263,True,True,False,False,True
47,03069500,0.6394272446632385,0.4308971762657165,0.4226342439651489,0.6571754023631043,0.5120056808410071,1.9199262857437132,2.429481506347656,0.9854838252067566,0.7981802821159363,0.2167930006980896,0.2085300683975219,-0.0396246563580267,True,True,False,False,False
47,03070500,0.5613908171653748,0.2836803197860718,0.4997339844703674,0.4976243624973649,0.5594532383351505,2.0308659076690674,2.168916702270508,0.7375645637512207,0.7986763119697571,0.0616568326950073,0.277710497379303,0.7779816273534842,True,True,True,False,True
47,03076600,0.5393710136413574,-0.1634856462478637,0.4850979447364807,0.7093834293717027,0.7095627380811589,1.8990031480789185,2.007762670516968,1.1779890060424805,1.0770275592803955,0.0542730689048767,0.7028566598892212,0.9227821659775824,True,True,True,True,True
47,03078000,0.5266449451446533,0.0290755629539489,0.5770428776741028,0.5891409064423339,0.7393587848906638,1.9839370250701904,1.8753509521484373,0.7010542750358582,0.9635260701179504,-0.0503979325294494,0.4975693821907043,1.101288251112954,True,True,True,True,True
47,03140000,0.5927481651306152,-0.2338917255401611,0.5534474849700928,0.6302746883955378,0.5765945635974805,1.314530849456787,1.3764978647232056,0.992163062095642,1.1570240259170532,0.0393006801605224,0.8266398906707764,0.9524573147218532,True,True,True,True,True
47,03144000,0.5888316035270691,0.0271416306495666,0.6093062162399292,0.5027011346894872,0.5782711253173234,1.607655644416809,1.5671170949935913,0.858234167098999,1.0617725849151611,-0.0204746127128601,0.5616899728775024,1.0364518038446902,True,True,True,True,True
47,03170000,0.0967457890510559,-4.41500997543335,0.1396850943565368,0.5047053092222984,0.4155967010236177,1.096410870552063,1.0700327157974243,1.115072250366211,1.295255184173584,-0.0429393053054809,4.5117557644844055,1.0095172051739791,False,True,True,True,True
47,03173000,0.6088035106658936,-0.9772868156433104,0.5911672115325928,0.7046755611399786,0.6826875083713908,1.009723663330078,1.032233476638794,1.0205034017562866,1.0746140480041504,0.0176362991333007,1.586090326309204,0.9888806464292988,True,True,True,True,True
47,03180500,0.6807491779327393,0.2285971641540527,0.5792966485023499,0.73046172350522,0.6691067109693669,1.632292866706848,1.8737863302230835,1.0360502004623413,0.9589413404464722,0.1014525294303894,0.4521520137786865,0.7756229623251284,True,True,False,False,True
47,03182500,0.6222772598266602,0.1855335831642151,0.4944881200790405,0.6363076291550189,0.6289418570448352,1.6525824069976809,1.9117991924285889,1.207937479019165,1.0344302654266355,0.1277891397476196,0.436743676662445,0.7074047168257307,True,True,False,False,True
47,03186500,0.6480154395103455,0.4412045478820801,0.6142599582672119,0.6422916929588611,0.6135342354849715,2.234114408493042,2.3387885093688965,0.9259612560272216,0.872214138507843,0.0337554812431335,0.2068108916282653,0.8367809307461054,True,True,True,True,True
47,03237280,0.2535340189933777,-0.0713844299316406,0.3701305389404297,0.0933170949040141,0.3929374773871611,2.8265552520751958,2.5964367389678955,0.5264045000076294,1.1306406259536743,-0.116596519947052,0.3249184489250183,1.35884856748765,False,True,True,True,True
47,03237500,0.6317895650863647,0.306966483592987,0.4735540151596069,0.6309627842634681,0.4267137789467465,1.7607381343841553,2.1053466796875,1.109173059463501,0.8208327293395996,0.1582355499267578,0.3248230814933777,0.5128562009840306,True,True,False,False,True
47,03238500,0.6272619962692261,0.442963182926178,0.5323202013969421,0.617821079461201,0.5304534019434298,2.227400779724121,2.495001554489136,1.149320363998413,0.9431415796279908,0.0949417948722839,0.1842988133430481,0.484848582852445,True,True,True,False,True
47,03241500,0.718235194683075,-1.128628492355347,0.6337645053863525,0.8534755141821899,0.8182498226394528,1.1883935928344729,1.3548686504364014,1.0447901487350464,0.991288959980011,0.0844706892967224,1.8468636870384216,0.9542626291861436,True,True,True,True,True
47,03280700,0.4459729790687561,-0.0837633609771728,0.4539347290992737,0.3794724778116919,0.4751368300669578,2.373427629470825,2.3563120365142822,0.830937922000885,1.2879091501235962,-0.0079617500305175,0.529736340045929,1.0150296466914603,False,True,True,True,True
47,03281500,0.3750779628753662,0.0667786002159118,0.4514724016189575,0.2021669134873337,0.3691287096560597,2.2209975719451904,2.0808193683624268,0.5434298515319824,0.8391414880752563,-0.0763944387435913,0.3082993626594543,1.247793047914848,False,True,True,True,True
47,03285000,0.5803496837615967,0.3066502809524536,0.5388364791870117,0.5999275389991731,0.5671306313253661,2.200103521347046,2.306358814239502,1.1163610219955444,0.9684601426124572,0.0415132045745849,0.273699402809143,0.8483255566197451,True,True,True,True,True
47,03291780,0.4235684275627136,0.2359589338302612,0.4991548657417297,0.3384163194542005,0.538475732490943,3.0689520835876465,2.8606715202331543,0.669193685054779,0.95949125289917,-0.0755864381790161,0.1876094937324524,1.4028923945970933,False,True,True,True,True
47,03338780,0.5566627383232117,-1.1752984523773191,0.579925537109375,0.7583471319422472,0.6450476325925757,1.6188544034957886,1.5758098363876345,0.9745804071426392,0.8019627332687378,-0.0232627987861633,1.731961190700531,1.013431478090311,True,True,True,True,True
47,03340800,0.6673635244369507,-0.4894555807113647,0.7088090777397156,0.7829966982682894,0.7229218492186005,1.643703818321228,1.5378979444503784,1.010759949684143,0.9905491471290588,-0.0414455533027648,1.1568191051483154,1.035827168758119,True,True,True,True,True
47,03346000,0.4470708966255188,-0.3142209053039551,0.5906528830528259,0.3602893189696763,0.6306395017556081,2.4564409255981445,2.1135737895965576,1.5873908996582031,1.2348647117614746,-0.1435819864273071,0.7612918019294739,1.1886030902518618,False,True,True,True,True
47,03366500,0.6854419708251953,0.2517358660697937,0.6629879474639893,0.5856886196129174,0.6267528346625442,2.211841106414795,2.289424180984497,0.942584991455078,0.9396361112594604,0.022454023361206,0.4337061047554016,0.9482275598267876,True,True,True,True,True
47,03368000,0.3725391626358032,0.1357792019844055,0.4222858548164367,0.2369738492584755,0.4077209474544461,3.9998817443847656,3.838047504425049,0.6247972846031189,0.9059557914733888,-0.0497466921806335,0.2367599606513977,1.2101144637960128,False,True,True,True,True
47,03384450,0.3880940675735473,0.2973328232765198,0.570802628993988,0.2269456093267684,0.5113907328570317,3.677409648895264,3.079840421676636,0.563542366027832,1.1399093866348269,-0.1827085614204406,0.0907612442970275,3.01306805383258,False,True,True,True,True
47,03439000,0.2476977705955505,-0.7695735692977905,0.4841010570526123,0.4541994392553582,0.6707735841454423,2.58890438079834,2.143888235092163,1.0809533596038818,1.117116928100586,-0.2364032864570617,1.017271339893341,1.2323896065742383,False,True,True,True,True
47,03456500,0.5952005982398987,0.4473033547401428,0.6340606212615967,0.5061935149168217,0.6599240235406715,2.432624340057373,2.312915086746216,0.7226331233978271,1.051846623420715,-0.038860023021698,0.1478972434997558,1.2627501507271983,True,True,True,True,True
47,03460000,0.3352459669113159,-1.1363813877105713,0.465613842010498,0.5602534553682723,0.6669042596108907,1.5282442569732666,1.3702186346054075,1.2769345045089722,1.241674304008484,-0.1303678750991821,1.4716273546218872,1.088587558997011,False,True,True,True,True
47,03463300,0.564447820186615,0.6265966892242432,0.504067063331604,0.4258290641647357,0.4077333091171732,3.983498573303223,4.250656604766846,0.7351561784744263,0.8929741382598877,0.0603807568550109,-0.0621488690376281,,True,False,True,False,False
47,03471500,0.2350533604621887,-1.76688814163208,0.4093114733695984,0.4637792445726107,0.6180056835842944,1.3179584741592407,1.158151626586914,1.4027000665664673,1.2807159423828125,-0.1742581129074096,2.001941502094269,1.0870445578580168,False,True,True,True,True
47,03473000,0.2350069880485534,-1.0549683570861816,0.5386075377464294,0.4508826958973455,0.6809969698011229,1.310579538345337,1.017817497253418,1.446940302848816,1.2460817098617554,-0.303600549697876,1.289975345134735,1.235353761483066,False,True,True,True,True
47,03479000,0.5296459197998047,0.2816171050071716,0.6515369415283203,0.426614519919459,0.586175991100778,2.0165703296661377,1.7357183694839478,0.7409777641296387,1.280083417892456,-0.1218910217285156,0.248028814792633,1.4914389557133667,True,True,True,True,True
47,03488000,0.6214929819107056,-0.3045424222946167,0.5555323958396912,0.6913562755254243,0.6545626518468962,1.2384169101715088,1.3419921398162842,1.1155812740325928,1.1034495830535889,0.0659605860710144,0.9260354042053224,0.9287709889152472,True,True,True,True,True
47,03498500,0.5339994430541992,-0.1260963678359985,0.5703495740890503,0.4004859341427931,0.6764166128972902,1.8342548608779907,1.7612625360488892,1.5761736631393433,1.2322208881378174,-0.036350131034851,0.6600958108901978,1.0550679620066512,True,True,True,True,True
47,03500000,-0.5570446252822876,-3.3267264366149902,-0.0529705286026001,0.078126560766199,0.3615247982949074,2.5500943660736084,2.097074270248413,1.1296072006225586,1.170520544052124,-0.5040740966796875,2.769681811332702,1.181997114115119,False,True,True,True,True
47,03500240,0.2710332870483398,-2.081958770751953,-0.0374857187271118,0.5247637329367516,0.3673878492914537,1.7246384620666504,2.057478427886963,0.9771445393562316,1.1671741008758545,0.3085190057754516,2.352992057800293,0.8688822579095858,False,True,False,True,True
47,03504000,0.294428288936615,-0.2165497541427612,0.4685511589050293,0.5051877065724737,0.7031212936747384,2.3088510036468506,2.003807783126831,0.5563572645187378,0.8366972804069519,-0.1741228699684143,0.5109780430793762,1.3407638984232553,False,True,True,True,True
47,03574500,0.4180282950401306,-0.020750880241394,0.4535630941390991,0.533579012076353,0.4437918380178154,3.0601625442504883,2.9652655124664307,1.2665995359420776,1.1183701753616333,-0.0355347990989685,0.4387791752815246,1.080985609848437,False,True,True,True,True
47,03592718,0.4450961947441101,-0.2400815486907959,0.3433355689048767,0.479467069782691,0.1352278658360978,2.738807916641236,2.9793701171875,1.1092026233673096,0.4674127995967865,0.1017606258392334,0.685177743434906,0.8514828789839392,False,True,False,True,True
47,03604000,0.6126915812492371,0.2399138212203979,0.5677962303161621,0.6760936191591478,0.5200050135090191,2.361675500869751,2.494801521301269,0.939607799053192,0.8011447787284851,0.0448953509330749,0.3727777600288391,0.8795653717925616,True,True,True,True,True
47,04015330,0.4812375903129577,0.256037175655365,0.5863808393478394,0.35116914843394,0.5367122316164799,1.596461057662964,1.4255235195159912,0.6415390968322754,1.255491852760315,-0.1051432490348815,0.2252004146575927,1.466887457533092,False,True,True,True,True
47,04027000,0.4693217277526855,-0.1973000764846801,0.5162698030471802,0.4612150663805217,0.5136729358037795,1.2265496253967283,1.171038269996643,1.4521220922470093,1.4335148334503174,-0.0469480752944946,0.6666218042373657,1.07042685222126,False,True,True,True,True
47,04040500,-0.0656026601791381,-1.0339837074279783,0.5800753831863403,0.3443605068703541,0.6498375955647029,1.801284670829773,1.1307597160339355,1.4006781578063965,1.2911756038665771,-0.6456780433654785,0.9683810472488404,1.6667603059764982,False,True,True,True,True
47,04043050,0.3571221232414245,0.1927672028541565,0.3629893064498901,0.4159114293569508,0.3318255418853575,1.8636237382888796,1.855100154876709,0.9516048431396484,1.0352412462234497,-0.0058671832084655,0.164354920387268,1.0356982510449992,False,True,True,True,True
47,04045500,-2.5825536251068115,-4.584842681884766,-0.6718250513076782,-0.4541721056237693,0.0841556953077589,1.955090403556824,1.3355677127838137,1.717414617538452,1.3031973838806152,-1.9107285737991333,2.002289056777954,1.954272095395578,False,True,True,True,True
47,04057510,-5.674643516540527,-8.405592918395996,-5.802300453186035,-1.099130111491708,-1.1400167631681324,2.193432569503784,2.214308738708496,2.1363685131073,2.1397407054901123,0.1276569366455078,2.7309494018554688,0.9532554735145312,False,True,False,True,True
47,04057800,0.1974315047264099,-0.966923713684082,0.2445493340492248,0.3623185252418496,0.3077398876818086,1.4593631029129028,1.4158765077590942,1.48645281791687,1.5809946060180664,-0.0471178293228149,1.164355218410492,1.0404668855155197,False,True,True,True,True
47,04059500,-1.1543006896972656,-3.8510799407958975,-0.3111177682876587,-0.3140590301208135,-0.148537721734179,1.3923864364624023,1.0862442255020142,2.0768849849700928,2.025756597518921,-0.8431829214096069,2.696779251098633,1.312662937118826,False,True,True,True,True
47,04063700,-2.1087865829467773,-9.32357120513916,-2.27309513092041,-0.4308913263634255,-0.7691085150887582,1.2772337198257446,1.310552000999451,1.9696248769760127,2.465097665786743,0.1643085479736328,7.214784622192383,0.97722613264598,False,True,False,True,True
47,04074950,-4.655007839202881,-14.499272346496582,-5.456790924072266,-0.9569440140391612,-1.037495060224571,1.0532565116882324,1.125449299812317,1.7477991580963137,1.9051320552825928,0.8017830848693848,9.8442645072937,0.9185532769588488,False,True,False,True,True
47,04105700,-6.240337371826172,-30.009449005126957,-7.369045257568359,-1.3339405802663853,-1.326308580373579,1.2756630182266235,1.3714958429336548,1.19373881816864,1.5720736980438232,1.1287078857421875,23.76911163330078,0.9525136697090162,False,True,False,True,True
47,04115265,-3.302221775054932,-19.70805549621582,-6.689353942871094,-0.7529864321489594,-1.3090151493257092,1.0645872354507446,1.4232454299926758,1.1770576238632202,1.8979952335357664,3.387132167816162,16.40583372116089,0.7935409912482957,False,True,False,False,True
47,04122200,-4.06720781326294,-13.674994468688965,-5.841979503631592,-0.8667238304608313,-1.009541105630452,1.1638336181640625,1.3523759841918943,1.2045636177062988,1.5074894428253174,1.7747716903686523,9.607786655426024,0.8152777789496038,False,True,False,True,True
47,04122500,-5.740475654602051,-15.90104866027832,-6.04181718826294,-1.173604526839914,-1.0968268890550257,1.2548236846923828,1.2825661897659302,1.03498375415802,1.368062973022461,0.3013415336608886,10.16057300567627,0.9703420728838282,False,True,False,True,True
47,04127918,-0.701125979423523,-4.470860481262207,-0.4917877912521362,0.0476008801628348,-0.0157206342169937,1.4134626388549805,1.3236392736434937,1.5797916650772097,1.7269467115402222,-0.2093381881713867,3.769734501838684,1.055531281598023,False,True,True,True,True
47,04127997,-10.347758293151855,-33.89109802246094,-20.06968688964844,-2.0019210064699022,-3.035386699758506,0.9204754829406738,1.2542561292648315,1.134342074394226,1.395952224731445,9.721928596496582,23.54333972930908,0.587062468270219,False,True,False,False,True
47,04161580,-1.8672940731048584,-14.496502876281738,-5.132030010223389,-0.2605393634689543,-1.0602682456162589,1.1142563819885254,1.6294879913330078,1.4468786716461182,2.205616235733032,3.2647359371185303,12.62920880317688,0.7414932330283995,False,True,False,False,True
47,04185000,-0.3596954345703125,-2.2220652103424072,-0.0865262746810913,0.3010106428840914,0.4604540060274711,1.645746827125549,1.4711682796478271,1.4271849393844604,1.268302083015442,-0.2731691598892212,1.8623697757720947,1.1466782609140935,False,True,True,True,True
47,04196800,0.4249472022056579,-0.3565043210983276,0.3815661072731018,0.4610808213780838,0.4729298771677934,1.7440457344055176,1.808633804321289,0.7589969635009766,0.8711698651313782,0.0433810949325561,0.7814515233039856,0.9444865181794766,False,True,True,True,True
47,04197100,0.4846457242965698,-0.5599526166915894,0.5124690532684326,0.5820506473938772,0.6324759519900853,1.6717205047607422,1.6259673833847046,1.3249050378799438,1.1753517389297483,-0.0278233289718627,1.0445983409881592,1.0266354328550271,False,True,True,True,True
47,04197170,0.6846432685852051,0.125680387020111,0.6456305384635925,0.6086025974881127,0.5959366856460049,1.678062081336975,1.7788326740264893,1.1074434518814087,1.0816015005111694,0.0390127301216125,0.558962881565094,0.9302051506311528,True,True,True,True,True
47,04213000,0.3817480802536011,0.0904791951179504,0.3718577623367309,0.388591680727821,0.3624412182334215,2.358543634414673,2.377333641052246,0.8420905470848083,0.8238690495491028,0.0098903179168701,0.2912688851356506,0.966044028656669,False,True,True,True,True
47,04213075,0.3707078695297241,-0.11654794216156,0.3301385045051574,0.4642950623570108,0.4068567544561673,2.248654365539551,2.3200056552886963,1.0778510570526123,1.0210167169570925,0.0405693650245666,0.4872558116912842,0.916739084375928,False,True,True,True,True
47,04216418,0.5882008671760559,-0.200239896774292,0.4604712128639221,0.6865014445284838,0.6378297777836244,1.5007394552230835,1.7177892923355105,0.9635328650474548,1.0131632089614868,0.1277296543121338,0.7884407639503479,0.8379971455659317,True,True,False,True,True
47,04221000,0.6134589910507202,-0.4844300746917724,0.5379700660705566,0.6953698270841423,0.6942101342978503,1.24537456035614,1.3615614175796509,1.0507452487945557,1.1125353574752808,0.0754889249801635,1.097889065742493,0.9312417553506546,True,True,True,True,True
47,04224775,0.5623746514320374,-0.5420764684677124,0.504562258720398,0.6555593294130985,0.6226332455431431,1.197434425354004,1.274075269699097,1.233608365058899,1.2154858112335205,0.0578123927116394,1.1044511198997498,0.9476550915925668,True,True,True,True,True
47,04233000,0.6319057941436768,-0.5636276006698608,0.5144986510276794,0.7374107428392251,0.6471200089309825,0.9980193376541138,1.1461848020553589,0.9400425553321838,1.1522830724716189,0.1174071431159973,1.1955333948135376,0.9017951789340783,True,True,False,True,True
47,04256000,0.3314466476440429,-0.0161420106887817,0.5368887782096863,0.4941610812639384,0.6076795501759329,2.1080329418182373,1.7544946670532229,0.8620786070823669,1.0441054105758667,-0.2054421305656433,0.3475886583328247,1.5910495801302222,False,True,True,True,True
47,04296000,-0.2172445058822631,-0.9509897232055664,0.4862374067306518,0.3573388263748034,0.5410594885618087,2.377502918243408,1.5445905923843384,1.4049434661865234,1.256489396095276,-0.703481912612915,0.7337452173233032,1.9587550228664,False,True,True,True,True
47,05057200,-4.426705837249756,-14.494255065917969,-2.954908609390259,-2.749180128555711,-2.4639193020604435,1.1423910856246948,0.97524756193161,4.43236780166626,4.260957717895508,-1.471797227859497,10.067549228668211,1.1461922057126304,False,True,True,True,True
47,05120500,-60.71397399902344,-94.17725372314452,-41.14199447631836,-8.518950167599401,-8.120327151196992,1.921764016151428,1.588056206703186,7.282832145690918,8.046181678771973,-19.57197952270508,33.463279724121094,1.58487929707013,False,True,True,True,True
47,05291000,-2.0203607082366943,-7.76603889465332,-0.1476356983184814,-1.2901900106662008,-0.4139041039103344,1.4463120698928833,0.8915272355079651,3.05194091796875,2.3364384174346924,-1.872725009918213,5.745678186416626,1.3259362862238837,False,True,True,True,True
47,05362000,0.5925134420394897,-0.8492567539215088,0.6634705066680908,0.388056726556611,0.5631502739803983,1.0813064575195312,0.982660949230194,1.58600652217865,1.3861290216445925,-0.070957064628601,1.4417701959609983,1.0492152388968654,True,True,True,True,True
47,05393500,0.5833079814910889,-0.2211693525314331,0.5671798586845398,0.594769976941006,0.5328569925336286,1.328565239906311,1.3540323972702026,1.0217279195785522,1.3608171939849854,0.016128122806549,0.804477334022522,0.9799520482125882,True,True,True,True,True
47,05399500,0.4735486507415771,0.0379227399826049,0.5136279463768005,0.0003132492666487,0.2130563780283692,1.6805851459503174,1.6153465509414673,1.9279881715774536,1.684393048286438,-0.0400792956352233,0.4356259107589721,1.09200392962254,False,True,True,True,True
47,05408000,-0.9884449243545532,-4.847557067871094,-0.2955833673477173,-0.182935938978747,0.3483465018899604,1.4976178407669067,1.2088624238967896,1.7257972955703735,1.2720807790756226,-0.6928615570068359,3.859112143516541,1.1795391093184142,False,True,True,True,True
47,05413500,0.4406222105026245,-2.051599740982056,0.056872010231018,0.4822224794298744,0.5511447860880208,0.7611567378044128,0.9883410334587096,0.526565670967102,0.8445009589195251,0.3837502002716064,2.49222195148468,0.8460208569934966,False,True,False,True,True
47,05414000,0.2476391792297363,-1.6051523685455322,-0.0365924835205078,0.4674457805420223,0.5095516337175131,1.1135753393173218,1.3071051836013794,0.6132335662841797,0.8614219427108765,0.2842316627502441,1.8527915477752688,0.8465927464470927,False,True,False,True,True
47,05444000,0.0571764111518859,-5.9967360496521,-0.328498363494873,0.5495685174401865,0.3768138059974101,1.235621452331543,1.4667319059371948,0.9793962240219116,1.2508456707000732,0.385674774646759,6.053912460803986,0.9362933017046732,False,True,False,True,True
47,05454000,0.5850730538368225,-0.7480630874633789,0.3692907691001892,0.4784929685523116,0.6179783823516456,1.2650845050811768,1.5597258806228638,0.6322975158691406,1.1050423383712769,0.2157822847366333,1.3331361413002014,0.8381393482242693,True,True,False,True,True
47,05458000,0.0994559526443481,-2.589813470840454,-0.1054482460021972,0.5258347830765138,0.4544198608080831,1.7721158266067505,1.9634002447128296,1.2449268102645874,1.2467679977416992,0.2049041986465454,2.6892694234848022,0.9238067421370422,False,True,False,True,True
47,05466500,-0.4108787775039673,-3.5004663467407227,0.3637338876724243,0.3017853843760123,0.6428993393179302,1.72654926776886,1.1594539880752563,1.337173581123352,0.9342880249023438,-0.7746126651763916,3.089587569236756,1.2507171743210213,False,True,True,True,True
47,05487980,0.5837222337722778,-0.1265720129013061,0.5208690166473389,0.5892619574618092,0.5030303767950838,1.6078782081604004,1.724998116493225,1.2677849531173706,1.1767208576202393,0.0628532171249389,0.710294246673584,0.9115110147389056,True,True,True,True,True
47,05488200,0.4861549735069275,-0.0098876953125,0.4543348550796509,0.4744220024422728,0.4536215245643253,2.166316509246826,2.232384204864502,1.057269811630249,1.090340256690979,0.0318201184272766,0.4960426688194275,0.9358520538101937,False,True,True,True,True
47,05489000,0.4788737893104553,-0.1241341829299926,0.3886246085166931,0.4621021976277868,0.3748168093945473,2.026653289794922,2.195138692855835,1.0325682163238523,0.9073609113693236,0.0902491807937622,0.603007972240448,0.8503350122247214,False,True,True,True,True
47,05495000,0.494815468788147,-0.2994753122329712,0.4643870592117309,0.6284182795253219,0.4530904593018297,1.9508888721466064,2.0087831020355225,1.0635541677474976,0.7772314548492432,0.030428409576416,0.7942907810211182,0.9616910956245796,False,True,True,True,True
47,05495500,0.7159677147865295,-0.0659728050231933,0.6309947967529297,0.6574625746186711,0.5713403075306038,1.4642192125320437,1.668931484222412,0.966251015663147,1.1525344848632812,0.0849729180335998,0.7819405198097229,0.8913307139342553,True,True,True,True,True
47,05501000,0.6332439184188843,0.299186646938324,0.6232596635818481,0.5330068254073999,0.5409463661653484,1.8218542337417605,1.84648597240448,0.8790568709373474,1.2186648845672607,0.0099842548370361,0.3340572714805603,0.9701121463610556,True,True,True,True,True
47,05503800,0.662803053855896,-0.2713757753372192,0.7020163536071777,0.535308618761108,0.543755438657767,1.820978164672852,1.7118240594863892,1.4065691232681274,1.366813063621521,-0.0392132997512817,0.9341788291931152,1.0419762239582668,True,True,True,True,True
47,05507600,0.6703428626060486,0.5149116516113281,0.5674939751625061,0.5537474392776571,0.3469094333205725,2.4149258136749268,2.7661046981811523,1.0903959274291992,1.4650225639343262,0.1028488874435424,0.1554312109947204,0.3382996453200383,True,True,False,False,True
47,05508805,0.5089759826660156,0.4714502096176147,0.5479444265365601,0.3955529080369599,0.4072331709247445,2.2681591510772705,2.17629623413086,0.8584572076797485,1.3899884223937988,-0.0389684438705444,0.0375257730484008,,True,False,True,False,True
47,05525500,0.1585664749145507,-2.493690490722656,0.4802427887916565,0.5166365183130152,0.6925065739386084,1.889517903327942,1.485050916671753,1.2853320837020874,0.9313201904296876,-0.3216763138771057,2.652256965637207,1.121283992480654,False,True,True,True,True
47,05556500,0.5395731925964355,-1.816101312637329,0.433618426322937,0.7428912378752448,0.62718632762225,1.2840639352798462,1.424166917800903,1.1288667917251587,1.258315920829773,0.1059547662734985,2.3556745052337646,0.9550214743004216,True,True,False,True,True
47,05584500,0.1726637482643127,-1.4524953365325928,0.433801531791687,0.4820478388950739,0.5095834817111853,1.8564010858535769,1.5357309579849243,1.347941517829895,0.8842930197715759,-0.2611377835273742,1.6251590847969055,1.1606844437386314,False,True,True,True,True
47,05591550,0.714413583278656,-0.3049138784408569,0.6361751556396484,0.7570232296932888,0.5911414782508699,1.5382440090179443,1.7362116575241089,0.9704648852348328,0.8659608364105225,0.0782384276390075,1.019327461719513,0.9232450507052696,True,True,True,True,True
47,05592050,0.6857284307479858,-0.3471859693527221,0.6356238722801208,0.7176419944534236,0.600210567402087,1.556342840194702,1.6758211851119995,1.1489723920822144,0.9548477530479432,0.0501045584678649,1.032914400100708,0.951492051555308,True,True,True,True,True
47,05592575,0.6426988840103149,0.1758731603622436,0.486700177192688,0.5533237196607604,0.4329707536439968,2.0681748390197754,2.4788806438446045,1.260082125663757,1.0611982345581057,0.1559987068176269,0.4668257236480713,0.6658309537903043,True,True,False,False,True
47,05593575,0.7115646600723267,0.3321815729141235,0.7094250321388245,0.6563314716769089,0.5204018950658418,1.6623456478118896,1.6685000658035278,1.0407463312149048,1.3649238348007202,0.0021396279335021,0.3793830871582031,0.9943602442862458,True,True,True,True,True
47,05593900,0.4242740273475647,0.3572604656219482,0.5828347206115723,0.2282754766259093,0.5023291351644119,2.8599891662597656,2.434504270553589,0.5551462769508362,1.1238642930984497,-0.1585606932640075,0.0670135617256164,3.3660985803623764,False,True,True,True,True
47,05595730,0.710026741027832,0.3870353102684021,0.6505448222160339,0.5688613647535599,0.4798922687216966,2.0586180686950684,2.259917497634888,0.9681928753852844,1.299640655517578,0.059481918811798,0.3229914307594299,0.8158405668164573,True,True,True,True,True
47,06221400,0.0208231210708618,0.3783387541770935,-0.0128301382064819,-0.0077926208871215,-0.0821467707600664,1.8877402544021609,1.9199060201644895,0.3312290906906128,0.2910559177398681,0.0336532592773437,-0.3575156331062317,,False,False,True,False,False
47,06224000,-0.3113172054290771,-0.0295743942260742,0.1222895979881286,-0.2050737495815386,-0.0571880954086458,2.0962681770324707,1.715017557144165,0.3484560549259186,0.256033182144165,-0.4336068034172058,-0.2817428112030029,,False,False,True,False,True
47,06278300,0.093368649482727,0.2341076731681823,0.44871985912323,0.1080728530123771,0.6091807790578319,2.7190539836883545,2.120257616043091,0.7948377132415771,1.087798833847046,-0.3553512096405029,-0.1407390236854553,,False,False,True,False,True
47,06289000,-0.478523850440979,-0.6127935647964478,-0.1120622158050537,0.1081549933669485,0.0167619505028341,1.0464363098144531,0.9075345396995544,0.4872234165668487,0.3245980739593506,-0.3664616346359253,0.1342697143554687,3.729294810784704,False,True,True,True,True
47,06311000,0.5001266002655029,0.5315327644348145,0.5652226209640503,0.4926785850914923,0.6272182931527843,0.7410416007041931,0.6911081671714783,0.8026719093322754,1.206220626831055,-0.0650960206985473,-0.0314061641693115,,True,False,True,False,True
47,06332515,-0.7288486957550049,-45.87154006958008,-3.6066207885742183,-0.4345126495255449,-3.3752489499051386,0.2745029330253601,0.4480842649936676,2.23236346244812,5.171388626098633,2.877772092819214,45.14269137382507,0.936251649929587,False,True,False,True,True
47,06339100,-0.4589617252349853,-11.774590492248535,-0.599840521812439,-0.6490344040879155,-0.6478200389268365,0.4838704168796539,0.5066936612129211,2.517922163009644,2.487342119216919,0.1408787965774536,11.31562876701355,0.9875500690701224,False,True,False,True,True
47,06344600,0.0786466002464294,-8.657163619995117,0.0468335151672363,0.1664983257536541,-0.039669578116499,0.4286762773990631,0.4360142648220062,1.3976109027862549,1.667667031288147,0.0318130850791931,8.735810220241547,0.9963583131641894,False,True,True,True,True
47,06352000,0.2373290061950683,-7.899840354919434,0.4327481389045715,0.2460183967860447,0.338552824249696,0.4149667918682098,0.3578760921955108,0.90109783411026,0.904335081577301,-0.1954191327095031,8.137169361114502,1.0240156157549531,False,True,True,True,True
47,06404000,-2.0599043369293213,-19.200218200683597,-3.479647159576416,-0.9846231759049112,-2.281467591898895,0.4912188947200775,0.594351053237915,2.5327587127685547,3.915549755096436,1.4197428226470947,17.140313863754272,0.9171693800981467,False,True,False,True,True
47,06406000,-0.6046962738037109,-21.757556915283203,-0.3393945693969726,0.3151223597280217,0.2773613656984621,0.2210231125354766,0.2019275277853012,0.8728057146072388,1.4279043674468994,-0.2653017044067383,21.15286064147949,1.01254211942788,False,True,True,True,True
47,06409000,-95.30911254882812,-140.71926879882812,-51.66472625732422,-7.844733185750332,-5.237117405156387,0.72492516040802,0.5360674262046814,2.720015048980713,2.607109308242798,-43.64438629150391,45.41015625,1.9611150873655916,False,True,True,True,True
47,06431500,-3.5308847427368164,-5.9552531242370605,-3.474785804748535,-0.5157672940814022,-0.6532328017551996,0.4074734151363373,0.4049429893493652,0.5070749521255493,0.7332703471183777,-0.0560989379882812,2.424368381500244,1.0231396096469323,False,True,True,True,True
47,06440200,0.0571719408035278,-40.42642593383789,-6.8742547035217285,0.3750048744756087,-6.409500068973674,0.2323429882526397,0.6714567542076111,0.9696009159088136,8.185418128967285,6.931426644325256,40.48359787464142,0.8287843223374411,False,True,False,True,True
47,06447500,-406.647216796875,-956.3343505859376,-186.58421325683597,-18.774841302106783,-12.296840443883454,1.2756766080856323,0.865359365940094,11.414329528808594,8.24344539642334,-220.06300354003903,549.6871337890625,1.4003422856618766,False,True,True,True,True
47,06470800,-1.5032637119293213,-5.077474594116211,-1.1634249687194824,-1.0503756261350472,-0.8270369331703571,1.539656400680542,1.43133544921875,2.8577721118927,2.636381149291992,-0.3398387432098388,3.5742108821868896,1.0950807757045125,False,True,True,True,True
47,06477500,-16.690332412719727,-39.31958770751953,-4.310782432556152,-8.016128530313114,-4.700562375838011,1.622705101966858,0.8891004920005798,9.443482398986816,6.527401447296143,-12.379549980163574,22.629255294799805,1.5470595394718265,False,True,True,True,True
47,06479215,-6.608841419219971,-18.79885482788086,-2.5726993083953857,-2.9609270310680134,-1.7379553586022074,1.6974352598190308,1.1631406545639038,4.430350303649902,3.493844509124756,-4.036142110824585,12.190013408660889,1.3311023520250556,False,True,True,True,True
47,06601000,-9.036344528198242,-28.173641204833984,-4.29045295715332,-1.873113208900346,-0.9336288044494016,1.4420819282531738,1.0470045804977417,2.676891326904297,2.179863929748535,-4.745891571044922,19.137296676635746,1.2479917436217136,False,True,True,True,True
47,06614800,-0.2501113414764404,-0.2509185075759887,0.4897340536117553,0.2799739650980996,0.2771442388776429,3.674287796020508,2.347454071044922,1.1025240421295166,0.5970641374588013,-0.7398453950881958,0.0008071660995483,,False,False,True,False,True
47,06622700,0.802691638469696,0.798994243144989,0.6036043167114258,0.7763640912022484,0.4108824401364498,1.1793478727340698,1.671605110168457,0.9399888515472412,0.611566960811615,0.1990873217582702,0.003697395324707,,True,False,False,False,False
47,06623800,0.7812147736549377,0.790285587310791,0.6469453573226929,0.7801524226814789,0.5581177600573523,1.2845360040664673,1.6317672729492188,1.122183918952942,0.8376467227935791,0.1342694163322448,-0.0090708136558532,,True,False,False,False,False
47,06632400,0.1277449131011963,0.0735896825790405,0.6379258632659912,0.459127544173464,0.495247418202575,2.2617201805114746,1.457188844680786,1.3502130508422852,0.6641618013381958,-0.5101809501647949,0.0541552305221557,10.420714218104417,False,True,True,True,True
47,06746095,0.3268165588378906,0.3565016984939575,0.2121347188949585,0.0898679934130555,-0.0276796432463124,5.160222053527832,5.582486629486084,0.4907065331935882,0.3665782809257507,0.1146818399429321,-0.0296851396560668,,False,False,False,False,False
47,06803510,-0.3501359224319458,-3.843552589416504,0.0186161398887634,-0.6426450074337859,-0.3071724718885908,1.2427598237991333,1.0595413446426392,2.5537002086639404,2.143699884414673,-0.3687520623207092,3.493416666984558,1.1055562784152535,False,True,True,True,True
47,06803530,-0.1088325977325439,-4.689046382904053,0.0932427048683166,-0.2591956128751278,-0.213897867460074,1.136354923248291,1.0276057720184326,2.1732594966888428,2.137641429901123,-0.2020753026008606,4.580213785171509,1.0441191857146672,False,True,True,True,True
47,06814000,0.3386802077293396,-1.3350656032562256,0.3929336071014404,-0.2143615250566015,0.3040998865155461,1.1853693723678589,1.1357063055038452,2.1755168437957764,1.4655829668045044,-0.0542533993721008,1.6737458109855652,1.0324143600635238,False,True,True,True,True
47,06847900,-1020.0289306640624,-1772.707763671875,-464.92425537109375,-106.27387963192096,-64.56482054359498,1.41366708278656,0.9549612998962402,104.82179260253906,63.88814926147461,-555.1046752929688,752.6788330078125,1.7375053621139986,False,True,True,True,True
47,06853800,-20.568866729736328,-46.79318618774414,-5.082088947296143,-12.86982706925308,-6.771075958774585,1.7373830080032349,0.9225890040397644,14.46060276031494,8.637150764465332,-15.486777782440186,26.22431945800781,1.5905502259930395,False,True,True,True,True
47,06876700,-2.130974531173706,-28.336862564086918,-5.646021366119385,-0.5372370429424302,-1.8649133364447712,0.5029314756393433,0.7327399849891663,2.088988304138184,3.2796545028686523,3.5150468349456787,26.205888032913208,0.8658680510833685,False,True,False,True,True
47,06878000,0.3138697147369385,-3.423007011413574,-0.9196375608444214,0.5330746017954369,-0.9450589320282788,0.6733896136283875,1.1263483762741089,1.3069806098937988,2.8110105991363525,1.23350727558136,3.7368767261505127,0.6699095619212361,False,True,False,False,True
47,06879650,0.2013938426971435,-0.9309815168380736,0.0756555199623107,-0.044533542759368,0.0410605369585129,1.707787036895752,1.8373178243637085,0.3696630597114563,1.6885194778442385,0.1257383227348327,1.1323753595352173,0.8889605627003029,False,True,False,True,True
47,06885500,0.2539073228836059,-1.384890079498291,0.4831604361534118,-0.1889159435380523,0.3054703744702496,1.322432041168213,1.1006642580032349,2.141167640686035,1.5094974040985107,-0.2292531132698059,1.638797402381897,1.1398910645919988,False,True,True,True,True
47,06888500,0.3925002813339233,-0.0624897480010986,0.416659414768219,0.1421781126345115,0.5140831926741407,1.406105875968933,1.3778631687164309,0.4513979256153106,1.0043562650680542,-0.0241591334342956,0.454990029335022,1.0530981601280467,False,True,True,True,True
47,06889200,0.1789775490760803,0.0315508246421813,0.2959274649620056,0.1496027547839943,0.2061277314343528,2.9290521144866943,2.712428331375122,1.0262893438339231,1.2780872583389282,-0.1169499158859252,0.1474267244338989,1.7932748715336315,False,True,True,True,True
47,06889500,0.4049316048622131,-0.1573399305343628,0.3567640781402588,0.3158117910268635,0.2937638143871219,2.002337455749512,2.0817997455596924,1.3949427604675293,1.1340067386627195,0.0481675267219543,0.5622715353965759,0.9143340473602648,False,True,True,True,True
47,06892000,0.4263114333152771,-0.1065355539321899,0.3052245378494262,0.4570939595413206,0.4573621524759098,1.7407270669937134,1.91564416885376,1.3044545650482178,1.0324450731277466,0.1210868954658508,0.532846987247467,0.772754846393426,False,True,False,False,True
47,06903400,0.4626598954200744,-0.5172930955886841,0.3959615230560303,0.5785585571651604,0.5403503187781888,1.8702255487442017,1.9829038381576536,1.163524866104126,1.0166122913360596,0.0666983723640441,0.9799529910087584,0.9319371715010684,False,True,True,True,True
47,06906800,0.4902625679969787,0.3015220761299133,0.4550678730010986,0.4159687749116111,0.4299935290949339,2.1228139400482178,2.194875240325928,1.1865553855895996,0.9419660568237304,0.0351946949958801,0.1887404918670654,0.8135286464090142,False,True,True,True,True
47,06910800,0.4262965321540832,0.0102892518043518,0.4880061745643616,0.3105140934513078,0.3950471562135835,1.8172390460968015,1.716724872589111,0.7065470814704895,0.9027217030525208,-0.0617096424102783,0.4160072803497314,1.1483378905253772,False,True,True,True,True
47,06911900,0.3901790976524353,0.1869325637817382,0.4063430428504944,0.2417226410283445,0.2851379396723241,2.2894227504730225,2.2588770389556885,0.683228611946106,0.8088921308517456,-0.016163945198059,0.203246533870697,1.079528761894372,False,True,True,True,True
47,06917000,0.4984840750694275,0.5415869951248169,0.4897387027740478,0.228578785115284,0.1629949490776198,2.428316116333008,2.449397087097168,0.549589991569519,0.4503346085548401,0.0087453722953796,-0.0431029200553894,,False,False,True,False,False
47,06918460,0.6016399264335632,-1.5026805400848389,0.2474476099014282,0.7095481379821476,0.5787380022884098,1.2085987329483032,1.661164402961731,0.7804267406463623,1.240439534187317,0.354192316532135,2.104320466518402,0.8316832810555009,True,True,False,True,True
47,06919500,0.4395854473114013,-0.4529662132263183,0.3916789889335632,0.293620992339871,0.4636280173836693,1.7045406103134155,1.775902271270752,1.6543809175491333,0.8568853735923767,0.0479064583778381,0.8925516605377197,0.9463264027216344,False,True,True,True,True
47,06921070,0.636050820350647,-0.0136662721633911,0.4242963194847107,0.55108617654457,0.4438555835221394,1.7128558158874512,2.154268980026245,0.8570811748504639,1.29511296749115,0.2117545008659362,0.6497170925140381,0.6740819915225471,True,True,False,False,True
47,06921200,0.3971450924873352,-0.0462259054183959,0.3504220247268677,0.2729815582646766,0.3130649089223117,2.6263794898986816,2.7262566089630127,0.6434163451194763,1.3802493810653689,0.0467230677604675,0.4433709979057312,0.8946185745545727,False,True,True,True,True
47,07057500,0.4628683924674988,-0.8830416202545166,0.2471038699150085,0.2699581370448204,0.5753678334283705,1.343616604804993,1.5907522439956665,0.371460884809494,0.8133168816566467,0.2157645225524902,1.3459100127220154,0.8396887455230974,False,True,False,True,True
47,07060710,0.3860567212104797,-0.2478244304656982,0.3084219098091125,0.1934602124258357,-0.14656180083334,3.1992101669311523,3.3954648971557617,0.5467545986175537,2.064744234085083,0.0776348114013671,0.633881151676178,0.8775246571126516,False,True,True,True,True
47,07066000,0.3914479613304138,-0.5773437023162842,0.4144193530082702,0.1940739095748092,0.7163114901076963,1.7258038520812988,1.6929179430007937,0.3409915268421173,1.0026177167892456,-0.0229713916778564,0.968791663646698,1.0237113845420471,False,True,True,True,True
47,07083000,-0.8691511154174805,-0.9523595571517944,0.7483973503112793,0.2337732250834436,0.5502120965718035,2.130661964416504,0.7817176580429077,1.2325098514556885,0.7189958691596985,-1.6175484657287598,0.0832084417343139,20.439715875146668,False,True,True,True,True
47,07142300,-612.5993041992188,-812.1014404296875,-196.286865234375,-50.74797621981204,-26.19385843247914,2.0617589950561523,1.1690807342529297,49.09740447998047,25.865413665771484,-416.31243896484375,199.50213623046875,3.086756797851585,False,True,True,True,True
47,07145700,0.5384072065353394,0.1378692984580993,0.5859490633010864,0.351180804858188,0.501758043241677,1.7798486948013306,1.6857006549835205,1.548311471939087,1.1969555616378784,-0.047541856765747,0.40053790807724,1.1186950243835074,True,True,True,True,True
47,07167500,0.3018678426742553,0.502957284450531,0.4012088179588318,0.1094714091694532,0.1906194629244222,4.135063171386719,3.829578876495361,0.5393305420875549,0.6107180714607239,-0.0993409752845764,-0.2010894417762756,,False,False,True,False,False
47,07180500,0.3242117762565613,0.0877305269241333,0.367404043674469,0.252618756068203,0.3276653393379108,2.504772901535034,2.4234066009521484,0.7128684520721436,1.168250322341919,-0.0431922674179077,0.2364812493324279,1.182645632750321,False,True,True,True,True
47,07184000,0.4182730317115783,0.3898791670799255,0.2370505928993225,0.3333448218477958,0.0293715488565513,3.014004945755005,3.451693534851074,0.987419605255127,0.4992271363735199,0.1812224388122558,0.0283938646316528,,False,False,False,False,False
47,07195800,0.3822369575500488,-1.6698131561279297,0.2445870637893676,0.3054849401294949,0.52846604559455,1.5096042156219482,1.6693382263183594,0.4231404960155487,1.3190851211547852,0.1376498937606811,2.0520501136779785,0.9329207932870776,False,True,False,True,True
47,07196900,0.5183089375495911,-0.229073166847229,0.4463647603988647,0.5910274497769729,0.3590141970048742,2.2628417015075684,2.4259495735168457,1.0588983297348022,0.7224695682525635,0.0719441771507263,0.7473821043968201,0.9037384268000512,True,True,True,True,True
47,07197000,0.5732151865959167,-1.225130558013916,0.4680836200714111,0.5169756224594244,0.5861627939986016,1.6135613918304443,1.801369071006775,0.6480098962783813,1.0490559339523315,0.1051315665245056,1.7983457446098328,0.9415398474739268,True,True,False,True,True
47,07261000,0.6699831485748291,0.3135091662406921,0.5740042924880981,0.695252971712273,0.4032564732646948,2.2242212295532227,2.527042388916016,1.1892404556274414,0.7352798581123352,0.0959788560867309,0.3564739823341369,0.7307549475047909,True,True,True,False,True
47,07263295,0.3539535999298095,0.4270066618919372,0.548235297203064,0.2346719162563408,0.4517419155153408,4.193446159362793,3.506673574447632,0.6901220679283142,1.0682679414749146,-0.1942816972732544,-0.0730530619621276,,False,False,True,False,True
47,07291000,0.5082240104675293,0.0661282539367675,0.3738443851470947,0.4526790329832374,0.3079891924275976,3.668328285217285,4.139288425445557,0.9613560438156128,1.0672873258590698,0.1343796253204345,0.4420957565307617,0.6960395494972723,True,True,False,False,True
47,07299670,-0.3026152849197387,-24.707677841186523,-5.824604034423828,0.0785447606524751,-4.1330111257565685,0.4190003573894501,0.959058403968811,0.5469174981117249,5.78659200668335,5.521988749504089,24.405062556266785,0.7737359313555153,False,True,False,False,True
47,07301410,-518.9619750976562,-1330.462646484375,-474.9565124511719,-24.07983582600561,-24.30836077080708,1.5395891666412354,1.4729998111724854,15.60500431060791,18.227243423461918,-44.005462646484375,811.5006713867188,1.0542272658521483,False,True,True,True,True
47,07315200,0.0545493960380554,-8.885052680969238,-0.0302680730819702,-0.2593866387614447,-1.9525429363700453,0.7992880940437317,0.8343707323074341,2.1729624271392822,3.90070366859436,0.0848174691200256,8.939602077007294,0.9905121650394064,False,True,True,True,True
47,07315700,-0.8315514326095581,-4.417315006256104,-0.0225765705108642,-1.279603229488497,-0.201144214066878,1.6953279972076416,1.266753315925598,3.1782784461975098,2.0854008197784424,-0.8089748620986938,3.5857635736465454,1.2256074181923842,False,True,True,True,True
47,07335700,0.3420459032058716,0.2095747590065002,0.395401120185852,0.2864257294837784,0.4143659970630083,4.765444278717041,4.568138599395752,0.7555275559425354,1.1789681911468506,-0.0533552169799804,0.1324711441993713,1.402768597662899,False,True,True,True,True
47,07340300,0.478266179561615,0.4270336627960205,0.6475008130073547,0.3605291182270992,0.6758441057051812,3.388082265853882,2.784893035888672,0.6297370791435242,1.089276671409607,-0.1692346334457397,0.0512325167655944,4.303266053081943,False,True,True,True,True
47,07346045,0.7109622359275818,-2.017268657684326,0.4859412312507629,0.736626602166528,0.5705163159544633,0.9455305337905884,1.2609697580337524,1.2129888534545898,1.346157193183899,0.2250210046768188,2.728230893611908,0.9175212753423104,True,True,False,True,True
47,07359610,0.4481663703918457,0.4390367269515991,0.5802843570709229,0.365154834011109,0.529395092771239,3.6484720706939697,3.181885242462158,0.7229924201965332,0.9665151238441468,-0.1321179866790771,0.0091296434402465,,False,False,True,False,True
47,07362100,0.5199059247970581,-0.3185523748397827,0.4206619262695312,0.5764413911033606,0.3717001303293803,2.1959729194641118,2.412292003631592,1.0531708002090454,0.8238000869750977,0.0992439985275268,0.8384582996368408,0.8816351408644746,True,True,True,True,True
47,07362587,0.2284461259841919,0.3778561949729919,0.4509025812149048,0.0988511558346945,0.3612159048773184,5.934994220733643,5.006818771362305,0.6438623666763306,1.118767499923706,-0.2224564552307129,-0.1494100689888,,False,False,True,False,True
47,07375000,0.0739083886146545,-3.500421524047852,0.3395390510559082,0.4797138222730261,0.459714366348492,3.3413634300231934,2.8217616081237797,1.313457489013672,1.4065989255905151,-0.2656306624412536,3.574329912662506,1.0743162128096302,False,True,True,True,True
47,08013000,-0.5550566911697388,-4.012645244598389,0.133368968963623,0.2462916344283602,0.5185348299359904,3.647748708724976,2.7231335639953613,1.4218915700912476,1.0518566370010376,-0.6884256601333618,3.45758855342865,1.1991057205030071,False,True,True,True,True
47,08014500,-0.8598266839981079,-5.169702529907227,-0.0459356307983398,0.0832937444372465,0.4492629253941168,3.644694805145264,2.733237743377685,1.5508246421813965,1.2805135250091553,-0.8138910531997681,4.309875845909119,1.188843271198242,False,True,True,True,True
47,08023080,0.4813579320907593,-0.2973053455352783,0.3777821660041809,0.4578868830563649,0.3001908826877136,2.549503326416016,2.7924983501434326,0.8672811985015869,0.863090455532074,0.1035757660865783,0.7786632776260376,0.8669825981747121,False,True,False,True,True
47,08050800,0.1522574424743652,-0.3210316896438598,0.0708712339401245,0.1367990417202383,-1.076745982766819,3.0910120010375977,3.2359862327575684,1.019934892654419,2.894394636154175,0.0813862085342407,0.4732891321182251,0.8280412479154267,False,True,True,True,True
47,08066200,0.5479979515075684,-0.8033334016799927,0.4149423837661743,0.5294163718157094,0.3475645657412394,2.260789394378662,2.572108030319214,1.2664319276809692,1.4461694955825806,0.133055567741394,1.351331353187561,0.9015374227590156,True,True,False,True,True
47,08066300,-1.3150348663330078,-8.941325187683105,0.1761520504951477,-0.4645687686827444,0.180417485365411,2.634068727493286,1.5713461637496948,2.1189565658569336,1.7133581638336182,-1.4911869168281555,7.626290321350098,1.195532408811335,False,True,True,True,True
47,08070000,-0.0633043050765991,-3.544134616851806,0.4467411637306213,0.0175319405511805,0.5230112645729481,2.2192142009735107,1.6007908582687378,1.872343897819519,1.384846329689026,-0.5100454688072205,3.4808303117752075,1.146529828553205,False,True,True,True,True
47,08070200,-0.8549507856369019,-6.720724582672119,0.2525051832199096,-0.3155292035070967,0.4896090774698364,2.358232021331787,1.497009038925171,2.1213481426239014,1.3762129545211792,-1.1074559688568115,5.865773797035217,1.1887996378954404,False,True,True,True,True
47,08082700,0.418839693069458,-0.7061370611190796,-0.013014793395996,0.1288409464514942,-4.443170638110901,1.0665746927261353,1.4081573486328125,1.5757008790969849,6.420627593994141,0.4318544864654541,1.1249767541885376,0.6161214133024845,False,True,False,False,True
47,08086212,0.4366666078567505,-10.033832550048828,-3.671285152435303,0.5658550985955036,-7.778529209042702,0.4558145105838775,1.3125733137130735,1.3303956985473633,9.660897254943848,4.107951760292053,10.47049915790558,0.6076641907572848,False,True,False,False,True
47,08086290,0.2132566571235656,-6.728764057159424,0.0881707668304443,-0.3029319968268273,-2.686838742998703,0.7329301238059998,0.7890468835830688,2.245656728744507,4.668849468231201,0.1250858902931213,6.9420207142829895,0.9819813429775912,False,True,False,True,True
47,08101000,0.2058432698249817,-1.4738528728485107,0.2556736469268799,0.3553309144442308,0.272373392129878,1.344389796257019,1.301528811454773,1.312010645866394,1.1546765565872192,-0.0498303771018981,1.6796961426734924,1.0296663044201468,False,True,True,True,True
47,08103900,0.2806510925292969,-0.5914319753646851,0.1101801395416259,0.0163943858358991,0.2538349175434504,1.5356359481811523,1.707927942276001,1.8450157642364504,1.0110937356948853,0.1704709529876709,0.8720830678939819,0.8045244091261329,False,True,False,True,True
47,08104900,0.0551653504371643,0.0903879404067993,0.1271145939826965,-0.3640871295678638,0.039203460641547,2.753020763397217,2.646124124526977,0.1895586252212524,0.7940955758094788,-0.0719492435455322,-0.035222589969635,,False,False,True,False,True
47,08109700,-0.264883279800415,-1.0368406772613523,0.2472766041755676,-1.4551492864863755,0.1257791641504687,1.4686129093170166,1.1329214572906494,3.415886640548706,0.6689468622207642,-0.5121598839759827,0.7719573974609375,1.6634561514152717,False,True,True,True,True
47,08150800,0.2217736840248108,-15.74073600769043,-0.4798263311386108,0.4600072891236938,-0.1082722630321419,0.6047993302345276,0.833995521068573,0.7730467319488525,1.9190906286239624,0.7016000151634216,15.96250969171524,0.9560470108577248,False,True,False,True,True
47,08158700,0.6252020597457886,-1.7443621158599854,0.1495064496994018,0.4955136116125354,0.474894354413471,0.8215610980987549,1.2375900745391846,0.6809483170509338,1.2946833372116089,0.4756956100463867,2.369564175605774,0.7992476359393068,True,True,False,False,True
47,08164300,0.2665979862213135,-1.2628164291381836,0.1883536577224731,-0.7700424315469192,-0.5635033655258377,1.864076018333435,1.960992813110352,2.744157552719116,2.5164906978607178,0.0782443284988403,1.529414415359497,0.9488403354165792,False,True,True,True,True
47,08164600,0.2364976406097412,-0.9344868659973145,-0.0616177320480346,-0.3860273108929666,-1.0983670003682042,2.8705670833587646,3.3849055767059326,2.346551418304444,3.05683708190918,0.2981153726577759,1.1709845066070557,0.7454147591400936,False,True,False,False,True
47,08165300,0.1187056899070739,-4.729372978210449,-0.2423188686370849,0.0329350332328052,0.3784898107375989,0.8939939737319946,1.0614283084869385,0.4673638343811035,0.99548077583313,0.3610245585441589,4.848078668117523,0.9255324463032398,False,True,False,True,True
47,08171300,0.6358975172042847,-0.7618507146835327,0.6531025767326355,0.2832737772991497,0.5634723348074797,1.0777177810668943,1.051946759223938,0.4027807414531708,0.6252043843269348,-0.0172050595283508,1.3977482318878174,1.012309126304609,True,True,True,True,True
47,08175000,0.0544230341911315,-1.749006986618042,-0.5403608083724976,-0.382889093238266,-0.4762458505834863,1.2990572452545166,1.6580250263214111,2.2933566570281982,2.3288466930389404,0.5947838425636292,1.8034300208091736,0.6701930012805498,False,True,False,False,True
47,08176900,-1.4198100566864014,-4.83164644241333,-2.127969741821289,-3.654977925229717,-3.3985785703356264,2.281961679458618,2.5944719314575195,5.574963569641113,5.269102096557617,0.7081596851348877,3.4118363857269287,0.7924403151049676,False,True,False,False,True
47,08178880,0.4424617886543274,0.3643688559532165,0.5109924077987671,0.048304728735441,0.2655575578214739,4.188098907470703,3.922269344329834,0.3593929708003998,0.5688633322715759,-0.0685306191444397,0.0780929327011108,1.8775521263458053,False,True,True,True,True
47,08189500,-0.9389076232910156,-4.233434677124023,-0.8802019357681274,-2.1253595702170816,-1.6216444719612624,1.9523324966430664,1.9225491285324097,4.045928001403809,3.530395030975342,-0.0587056875228881,3.294527053833008,1.017819154787206,False,True,True,True,True
47,08190000,0.3839015364646911,-10.508522987365724,0.4535468220710754,0.0079553453796653,0.2848910012361382,0.6826100945472717,0.6428714394569397,0.2271625399589538,0.4430764019489288,-0.0696452856063842,10.892424523830414,1.0063939195037812,False,True,True,True,True
47,08194200,-0.0325902700424194,-2.8862640857696533,-0.8230814933776855,0.222604804979398,-1.7271599200978267,1.0768065452575684,1.4307926893234253,1.0984536409378052,3.6307332515716553,0.7904912233352661,2.853673815727234,0.722991738236272,False,True,False,False,True
47,08195000,0.2780511975288391,-2.879497528076172,0.1618207097053527,0.0303611387142938,0.3886274191877114,1.1382722854614258,1.226482629776001,0.2935023307800293,0.582656979560852,0.1162304878234863,3.157548725605011,0.9631896455370722,False,True,False,True,True
47,08196000,0.1409899592399597,-0.9095418453216552,0.1706126928329467,-0.0751412683978653,0.3770440631857692,1.535415768623352,1.50870943069458,0.3851523995399475,0.9220774173736572,-0.029622733592987,1.050531804561615,1.028197845571509,False,True,True,True,True
47,08198500,0.4574869871139526,-0.4953713417053222,0.5957294702529907,0.3566555480851842,0.4004235400596764,1.6734516620635986,1.4445884227752686,0.8462802171707153,1.5087487697601318,-0.138242483139038,0.9528583288192748,1.1450818856884422,False,True,True,True,True
47,08200000,0.3439645767211914,0.4167572259902954,0.456087052822113,-0.0364555108579784,0.2827035133790815,4.549302101135254,4.142340660095215,0.3150035738945007,0.6573274731636047,-0.1121224761009216,-0.072792649269104,,False,False,True,False,True
47,08202700,0.4025813937187195,-1.254868984222412,0.168122112751007,0.0518406854911048,-1.975068027351112,1.3768185377120972,1.624677300453186,1.7296282052993774,3.946078538894653,0.2344592809677124,1.6574503779411316,0.8585422018733645,False,True,False,True,True
47,08267500,-0.0834064483642578,0.1479915976524353,-0.2637536525726318,-0.1466953118361225,-0.2953723892711153,1.121423840522766,1.2111704349517822,0.2182894498109817,0.2266595065593719,0.180347204208374,-0.2313980460166931,,False,False,False,False,False
47,08269000,0.0528686642646789,-0.3612347841262817,-0.2261149883270263,0.535587193109653,0.4122999433316973,0.513188898563385,0.5838990211486816,0.8935392498970032,0.9260314106941224,0.2789836525917053,0.4141034483909607,0.3262947853351053,False,True,False,False,True
47,08271000,0.3238647580146789,0.5450285077095032,0.3400934934616089,0.2323832258152439,0.3568966314401632,1.023322820663452,1.010967254638672,0.4097584784030914,0.6176019906997681,-0.0162287354469299,-0.2211637496948242,,False,False,True,False,False
47,08324000,-14.10712718963623,-38.56700897216797,-3.976776123046875,-3.02351291392226,-1.2230631396117952,0.6947623491287231,0.3987671434879303,3.054872751235962,2.306126117706299,-10.130351066589355,24.45988178253174,1.414161898109583,False,True,True,True,True
47,08377900,0.4678531885147095,0.0989115834236145,0.7083649635314941,0.5290503545006462,0.7171215386914693,0.6167059540748596,0.4565435647964477,1.3216638565063477,1.1745645999908447,-0.2405117750167846,0.3689416050910949,1.6518965920295168,False,True,True,True,True
47,08378500,-0.7324532270431519,-1.976907730102539,0.2005830407142639,-0.0790019460726414,0.2144941087444019,0.8298066258430481,0.5636802911758423,1.3611494302749634,1.440611481666565,-0.9330362677574158,1.2444545030593872,1.7497552264575558,False,True,True,True,True
47,08380500,0.1451351046562194,-2.180701494216919,0.20351243019104,0.5031239474430176,0.1597940254049177,0.3489451706409454,0.3368200361728668,1.173816204071045,1.7144767045974731,-0.0583773255348205,2.3258365988731384,1.025099495623684,False,True,True,True,True
47,09035800,0.7110345363616943,0.3899381160736084,0.7678453922271729,0.6497602280892498,0.6448254566293503,0.6423164010047913,0.5757244229316711,1.3159747123718262,1.2955856323242188,-0.0568108558654785,0.3210964202880859,1.1769277147795922,True,True,True,True,True
47,09035900,0.8035685420036316,0.8329124450683594,0.8475908041000366,0.7244131179482067,0.6905845735389062,0.7157125473022461,0.630432665348053,0.8926737904548645,0.7697979211807251,-0.044022262096405,-0.0293439030647277,,True,False,True,False,True
47,09065500,0.4849553108215332,0.5897460579872131,0.614855170249939,0.2314576917470439,0.3307234941742234,2.462392807006836,2.1293492317199707,0.5290132164955139,0.5790591835975647,-0.1298998594284057,-0.1047907471656799,,False,False,True,False,True
47,09066000,0.8532257080078125,0.8312147855758667,0.6895879507064819,0.7827129659317205,0.6125652375668276,0.8208394050598145,1.1937199831008911,1.117118239402771,0.7338821291923523,0.1636377573013305,0.0220109224319458,,True,False,False,False,False
47,09066200,0.4992181062698364,0.6044912338256836,0.3706044554710388,0.3134171940305028,0.1735744934405344,2.2888472080230717,2.565986156463623,0.628484845161438,0.5707747936248779,0.1286136507987976,-0.1052731275558471,,False,False,False,False,False
47,09066300,0.4461100101470947,0.2662197351455688,0.6006118655204773,0.070578558435174,0.5041158834404105,1.2532837390899658,1.0642293691635132,1.8588510751724243,0.8737941384315491,-0.1545018553733825,0.1798902750015258,1.858867192081796,False,True,True,True,True
47,09081600,-0.2014464139938354,-0.1637572050094604,0.2727808356285095,0.4353606365723542,0.1412053326572514,2.498448371887207,1.9437966346740725,0.8130654096603394,0.2852042913436889,-0.4742272496223449,-0.037689208984375,,False,False,True,False,True
47,09107000,-1.4805419445037842,-1.7743453979492188,0.7417296767234802,0.0390553030473144,0.7364153895497374,1.4536973237991333,0.4690703451633453,1.264584183692932,0.8858686089515686,-2.2222716212272644,0.2938034534454345,8.56380360804706,False,True,True,True,True
47,09210500,-2.7735788822174072,-4.850050926208496,0.4137278199195862,-0.6031683049295544,0.6305136087575468,0.8523215055465698,0.3359513282775879,1.6594791412353516,0.7395315766334534,-3.1873067021369934,2.076472043991089,2.5349624914818607,False,True,True,True,True
47,09223000,0.0190810561180114,-0.577951192855835,0.4254576563835144,0.2940269453704603,0.2149661993761094,0.914984941482544,0.7002584934234619,1.3544342517852783,0.4138506650924682,-0.4063766002655029,0.5970322489738464,1.680661054681662,False,True,True,True,True
47,09306242,-1113.2606201171875,-3959.891357421875,-726.8040771484375,-33.28252931951542,-30.61073379724365,0.7774564623832703,0.6283330917358398,16.764127731323242,25.515300750732425,-386.45654296875,2846.6307373046875,1.1357592812809516,False,True,True,True,True
47,09312600,-1.2581138610839844,-3.194016933441162,0.3361702561378479,0.0003329349017857,0.3539445748566762,0.868448793888092,0.4708685278892517,1.4723299741744995,1.53865385055542,-1.5942841172218325,1.9359030723571775,1.8235350932526877,False,True,True,True,True
47,09352900,-0.0339633226394653,-0.0151017904281616,0.3500217795372009,0.3884166903284201,0.1551357262247477,2.5118184089660645,1.9915218353271484,0.8116236925125122,0.410047173500061,-0.3839851021766662,-0.0188615322113037,,False,False,True,False,True
47,09378170,-3.573122024536133,-5.8173346519470215,-0.0648567676544189,-3.180291316352461,-0.0216498652594143,1.3927172422409058,0.6720508933067322,4.940877437591553,1.893040657043457,-3.508265256881714,2.2442126274108887,2.5632499407728324,False,True,True,True,True
47,09386900,-3.09519624710083,-28.730148315429688,-1.5952084064483645,-7.048485041738482,-5.567609328326319,0.3458819091320038,0.2753446102142334,8.998125076293945,7.524285316467285,-1.4999878406524658,25.634952068328857,1.0585133858122424,False,True,True,True,True
47,09430600,0.0590022802352905,0.0673336386680603,0.0705014467239379,-0.1475541396783759,-0.1067314589324621,2.2499704360961914,2.236180543899536,0.7211742997169495,0.7927513718605042,-0.0114991664886474,-0.0083313584327697,,False,False,True,False,True
47,09447800,-2.1678755283355717,-141.81251525878906,-14.55984878540039,-0.4243784377197748,-9.278581171645332,0.1491583734750747,0.3305721282958984,1.964853048324585,10.881006240844728,12.39197325706482,139.6446397304535,0.9112606593351223,False,True,False,True,True
47,09484600,-5.2030029296875,-378.7385864257813,-13.03534984588623,-2.237132310340644,-9.068038457380986,0.1821233183145523,0.2739530801773071,3.625211954116821,10.66669750213623,7.83234691619873,373.53558349609375,0.979031858644116,False,True,False,True,True
47,09492400,-1.5263774394989014,-2.826422929763794,0.371996521949768,-0.3669327804142728,0.5077938625823529,1.2777668237686155,0.6370646357536316,1.6774855852127075,0.71949702501297,-1.8983739614486692,1.3000454902648926,2.4602365653080827,False,True,True,True,True
47,09494000,-1.1899311542510986,-8.54214096069336,0.1161360740661621,-0.0544261216919239,0.2156051188252269,0.492970734834671,0.3131833076477051,1.4280774593353271,0.6350511908531189,-1.3060672283172607,7.352209806442261,1.1776428125286684,False,True,True,True,True
47,09497980,0.5162786245346069,-2.1031994819641118,0.5642299056053162,-0.7231239179373958,0.272999138750943,0.549570620059967,0.5216203927993774,2.711028575897217,1.6153857707977295,-0.0479512810707092,2.6194781064987183,1.018305662090378,True,True,True,True,True
47,09505350,0.2824798822402954,-0.4827936887741089,0.307718813419342,0.045409439282803,0.2866423605766162,0.8639399409294128,0.8486092686653137,1.8637295961380005,1.5903416872024536,-0.0252389311790466,0.7652735710144043,1.032980272852741,False,True,True,True,True
47,09505800,-0.0623235702514648,-1.286912441253662,-0.2141156196594238,-0.2300016197160412,-0.4129242792752596,0.8552401065826416,0.9143019914627076,2.131953716278076,2.311244487762451,0.1517920494079589,1.2245888710021973,0.876046522222815,False,True,False,True,True
47,09508300,0.2951071262359619,0.4641077518463135,0.2992144823074341,0.0148023838500095,0.0848062630247998,2.5080082416534424,2.500690460205078,0.4396631121635437,0.5660317540168762,-0.0041073560714721,-0.1690006256103515,,False,False,True,False,False
47,09510200,0.7596208453178406,0.0743815302848815,0.748954713344574,0.4883738883593729,0.5603789737687743,0.5254506468772888,0.5369817614555359,1.4704484939575195,1.4220670461654663,0.0106661319732666,0.685239315032959,0.9844344424797729,True,True,True,True,True
47,09512280,-0.8438898324966431,-3.658597946166992,-0.8053115606307983,-1.737432691325953,-1.5675875901795502,1.4856252670288086,1.4700019359588623,3.5987844467163086,3.430751085281372,-0.0385782718658447,2.814708113670349,1.0137059582407424,False,True,True,True,True
47,10234500,-4.105621814727783,-5.515024662017822,-0.2279518842697143,-0.9646739614863152,0.4077196667455861,1.4775824546813965,0.7246329188346863,1.9602404832839968,0.9209489822387696,-3.877669930458069,1.409402847290039,3.751285722115537,False,True,True,True,True
47,10244950,-2.154369592666626,-4.86104154586792,-1.203324794769287,-0.163515467502135,0.0715039117283017,0.8771437406539917,0.7330840229988098,1.3234676122665403,1.4517704248428345,-0.9510447978973388,2.706671953201294,1.3513705444697497,False,True,True,True,True
47,10336645,0.5177938938140869,0.514624297618866,0.4451201558113098,0.3457658866096961,0.4577803867058078,2.628549814224243,2.8196768760681152,1.5906612873077393,1.1565827131271362,0.0726737380027771,0.0031695961952209,,True,False,True,False,False
47,10336660,0.6245713829994202,0.6236840486526489,0.3553445339202881,0.522333456768911,0.351038587486392,3.002682685852051,3.93468165397644,1.342743158340454,0.834014892578125,0.2692268490791321,0.0008873343467712,,True,False,False,False,False
47,10343500,-1.4428730010986328,-1.463374376296997,0.0948752164840698,-1.1876417548054246,0.3553457125355204,2.1363887786865234,1.3004212379455566,3.085432291030884,1.3999286890029907,-1.5377482175827026,0.0205013751983642,,False,False,True,False,True
47,11124500,-3.441354751586914,-4.447257518768311,0.4376515746116638,-2.861818426845077,-0.1716955589274456,2.7740933895111084,0.9871112108230592,4.453804016113281,2.123743295669556,-3.879006326198578,1.0059027671813965,4.856243816753581,False,True,True,True,True
47,11141280,-2.6729979515075684,-5.530959606170654,-0.2004748582839965,-1.2019697105215377,-0.0200992374046031,1.6655985116958618,0.9522182941436768,2.620302438735962,1.8653117418289185,-2.472523093223572,2.857961654663086,1.8651351529469864,False,True,True,True,True
47,11143000,0.6400216817855835,0.6598660945892334,0.6215065717697144,0.5544505823088097,0.6673436967358888,2.090187788009644,2.1432671546936035,1.4187021255493164,1.074960231781006,0.0185151100158691,-0.0198444128036499,,True,False,True,False,False
47,11148900,0.5684723854064941,0.4627580642700195,0.3211162686347961,0.1875015643830567,0.2748453652348356,2.041613817214966,2.560748815536499,1.7885358333587646,1.409897804260254,0.247356116771698,0.1057143211364746,-1.3398543746250546,True,True,False,False,False
47,11176400,0.3928970098495483,-1.0489718914031982,0.3295831680297851,0.388417745901605,0.3126841819827357,0.5349122285842896,0.5621132254600525,1.0756943225860596,1.011119723320007,0.0633138418197631,1.4418689012527466,0.9560890440422468,False,True,True,True,True
47,11237500,0.5997437834739685,0.5928943753242493,0.6385103464126587,0.44510150618516,0.6353977272580451,2.474205732345581,2.351336002349853,1.4391396045684814,1.0842061042785645,-0.0387665629386901,0.0068494081497192,,True,False,True,False,True
47,11264500,0.7837513089179993,0.7746339440345764,0.8597188591957092,0.7142346411947285,0.9003781746267614,1.460098147392273,1.17599356174469,1.2542208433151243,1.0681647062301636,-0.0759675502777099,0.0091173648834228,,True,False,True,False,True
47,11266500,0.372514545917511,0.3578126430511474,0.7973390817642212,0.3084452441175633,0.7277377291818417,2.436724901199341,1.3848083019256592,1.3764394521713257,0.9049510955810548,-0.4248245358467102,0.0147019028663635,,False,False,True,False,True
47,11284400,-0.2001154422760009,-0.9749457836151124,0.4865110516548157,-1.7333754390317069,0.2965861942945196,1.9492250680923464,1.2750171422958374,3.6756937503814697,1.512965440750122,-0.6866264939308167,0.7748303413391113,1.8861636635758805,False,True,True,True,True
47,11381500,0.3359411954879761,0.2818578481674194,0.539098858833313,0.4131283072507289,0.5296782609518722,1.963519811630249,1.6358214616775513,1.1482596397399902,0.6102737784385681,-0.2031576633453369,0.0540833473205566,4.756381093448304,False,True,True,True,True
47,11451100,0.4921433925628662,0.4565746188163757,0.3828288316726684,0.2021720153790817,0.4192536806453427,3.0178356170654297,3.32680892944336,1.7634522914886477,1.3053672313690186,0.1093145608901977,0.0355687737464904,,False,False,False,False,False
47,11468500,0.8445713520050049,0.7366912364959717,0.747833251953125,0.751788794245162,0.5405466753973541,1.6638911962509155,2.1193528175354004,1.2182121276855469,1.427454113960266,0.0967381000518798,0.1078801155090332,0.103281456499927,True,True,True,False,True
47,11473900,0.5169521570205688,0.5233020782470703,0.6154689192771912,0.2895138901580895,0.6162979310323151,2.597094774246216,2.31717300415039,1.6799205541610718,0.8220067620277405,-0.0985167622566223,-0.0063499212265014,,True,False,True,False,True
47,11476600,0.7089037895202637,0.6790732145309448,0.7183198928833008,0.6643532547363494,0.755928192521464,3.9010705947875977,3.83745789527893,0.8219969868659973,0.958306074142456,-0.0094161033630371,0.0298305749893188,,True,False,True,False,True
47,11478500,0.6795172691345215,0.6595081686973572,0.6130388975143433,0.5591944656451373,0.5190620368284631,3.8420121669769287,4.221726417541504,0.8262816667556763,0.8223191499710083,0.0664783716201782,0.0200091004371643,,True,False,True,False,False
47,11480390,0.5926028490066528,0.569779634475708,0.5373892784118652,0.6443383881816024,0.5921030223244652,3.2866499423980717,3.502291679382324,1.2139241695404053,1.1862369775772097,0.0552135705947876,0.0228232145309448,,True,False,True,False,False
47,11481200,0.665501594543457,0.6515710949897766,0.7290329337120056,0.5891702308081859,0.6851175860662226,3.196716785430908,2.877169132232666,0.8308972716331482,1.124964714050293,-0.0635313391685485,0.0139304995536804,,True,False,True,False,True
47,11482500,0.7394667267799377,0.6821041107177734,0.7310921549797058,0.7293793917922655,0.6523851327152743,2.679128170013428,2.721846580505371,0.9453614950180054,0.8860607147216797,0.0083745718002319,0.0573626160621643,0.8540064527190262,True,True,True,True,True
47,11523200,0.4874098300933838,0.4877446293830871,0.0270529389381408,0.556973729356311,0.0830610519996303,2.621260643005371,3.611350774765015,0.8497979640960693,0.4401733875274658,0.4603568911552429,-0.0003347992897033,,False,False,False,False,False
47,11528700,0.6400880813598633,0.4221641421318054,0.6411916017532349,0.5537782873607959,0.5166091054250291,1.5573142766952517,1.5549250841140747,1.3991409540176392,1.4504570960998535,-0.0011035203933715,0.2179239392280578,1.0050637869216228,True,True,True,True,True
47,11532500,0.8109256029129028,0.8056761622428894,0.792445957660675,0.7179996683846289,0.6727132462769025,3.698806047439575,3.8753488063812256,0.8527243137359619,0.810427725315094,0.0184796452522277,0.0052494406700134,,True,False,True,False,False
47,12010000,0.8175104856491089,0.7732521295547485,0.7859042286872864,0.6919185587496192,0.6505574269580522,4.460137367248535,4.830958366394043,0.9974428415298462,1.006747126579285,0.0316062569618225,0.0442583560943603,,True,False,True,False,True
47,12013500,0.8486065864562988,0.7737116813659668,0.8646177649497986,0.7009954551508359,0.7709200749497451,2.7951323986053467,2.643198251724243,1.2875304222106934,1.2079159021377563,-0.0160111784934997,0.074894905090332,1.2137819451695466,True,True,True,True,True
47,12020000,0.4852249026298523,0.4458370804786682,0.4405730366706848,0.4067190786111382,0.3681415790282866,8.302041053771973,8.654616355895996,1.307609796524048,1.2736307382583618,0.0446518659591674,0.039387822151184,,False,False,True,False,False
47,12025700,0.7445909976959229,0.7144941091537476,0.6705756783485413,0.5766582932701567,0.504041772059068,3.468281984329224,3.938892602920532,0.7957154512405396,0.7893205881118774,0.0740153193473815,0.0300968885421752,,True,False,True,False,False
47,12040500,0.7013061046600342,0.7427060604095459,0.724431037902832,0.4789047105449073,0.4987865717594482,7.019805908203125,6.7425947189331055,0.6632647514343262,0.6252158880233765,-0.0231249332427978,-0.0413999557495117,,True,False,True,False,False
47,12041200,0.5486797094345093,0.6793011426925659,0.5532965660095215,0.3960856099211809,0.4001452303379229,7.209481239318848,7.172510623931885,0.5460292100906372,0.5221284627914429,-0.0046168565750122,-0.1306214332580566,,True,False,True,False,False
47,12048000,-0.4873440265655517,-0.8501448631286621,0.2836848497390747,0.1740817037492565,0.5414609597141822,2.4081151485443115,1.6711814403533936,1.076419234275818,1.2213106155395508,-0.7710288763046265,0.3628008365631103,3.125212509454905,False,True,True,True,True
47,12054000,0.6386164426803589,0.6480163931846619,0.5749503374099731,0.5668969532525137,0.4040046664328768,4.230113983154297,4.587623596191406,0.6674638390541077,0.5593901872634888,0.0636661052703857,-0.0093999505043029,,True,False,True,False,False
47,12056500,0.5182499885559082,0.6085569262504578,0.5007250308990479,0.3290320729298657,0.3008114016655376,7.764819622039795,7.904791355133057,0.541857898235321,0.499976634979248,0.0175249576568603,-0.0903069376945495,,True,False,True,False,False
47,12073500,-2.4722495079040527,-2.6599390506744385,-1.649728775024414,-0.8837729873895892,-0.7085735618478293,3.740482807159424,3.267554998397827,2.358921527862549,2.3904337882995605,-0.8225207328796387,0.1876895427703857,5.382347150186668,False,True,True,True,True
47,12082500,0.6930335164070129,0.6896977424621582,0.6905878782272339,0.7784455245142481,0.7068953505023352,2.669614791870117,2.680228471755981,0.9144829511642456,0.8902896642684937,0.002445638179779,0.0033357739448547,,True,False,True,False,True
47,12114500,0.5180754661560059,0.4177970886230469,0.556580126285553,0.7638224482254972,0.7061793221951818,4.345781326293945,4.168559074401856,0.9629091620445251,0.90920227766037,-0.0385046601295471,0.1002783775329589,1.3839776936647346,True,True,True,True,True
47,12115000,0.6177133321762085,0.5161571502685547,0.65329509973526,0.8091265958200441,0.6510681763668495,3.969102144241333,3.779877185821533,1.014092206954956,0.9170874357223512,-0.0355817675590515,0.1015561819076538,1.3503653533509798,True,True,True,True,True
47,12117000,0.6099525690078735,0.357536256313324,0.724557638168335,0.7163969553530212,0.8467107395290905,2.6900525093078613,2.2605669498443604,1.0801148414611816,1.0038764476776123,-0.1146050691604614,0.2524163126945495,1.454031944041373,True,True,True,True,True
47,12143600,0.6627404689788818,0.6607707142829895,0.60848069190979,0.6985668146389392,0.5221344183474668,4.500436305999756,4.848966121673584,0.9225754737854004,0.8768289685249329,0.0542597770690918,0.0019697546958923,,True,False,True,False,False
47,12144000,0.6195782423019409,0.5945830345153809,0.6466506123542786,0.7682819611456542,0.5785021696391621,3.8996503353118896,3.7583322525024414,0.8860732316970825,0.8295351266860962,-0.0270723700523376,0.02499520778656,,True,False,True,False,True
47,12145500,0.8368738889694214,0.7494281530380249,0.8413023352622986,0.6862553138665433,0.7627378595220733,2.228947639465332,2.1984846591949463,1.265738844871521,1.164879322052002,-0.0044284462928771,0.0874457359313964,1.0506422210952793,True,True,True,True,True
47,12147500,0.7599879503250122,0.747228741645813,0.7148367166519165,0.7979815877631941,0.6290624534639184,4.290659427642822,4.676859855651856,0.8668590784072876,0.8033952713012695,0.0451512336730957,0.0127592086791992,,True,False,True,False,False
47,12167000,0.7401995658874512,0.7343277335166931,0.6235380172729492,0.6912826167888113,0.4636589055437921,4.076480865478516,4.9071125984191895,0.8867431282997131,0.7376296520233154,0.1166615486145019,0.005871832370758,,True,False,False,False,False
47,12175500,-0.1492284536361694,-0.1171481609344482,-0.0689270496368408,0.3524197380002163,0.306741767528527,5.53822135925293,5.341228485107422,0.7971031665802002,0.6723209023475647,-0.0803014039993286,-0.0320802927017211,,False,False,True,False,True
47,12178100,0.6356579065322876,0.7175376415252686,0.5172998309135437,0.6079409085612093,0.5704486937168056,3.756605625152588,4.323939800262451,0.7320039868354797,0.7531557083129883,0.1183580756187439,-0.0818797349929809,,True,False,False,False,False
47,12186000,0.488827109336853,0.5382949113845825,0.4161021113395691,0.4461018531504407,0.3560920769980493,5.66240930557251,6.051817893981934,0.7427657842636108,0.6908861398696899,0.0727249979972839,-0.0494678020477294,,False,False,True,False,False
47,12189500,0.6277437806129456,0.7212896347045898,0.5146222710609436,0.6220132008069518,0.4989761096884452,3.089478015899658,3.5278007984161377,0.6881523728370667,0.6709901690483093,0.1131215095520019,-0.0935458540916442,,True,False,False,False,False
47,12375900,0.602831244468689,0.6045482158660889,0.4178304672241211,0.6459398650193977,0.2390560109160886,2.022557497024536,2.448714017868042,0.7211082577705383,0.4624427556991577,0.1850007772445678,-0.0017169713973999,,True,False,False,False,False
47,12377150,0.3346864581108093,0.3436134457588196,0.1151433587074279,0.4872738312722051,0.0204179284970512,3.978531837463379,4.588239669799805,1.00660240650177,0.4153124392032623,0.2195430994033813,-0.0089269876480102,,False,False,False,False,False
47,12381400,-0.4352320432662964,-0.6550513505935669,0.7076472043991089,-0.3612368470909355,0.6291961226711303,1.733038067817688,0.7821691632270813,2.264836311340332,1.3512612581253052,-1.1428792476654053,0.2198193073272705,6.199175912077042,False,True,True,True,True
47,12390700,0.6997581720352173,-0.2809619903564453,0.4806670546531677,0.6995856277942958,0.5342543154230077,0.7199228405952454,0.9468327164649964,0.9333604574203492,1.2080693244934082,0.2190911173820495,0.9807201623916626,0.7766018016314089,True,True,False,False,True
47,12447390,0.0592063069343566,0.0413910746574401,0.4345996379852295,0.4417345146190721,0.466404801197373,2.3060100078582764,1.7876890897750854,1.2799208164215088,0.9886029958724976,-0.3753933310508728,0.0178152322769165,,False,False,True,False,True
47,12451000,0.7107144594192505,0.7295416593551636,0.5350009202957153,0.6418652286222555,0.3799093374000838,2.422879934310913,3.0718114376068115,0.713117778301239,0.6208988428115845,0.1757135391235351,-0.018827199935913,,True,False,False,False,False
47,12488500,0.3724561333656311,0.3350545167922973,0.214735746383667,0.5863395200893888,0.5022719611380821,2.329103708267212,2.6054015159606934,1.0606647729873655,1.1973530054092407,0.1577203869819641,0.0374016165733337,,False,False,False,False,False
47,13011500,0.0789099931716919,0.0769158005714416,0.6614648103713989,0.4493142795708695,0.4371922749115167,2.383432149887085,1.4449528455734253,1.3486071825027466,0.5576971173286438,-0.582554817199707,0.0019941926002502,,False,False,True,False,True
47,13011900,0.8160080313682556,0.7851949334144592,0.675753116607666,0.8241291039883833,0.4177995732479358,0.8551621437072754,1.1352380514144895,1.0152690410614014,0.4979871213436126,0.1402549147605896,0.0308130979537963,,True,False,False,False,False
47,13018300,-0.5004240274429321,-1.2103304862976074,-0.121434211730957,0.3750628718049613,-0.0044982263698631,1.304976463317871,1.1281907558441162,0.9551988244056702,0.2974297106266022,-0.3789898157119751,0.7099064588546753,1.5338588077130848,False,True,True,True,True
47,13023000,-1.736922264099121,-2.118016242980957,0.1183769106864929,-0.2020841853033075,0.340473440397629,2.0131096839904785,1.1425564289093018,1.1936293840408323,0.5608186721801758,-1.855299174785614,0.3810939788818359,5.868350794282368,False,True,True,True,True
47,13161500,-0.1541378498077392,-5.444234848022461,0.5012866854667664,0.0272935608725218,0.5351375999478281,0.4216668605804443,0.2771826982498169,1.694698452949524,1.4015477895736694,-0.6554245352745056,5.290096998214722,1.1238965061502078,False,True,True,True,True
47,13235000,0.4468023180961609,0.330664575099945,0.8135086894035339,0.41732379873096,0.767469539055943,1.2973624467849731,0.7532696723937988,1.0197190046310425,0.816409170627594,-0.366706371307373,0.1161377429962158,4.157512466204218,False,True,True,True,True
47,13240000,0.6298012137413025,0.6362904906272888,0.5584415197372437,0.5520267483229495,0.4294983447096773,2.697624444961548,2.94617247581482,0.8252047896385193,0.816744327545166,0.0713596940040588,-0.0064892768859863,,True,False,True,False,False
47,13313000,-1.0368270874023438,-1.1853013038635254,0.6021021604537964,-0.4014316901283321,0.5978389347337532,3.253995656967163,1.438221096992493,1.9694163799285889,1.318637490272522,-1.63892924785614,0.1484742164611816,12.03847716404441,False,True,True,True,True
47,13331500,-0.248744249343872,-0.2997210025787353,0.3327921032905578,0.3878574978290335,0.1965361979859996,2.578288316726685,1.884626626968384,1.1721031665802002,0.4934362471103668,-0.5815363526344299,0.0509767532348632,12.407873505696593,False,True,True,True,True
47,14020000,-0.3314234018325805,-0.3934804201126098,0.4521090984344482,0.3248815723432695,0.6725853942201534,2.2259209156036377,1.4279029369354248,1.400454044342041,0.9752217531204224,-0.7835325002670288,0.0620570182800293,13.626009466509917,False,True,True,True,True
47,14096850,-34.529239654541016,-34.68836975097656,-4.066570281982422,-4.622029807020804,-0.8043461508951513,2.8724427223205566,1.0847145318984983,4.774409770965576,1.954288125038147,-30.462669372558597,0.1591300964355468,192.4324823205082,False,True,True,True,True
47,14137000,0.5984851121902466,0.3029727339744568,0.6227944493293762,0.7195840235881643,0.6983568074386495,2.5930213928222656,2.5132999420166016,1.0840712785720823,0.9861683249473572,-0.0243093371391296,0.2955123782157898,1.0822616544386456,True,True,True,True,True
47,14138800,0.7514830231666565,0.710161566734314,0.736517071723938,0.7407403401815841,0.7005062784635014,4.52090311050415,4.6550397872924805,1.0060460567474363,0.8799188733100891,0.0149659514427185,0.0413214564323425,,True,False,True,False,True
47,14138900,0.800082802772522,0.8100784420967102,0.779970109462738,0.77303245021895,0.712457354498746,4.532826900482178,4.75537633895874,0.862618088722229,0.8054052591323853,0.0201126933097839,-0.0099956393241882,,True,False,True,False,False
47,14139800,0.8376970887184143,0.7961277365684509,0.8420222401618958,0.8309624427026359,0.8069540002829076,3.3926451206207275,3.347135305404663,0.9475977420806884,0.8886114954948425,-0.0043251514434814,0.0415693521499633,,True,False,True,False,True
47,14141500,0.7845821976661682,0.6677632331848145,0.8035791516304016,0.8769106255363941,0.8942573779039322,2.991377592086792,2.8564343452453613,1.0535074472427368,1.0176823139190674,-0.0189969539642334,0.1168189644813537,1.1626187498628755,True,True,True,True,True
47,14154500,0.6812624335289001,0.5023348927497864,0.7488582134246826,0.5139346422300513,0.6751650002294465,1.9702805280685425,1.748923897743225,1.468059539794922,1.2989027500152588,-0.0675957798957824,0.1789275407791137,1.3777829818788463,True,True,True,True,True
47,14158790,0.6953040957450867,0.6082836389541626,0.6820840835571289,0.7428745866200456,0.7265232989494304,3.495208740234375,3.570227861404419,0.9117788076400756,0.8961875438690186,0.0132200121879577,0.087020456790924,0.8480815583429968,True,True,True,True,True
47,14166500,0.3518648743629455,0.0740428566932678,0.3778536915779114,0.1570820461888828,0.2071783647117558,2.8717775344848637,2.813612461090088,1.7472721338272097,1.7650316953659058,-0.0259888172149658,0.2778220176696777,1.0935448436842965,False,True,True,True,True
47,14182500,0.7568559646606445,0.7485517263412476,0.7239251136779785,0.6921204897299229,0.6405981169661243,3.6548473834991455,3.8944926261901855,0.843599259853363,0.8036634922027588,0.032930850982666,0.0083042383193969,,True,False,True,False,False
47,14185000,0.8312273025512695,0.7437863945960999,0.8499628305435181,0.8955392627139721,0.9038858230831366,2.1382384300231934,2.0160648822784424,1.0548056364059448,0.9870340824127196,-0.0187355279922485,0.0874409079551696,1.2142650211483863,True,True,True,True,True
47,14185900,0.8015787601470947,0.7814800143241882,0.7720752358436584,0.7152728426445005,0.6572347481290484,3.54276704788208,3.797032117843628,0.8378435969352722,0.8145983815193176,0.0295035243034362,0.0200987458229064,,True,False,True,False,False
47,14187000,0.7395880222320557,0.6484842896461487,0.7575725317001343,0.7188460119687714,0.6617440684377305,2.3104140758514404,2.229206323623657,1.2538328170776367,1.3219314813613892,-0.0179845094680786,0.0911037325859069,1.1974069443435809,True,True,True,True,True
47,14216500,0.5030399560928345,0.409134030342102,0.573222279548645,0.6894812699957535,0.6824072899883529,3.8287200927734375,3.5480828285217285,0.9409103989601136,0.940243661403656,-0.0701823234558105,0.0939059257507324,1.7473684210526317,True,True,True,True,True
47,14222500,0.7795587182044983,0.7048873901367188,0.8398342132568359,0.7043540170229775,0.7970163990797106,2.8294341564178467,2.4117817878723145,1.2044869661331177,1.1717000007629397,-0.0602754950523376,0.0746713280677795,1.8072107007073088,True,True,True,True,True
47,14236200,0.8129162788391113,0.765587568283081,0.8039013147354126,0.6978068825532764,0.6576483665845441,2.926776170730591,2.99646258354187,0.8623482584953308,0.811944305896759,0.0090149641036987,0.0473287105560302,,True,False,True,False,True
47,14301000,0.7148986458778381,0.68602454662323,0.7570297718048096,0.511350798257688,0.7781602138433787,2.703087091445923,2.4953813552856445,1.4615089893341064,1.1909700632095337,-0.0421311259269714,0.0288740992546081,,True,False,True,False,True
47,14303200,0.8244215250015259,0.788944661617279,0.8177710175514221,0.8713171492836744,0.9004635431079653,2.6926727294921875,2.743194818496704,1.0776525735855105,1.0241820812225342,0.0066505074501037,0.0354768633842468,,True,False,True,False,True
47,14305500,0.8794370889663696,0.8596622943878174,0.8667133450508118,0.868532226349011,0.8423346917331137,3.100454092025757,3.259955883026123,0.922614336013794,0.9329876899719238,0.0127237439155578,0.0197747945785522,,True,False,True,False,True
47,14306340,0.6321707963943481,0.5849536657333374,0.6930266618728638,0.5072124237228506,0.5744407808328831,3.796474695205689,3.468228578567505,1.459646224975586,1.4070593118667605,-0.0608558654785156,0.0472171306610107,,True,False,True,False,True
47,14306500,0.4802761673927307,0.4309368133544922,0.61435866355896,0.3768433676205326,0.5686071232782002,3.6911425590515137,3.1795547008514404,1.4833773374557495,1.318482518196106,-0.1340824961662292,0.0493393540382385,,False,False,True,False,True
47,14308990,-0.4012553691864013,-1.2445669174194336,-0.1332200765609741,-0.1704833157290781,-0.1656874607091127,2.0359387397766118,1.830893993377685,2.0439891815185547,2.0882487297058105,-0.2680352926254272,0.8433115482330322,1.31783662062619,False,True,True,True,True
47,14309500,0.7042775750160217,0.6521282196044922,0.7580761909484863,0.5786166083389774,0.6554485081584303,2.459240198135376,2.2243242263793945,1.400956630706787,1.30154287815094,-0.0537986159324646,0.0521493554115295,2.0316257124929,True,True,True,True,True
47,14316700,0.6832320690155029,0.5362493991851807,0.6526800394058228,0.6445950751558667,0.7148780830154016,2.2483012676239014,2.354229211807251,1.0998989343643188,1.0597450733184814,0.0305520296096801,0.1469826698303222,0.7921385586140894,True,True,True,False,True
47,14325000,0.782198965549469,0.7620190382003784,0.7854132652282715,0.8011204866782224,0.8161579019686895,3.170746326446533,3.1472625732421875,1.1070960760116575,1.070206880569458,-0.0032142996788024,0.0201799273490905,,True,False,True,False,True
47,14362250,-9.408164978027344,-12.46108055114746,-8.678711891174316,-4.237309261988335,-4.581038205108716,2.35650897026062,2.2724313735961914,5.677590370178223,6.201322555541992,-0.7294530868530273,3.052915573120117,1.2389365409497772,False,True,True,True,True
47,14400000,0.6709980964660645,0.650962769985199,0.5961374640464783,0.4159001314829823,0.3230999043328971,7.033542633056641,7.792767524719238,0.6160524487495422,0.5585561990737915,0.0748606324195861,0.0200353264808654,,True,False,True,False,False
