basin_id,seed,status,original_nse,reachable_nse,nse_decline,negative_test_day_fraction,maximum_storage_deficit_mm,material_negative_storage,high_skill_original_path,nse_declines_under_ordered_path,huc_02,gauge_lat,gauge_lon,elev_mean,area_gages2,aridity,frac_snow,frac_forest,aridity_stratum,snow_stratum,area_stratum
01022500,11,complete,0.5939282178878784,0.3622589111328125,0.23166930675506592,0.6692223439211391,39.368919372558594,True,True,True,01,44.60797,-67.93524,92.68,573.6,0.587356423405076,0.245259009248271,0.9232,humid,snow-influenced,medium
01022500,29,complete,0.7284671068191528,0.44190293550491333,0.2865641713142395,0.676341730558598,88.04076385498047,True,True,True,01,44.60797,-67.93524,92.68,573.6,0.587356423405076,0.245259009248271,0.9232,humid,snow-influenced,medium
01022500,47,complete,0.5269199013710022,0.22695684432983398,0.2999630570411682,0.49890470974808326,32.29728317260742,True,True,True,01,44.60797,-67.93524,92.68,573.6,0.587356423405076,0.245259009248271,0.9232,humid,snow-influenced,medium
01031500,11,complete,0.6414082646369934,0.5539127588272095,0.08749550580978394,1.0,7.597886562347412,True,True,True,01,45.17501,-69.3147,247.8,769.05,0.587950340389816,0.291836473001958,0.9548,humid,snow-influenced,medium
01031500,29,complete,0.7361147403717041,0.5079977512359619,0.2281169891357422,0.9663198247535597,62.8685188293457,True,True,True,01,45.17501,-69.3147,247.8,769.05,0.587950340389816,0.291836473001958,0.9548,humid,snow-influenced,medium
01031500,47,complete,0.6034175157546997,0.4615744352340698,0.14184308052062988,0.8650054764512596,10.597329139709473,True,True,True,01,45.17501,-69.3147,247.8,769.05,0.587950340389816,0.291836473001958,0.9548,humid,snow-influenced,medium
01047000,11,complete,0.5574759244918823,0.4257700443267822,0.1317058801651001,1.0,21.289112091064453,True,True,True,01,44.8692,-69.9551,310.38,909.1,0.628929335570973,0.280118126940736,0.9906,humid,snow-influenced,medium
01047000,29,complete,0.6214598417282104,0.49125635623931885,0.1302034854888916,0.5251916757940854,42.248043060302734,True,True,True,01,44.8692,-69.9551,310.38,909.1,0.628929335570973,0.280118126940736,0.9906,humid,snow-influenced,medium
01047000,47,complete,0.453971803188324,0.34316956996917725,0.11080223321914673,0.42798466593647316,6.703921318054199,True,False,True,01,44.8692,-69.9551,310.38,909.1,0.628929335570973,0.280118126940736,0.9906,humid,snow-influenced,medium
01052500,11,complete,0.6122169494628906,0.6011868715286255,0.011030077934265137,0.36254107338444685,3.8777904510498047,True,True,True,01,44.87739,-71.05749,615.7,383.82,0.561914458543945,0.352698254049326,1.0,humid,snow-influenced,small
01052500,29,complete,0.6568421125411987,0.49494123458862305,0.16190087795257568,0.6366374589266156,148.56785583496094,True,True,True,01,44.87739,-71.05749,615.7,383.82,0.561914458543945,0.352698254049326,1.0,humid,snow-influenced,small
01052500,47,complete,0.45438170433044434,0.3313373923301697,0.12304431200027466,0.9367469879518072,8.852337837219238,True,False,True,01,44.87739,-71.05749,615.7,383.82,0.561914458543945,0.352698254049326,1.0,humid,snow-influenced,small
01054200,11,complete,0.46179306507110596,0.42646121978759766,0.0353318452835083,0.9838444687842278,6.530696868896484,True,False,True,01,44.39044,-70.97964,472.31,180.98,0.523306104932953,0.299641539662879,1.0,humid,snow-influenced,small
01054200,29,complete,0.4837002158164978,0.41315758228302,0.07054263353347778,0.7677984665936474,170.2762908935547,True,False,True,01,44.39044,-70.97964,472.31,180.98,0.523306104932953,0.299641539662879,1.0,humid,snow-influenced,small
01054200,47,complete,0.4116387963294983,0.390677273273468,0.020961523056030273,0.5019167579408543,8.586926460266113,True,False,True,01,44.39044,-70.97964,472.31,180.98,0.523306104932953,0.299641539662879,1.0,humid,snow-influenced,small
01055000,11,complete,0.5183446407318115,0.4848766326904297,0.033468008041381836,0.9011500547645126,3.903442859649658,True,True,True,01,44.64275,-70.58878,423.12,250.64,0.599062793707035,0.306048851694867,0.9916,humid,snow-influenced,small
01055000,29,complete,0.5678571462631226,0.45371681451797485,0.1141403317451477,0.5394304490690033,81.92446899414062,True,True,True,01,44.64275,-70.58878,423.12,250.64,0.599062793707035,0.306048851694867,0.9916,humid,snow-influenced,small
01055000,47,complete,0.5710452198982239,0.5049237608909607,0.06612145900726318,0.43099671412924423,9.042488098144531,True,True,True,01,44.64275,-70.58878,423.12,250.64,0.599062793707035,0.306048851694867,0.9916,humid,snow-influenced,small
01057000,11,complete,0.54804527759552,0.1780044436454773,0.3700408339500427,1.0,29.328205108642578,True,True,True,01,44.30399,-70.53968,215.59,190.92,0.597323619284961,0.251157672769098,0.9415,humid,snow-influenced,small
01057000,29,complete,0.6741880178451538,0.3457210063934326,0.3284670114517212,0.49863088718510407,16.09404182434082,True,True,True,01,44.30399,-70.53968,215.59,190.92,0.597323619284961,0.251157672769098,0.9415,humid,snow-influenced,small
01057000,47,complete,0.3837614059448242,0.1741173267364502,0.20964407920837402,0.42305585980284777,6.315303802490234,True,False,True,01,44.30399,-70.53968,215.59,190.92,0.597323619284961,0.251157672769098,0.9415,humid,snow-influenced,small
01073000,11,complete,0.6328579783439636,0.4789429306983948,0.15391504764556885,0.9255202628696605,13.38762092590332,True,True,True,01,43.1487,-70.96506,37.67,31.3,0.63020261356176,0.17503243505174,0.9008,humid,snow-influenced,small
01073000,29,complete,0.6293718218803406,0.3082190155982971,0.32115280628204346,0.8430996714129244,105.30558013916016,True,True,True,01,43.1487,-70.96506,37.67,31.3,0.63020261356176,0.17503243505174,0.9008,humid,snow-influenced,small
01073000,47,complete,0.6605159640312195,0.25960081815719604,0.40091514587402344,0.7565717415115005,58.04262161254883,True,True,True,01,43.1487,-70.96506,37.67,31.3,0.63020261356176,0.17503243505174,0.9008,humid,snow-influenced,small
01078000,11,complete,0.4063315987586975,-0.1685270071029663,0.5748586058616638,1.0,40.88121795654297,True,False,True,01,43.56646,-71.74786,346.92,222.46,0.613026372714384,0.23971852199071,0.9873,humid,snow-influenced,small
01078000,29,complete,0.4872499108314514,-0.02498805522918701,0.5122379660606384,0.6059693318729463,17.47317123413086,True,False,True,01,43.56646,-71.74786,346.92,222.46,0.613026372714384,0.23971852199071,0.9873,humid,snow-influenced,small
01078000,47,complete,0.4550144672393799,0.057246387004852295,0.3977680802345276,0.4997261774370208,14.536484718322754,True,False,True,01,43.56646,-71.74786,346.92,222.46,0.613026372714384,0.23971852199071,0.9873,humid,snow-influenced,small
01123000,11,complete,0.5423578023910522,0.17360681295394897,0.36875098943710327,0.952354874041621,8.632829666137695,True,True,True,01,41.67177,-72.0523,120.1,77.85,0.603082478614581,0.136053399026134,0.9141,humid,snow-influenced,small
01123000,29,complete,0.7249025106430054,0.02919989824295044,0.6957026124000549,0.9290799561883899,251.88661193847656,True,True,True,01,41.67177,-72.0523,120.1,77.85,0.603082478614581,0.136053399026134,0.9141,humid,snow-influenced,small
01123000,47,complete,0.6744588017463684,0.040799736976623535,0.6336590647697449,0.9945235487404163,171.2580108642578,True,True,True,01,41.67177,-72.0523,120.1,77.85,0.603082478614581,0.136053399026134,0.9141,humid,snow-influenced,small
01134500,11,complete,0.41843074560165405,0.37003225088119507,0.048398494720458984,0.6927710843373494,6.497708320617676,True,False,True,01,44.51172,-71.83731,450.54,195.13,0.603244622366455,0.280582089228151,0.9963,humid,snow-influenced,small
01134500,29,complete,0.6310833692550659,0.3063909411430359,0.32469242811203003,0.5421686746987951,70.33363342285156,True,True,True,01,44.51172,-71.83731,450.54,195.13,0.603244622366455,0.280582089228151,0.9963,humid,snow-influenced,small
01134500,47,complete,0.3878297209739685,0.17865192890167236,0.20917779207229614,0.9359255202628697,10.117185592651367,True,False,True,01,44.51172,-71.83731,450.54,195.13,0.603244622366455,0.280582089228151,0.9963,humid,snow-influenced,small
01137500,11,complete,0.42939507961273193,0.2915346026420593,0.1378604769706726,0.7015334063526835,8.06360912322998,True,False,True,01,44.26867,-71.63036,784.85,228.55,0.538138265121706,0.301814975818189,0.9972,humid,snow-influenced,small
01137500,29,complete,0.6246893405914307,0.3911588788032532,0.2335304617881775,0.6848302300109529,48.50458908081055,True,True,True,01,44.26867,-71.63036,784.85,228.55,0.538138265121706,0.301814975818189,0.9972,humid,snow-influenced,small
01137500,47,complete,0.3334357738494873,0.10265117883682251,0.2307845950126648,0.5298466593647316,9.045088768005371,True,False,True,01,44.26867,-71.63036,784.85,228.55,0.538138265121706,0.301814975818189,0.9972,humid,snow-influenced,small
01139000,11,complete,0.12232834100723267,0.03836590051651001,0.08396244049072266,0.9983570646221248,2.927236318588257,True,False,True,01,44.15034,-72.06509,373.34,246.33,0.674413209612946,0.246562671549799,0.9737,humid,snow-influenced,small
01139000,29,complete,0.32107770442962646,-0.31786608695983887,0.6389437913894653,0.453723986856517,17.893692016601562,True,False,True,01,44.15034,-72.06509,373.34,246.33,0.674413209612946,0.246562671549799,0.9737,humid,snow-influenced,small
01139000,47,complete,-0.4414118528366089,-1.0828094482421875,0.6413975954055786,0.8696604600219058,16.449893951416016,True,False,True,01,44.15034,-72.06509,373.34,246.33,0.674413209612946,0.246562671549799,0.9737,humid,snow-influenced,small
01139800,11,complete,-0.09559452533721924,-0.4697835445404053,0.37418901920318604,0.34446878422782035,6.724550724029541,True,False,True,01,44.09284,-72.33565,518.15,22.8,0.643915671936808,0.26232897318021,1.0,humid,snow-influenced,small
01139800,29,complete,-0.6252241134643555,-1.564218282699585,0.9389941692352295,0.7417853231106243,62.676910400390625,True,False,True,01,44.09284,-72.33565,518.15,22.8,0.643915671936808,0.26232897318021,1.0,humid,snow-influenced,small
01139800,47,complete,0.08410626649856567,-0.9108012914657593,0.994907557964325,0.5640744797371303,36.330902099609375,True,False,True,01,44.09284,-72.33565,518.15,22.8,0.643915671936808,0.26232897318021,1.0,humid,snow-influenced,small
01142500,11,complete,0.3052282929420471,0.21685636043548584,0.08837193250656128,0.13444687842278202,4.340976715087891,True,False,True,01,43.93451,-72.65788,346.62,82.17,0.647740582076158,0.252307890542821,0.9799,humid,snow-influenced,small
01142500,29,complete,0.3534296154975891,-0.5609931945800781,0.9144228100776672,0.6100766703176341,62.46677017211914,True,False,True,01,43.93451,-72.65788,346.62,82.17,0.647740582076158,0.252307890542821,0.9799,humid,snow-influenced,small
01142500,47,complete,0.10933703184127808,-0.6204692125320435,0.7298062443733215,0.7491785323110625,27.69147491455078,True,False,True,01,43.93451,-72.65788,346.62,82.17,0.647740582076158,0.252307890542821,0.9799,humid,snow-influenced,small
01144000,11,complete,0.4806075692176819,0.30679595470428467,0.17381161451339722,0.29901423877327493,6.586228370666504,True,False,True,01,43.71424,-72.41815,459.8,1790.24,0.630759674709817,0.248466348504845,0.9813,humid,snow-influenced,medium
01144000,29,complete,0.7117938995361328,0.15177786350250244,0.5600160360336304,0.583789704271632,59.08443069458008,True,True,True,01,43.71424,-72.41815,459.8,1790.24,0.630759674709817,0.248466348504845,0.9813,humid,snow-influenced,medium
01144000,47,complete,0.4041093587875366,0.07788199186325073,0.3262273669242859,0.8444687842278203,12.800041198730469,True,False,True,01,43.71424,-72.41815,459.8,1790.24,0.630759674709817,0.248466348504845,0.9813,humid,snow-influenced,medium
01162500,11,complete,0.38670235872268677,-0.17968416213989258,0.5663865208625793,0.9794633077765608,18.81074333190918,True,False,True,01,42.68259,-72.11508,310.07,49.71,0.596661752063771,0.226769184680043,0.9663,humid,snow-influenced,small
01162500,29,complete,0.4312211871147156,-0.12961721420288086,0.5608384013175964,1.0,53.37936019897461,True,False,True,01,42.68259,-72.11508,310.07,49.71,0.596661752063771,0.226769184680043,0.9663,humid,snow-influenced,small
01162500,47,complete,0.5734888911247253,-0.039872050285339355,0.6133609414100647,0.971248630887185,39.04270935058594,True,True,True,01,42.68259,-72.11508,310.07,49.71,0.596661752063771,0.226769184680043,0.9663,humid,snow-influenced,small
01169000,11,complete,0.6911195516586304,0.568747878074646,0.12237167358398438,0.975355969331873,9.827239990234375,True,True,True,01,42.63842,-72.72509,374.89,230.64,0.574450648160949,0.238972605896079,0.997,humid,snow-influenced,small
01169000,29,complete,0.6860475540161133,0.4410441517829895,0.24500340223312378,0.778751369112815,209.73245239257812,True,True,True,01,42.63842,-72.72509,374.89,230.64,0.574450648160949,0.238972605896079,0.997,humid,snow-influenced,small
01169000,47,complete,0.5263296365737915,0.3993282914161682,0.1270013451576233,0.9487951807228916,24.403968811035156,True,True,True,01,42.63842,-72.72509,374.89,230.64,0.574450648160949,0.238972605896079,0.997,humid,snow-influenced,small
01170100,11,complete,0.3424309492111206,0.25848621129989624,0.08394473791122437,0.4424972617743702,6.577037811279297,True,False,True,01,42.70342,-72.67065,325.71,106.99,0.575873759926214,0.234653735405934,0.997,humid,snow-influenced,small
01170100,29,complete,0.5638347864151001,0.22877663373947144,0.33505815267562866,0.5062979189485214,31.90660858154297,True,True,True,01,42.70342,-72.67065,325.71,106.99,0.575873759926214,0.234653735405934,0.997,humid,snow-influenced,small
01170100,47,complete,0.5103955268859863,0.2389991283416748,0.2713963985443115,0.8548740416210295,11.500429153442383,True,True,True,01,42.70342,-72.67065,325.71,106.99,0.575873759926214,0.234653735405934,0.997,humid,snow-influenced,small
01181000,11,complete,0.6773389577865601,0.5767651796340942,0.10057377815246582,0.9110076670317634,11.0128173828125,True,True,True,01,42.23731,-72.89565,417.93,243.5,0.593993318681319,0.217563041040592,0.9944,humid,snow-influenced,small
01181000,29,complete,0.7059699296951294,0.43701785802841187,0.26895207166671753,0.6711391018619934,156.86170959472656,True,True,True,01,42.23731,-72.89565,417.93,243.5,0.593993318681319,0.217563041040592,0.9944,humid,snow-influenced,small
01181000,47,complete,0.5358107089996338,0.4253953695297241,0.11041533946990967,0.9383899233296824,19.61855697631836,True,True,True,01,42.23731,-72.89565,417.93,243.5,0.593993318681319,0.217563041040592,0.9944,humid,snow-influenced,small
01187300,11,complete,0.6305160522460938,0.47834354639053345,0.1521725058555603,0.3143483023001095,5.6892266273498535,True,True,True,01,42.03732,-72.93899,309.1,53.92,0.57727769906224,0.201269335695146,0.9932,humid,snow-influenced,small
01187300,29,complete,0.6848266124725342,0.30276525020599365,0.3820613622665405,0.6481380065717415,113.1847152709961,True,True,True,01,42.03732,-72.93899,309.1,53.92,0.57727769906224,0.201269335695146,0.9932,humid,snow-influenced,small
01187300,47,complete,0.644697904586792,0.3084791898727417,0.3362187147140503,0.6889375684556407,20.66464614868164,True,True,True,01,42.03732,-72.93899,309.1,53.92,0.57727769906224,0.201269335695146,0.9932,humid,snow-influenced,small
01195100,11,complete,0.5858133435249329,0.15950512886047363,0.42630821466445923,0.9750821467688937,37.78367233276367,True,True,True,01,41.30593,-72.5312,19.17,14.84,0.639240948040801,0.106042892091717,0.9171,humid,snow-influenced,small
01195100,29,complete,0.64827561378479,0.03935962915420532,0.6089159846305847,0.9991785323110625,263.771240234375,True,True,True,01,41.30593,-72.5312,19.17,14.84,0.639240948040801,0.106042892091717,0.9171,humid,snow-influenced,small
01195100,47,complete,0.6383463740348816,0.04998195171356201,0.5883644223213196,0.9928806133625411,215.82522583007812,True,True,True,01,41.30593,-72.5312,19.17,14.84,0.639240948040801,0.106042892091717,0.9171,humid,snow-influenced,small
01333000,11,complete,0.32241153717041016,0.09701651334762573,0.22539502382278442,0.8463855421686747,4.61655855178833,True,False,True,02,42.70897,-73.19677,485.91,112.16,0.597283085492449,0.222244968016498,0.9844,humid,snow-influenced,small
01333000,29,complete,0.47029227018356323,0.12031775712966919,0.34997451305389404,0.8893756845564075,22.022708892822266,True,False,True,02,42.70897,-73.19677,485.91,112.16,0.597283085492449,0.222244968016498,0.9844,humid,snow-influenced,small
01333000,47,complete,0.48811596632003784,0.12825226783752441,0.3598636984825134,0.8529572836801752,12.975811004638672,True,False,True,02,42.70897,-73.19677,485.91,112.16,0.597283085492449,0.222244968016498,0.9844,humid,snow-influenced,small
01350000,11,complete,0.6916072368621826,0.562915563583374,0.1286916732788086,0.9917853231106243,10.662108421325684,True,True,True,02,42.31953,-74.43654,612.78,612.51,0.580392881071257,0.231159657658639,0.9966,humid,snow-influenced,medium
01350000,29,complete,0.6792243123054504,0.2489863634109497,0.43023794889450073,0.877053669222344,185.77447509765625,True,True,True,02,42.31953,-74.43654,612.78,612.51,0.580392881071257,0.231159657658639,0.9966,humid,snow-influenced,medium
01350000,47,complete,0.6703576445579529,0.2859785556793213,0.3843790888786316,0.9761774370208105,16.27434730529785,True,True,True,02,42.31953,-74.43654,612.78,612.51,0.580392881071257,0.231159657658639,0.9966,humid,snow-influenced,medium
01350080,11,complete,0.47969532012939453,-0.09895431995391846,0.578649640083313,0.9926067907995619,9.346186637878418,True,False,True,02,42.37703,-74.41292,587.35,83.84,0.641037691812962,0.221156578322867,0.994,humid,snow-influenced,small
01350080,29,complete,0.4896812438964844,-0.9689160585403442,1.4585973024368286,0.9750821467688937,264.8538513183594,True,False,True,02,42.37703,-74.41292,587.35,83.84,0.641037691812962,0.221156578322867,0.994,humid,snow-influenced,small
01350080,47,complete,0.3483095169067383,-1.0771684646606445,1.4254779815673828,0.9704271631982475,21.06317710876465,True,False,True,02,42.37703,-74.41292,587.35,83.84,0.641037691812962,0.221156578322867,0.994,humid,snow-influenced,small
01350140,11,complete,0.5359668731689453,0.1500440239906311,0.3859228491783142,0.9975355969331873,10.144389152526855,True,True,True,02,42.42897,-74.47293,579.74,43.76,0.639883125621386,0.219859026682811,0.991,humid,snow-influenced,small
01350140,29,complete,0.5667681694030762,-0.22587919235229492,0.7926473617553711,0.9893209200438116,217.19593811035156,True,True,True,02,42.42897,-74.47293,579.74,43.76,0.639883125621386,0.219859026682811,0.991,humid,snow-influenced,small
01350140,47,complete,0.5067538022994995,-0.13424944877624512,0.6410032510757446,1.0,20.64085578918457,True,True,True,02,42.42897,-74.47293,579.74,43.76,0.639883125621386,0.219859026682811,0.991,humid,snow-influenced,small
01365000,11,complete,0.6688199043273926,0.548040509223938,0.12077939510345459,0.9964403066812705,9.123226165771484,True,True,True,02,41.86648,-74.4871,465.17,99.57,0.546833503767649,0.202270211093681,1.0,humid,snow-influenced,small
01365000,29,complete,0.6203020811080933,0.18958711624145508,0.4307149648666382,0.9893209200438116,170.5828094482422,True,True,True,02,41.86648,-74.4871,465.17,99.57,0.546833503767649,0.202270211093681,1.0,humid,snow-influenced,small
01365000,47,complete,0.6412484645843506,0.35874271392822266,0.28250575065612793,1.0,30.99883270263672,True,True,True,02,41.86648,-74.4871,465.17,99.57,0.546833503767649,0.202270211093681,1.0,humid,snow-influenced,small
01411300,11,complete,-5.471555709838867,-7.72634220123291,2.254786491394043,1.0,41.867435455322266,True,False,True,02,39.30694,-74.82056,15.25,79.32,0.79829446997973,0.0480948550351646,0.8487,humid,low-snow,small
01411300,29,complete,-7.275867462158203,-10.979479789733887,3.7036123275756836,1.0,56.93779754638672,True,False,True,02,39.30694,-74.82056,15.25,79.32,0.79829446997973,0.0480948550351646,0.8487,humid,low-snow,small
01411300,47,complete,-3.5780935287475586,-11.936612129211426,8.358518600463867,1.0,86.06559753417969,True,False,True,02,39.30694,-74.82056,15.25,79.32,0.79829446997973,0.0480948550351646,0.8487,humid,low-snow,small
01413500,11,complete,0.5842533111572266,0.16082537174224854,0.423427939414978,0.9958926615553122,8.289660453796387,True,True,True,02,42.14481,-74.65349,724.51,424.1,0.583102020770268,0.216908033968228,0.9974,humid,snow-influenced,small
01413500,29,complete,0.525906503200531,-0.6599839925765991,1.1858904957771301,0.8956736035049289,163.8544921875,True,True,True,02,42.14481,-74.65349,724.51,424.1,0.583102020770268,0.216908033968228,0.9974,humid,snow-influenced,small
01413500,47,complete,0.5078929662704468,-0.4154081344604492,0.923301100730896,1.0,21.146486282348633,True,True,True,02,42.14481,-74.65349,724.51,424.1,0.583102020770268,0.216908033968228,0.9974,humid,snow-influenced,small
01414500,11,complete,0.5532452464103699,0.20611709356307983,0.34712815284729004,0.9978094194961665,7.385473728179932,True,True,True,02,42.1062,-74.73043,775.58,64.45,0.560241764977201,0.216628505016047,1.0,humid,snow-influenced,small
01414500,29,complete,0.5130043625831604,-0.3754434585571289,0.8884478211402893,0.9860350492880613,135.86752319335938,True,True,True,02,42.1062,-74.73043,775.58,64.45,0.560241764977201,0.216628505016047,1.0,humid,snow-influenced,small
01414500,47,complete,0.5403879880905151,-0.15878260135650635,0.6991705894470215,1.0,19.906078338623047,True,True,True,02,42.1062,-74.73043,775.58,64.45,0.560241764977201,0.216628505016047,1.0,humid,snow-influenced,small
01415000,11,complete,0.5439510345458984,0.08563756942749023,0.4583134651184082,0.9978094194961665,9.53335952758789,True,True,True,02,42.12009,-74.81849,604.34,85.63,0.593013196113873,0.213452184948768,1.0,humid,snow-influenced,small
01415000,29,complete,0.5260168313980103,-0.6364126205444336,1.1624294519424438,0.9504381161007667,186.09669494628906,True,True,True,02,42.12009,-74.81849,604.34,85.63,0.593013196113873,0.213452184948768,1.0,humid,snow-influenced,small
01415000,47,complete,0.5308244824409485,-0.39860284328460693,0.9294273257255554,1.0,22.560474395751953,True,True,True,02,42.12009,-74.81849,604.34,85.63,0.593013196113873,0.213452184948768,1.0,humid,snow-influenced,small
01423000,11,complete,0.6173168420791626,0.36985325813293457,0.24746358394622803,0.9906900328587076,10.384209632873535,True,True,True,02,42.1662,-75.13989,593.67,859.68,0.601215979319906,0.217830297712483,0.9854,humid,snow-influenced,medium
01423000,29,complete,0.556106448173523,-0.5924279689788818,1.1485344171524048,0.9822015334063526,237.64910888671875,True,True,True,02,42.1662,-75.13989,593.67,859.68,0.601215979319906,0.217830297712483,0.9854,humid,snow-influenced,medium
01423000,47,complete,0.5977298021316528,-0.1277942657470703,0.7255240678787231,0.9482475355969332,16.851125717163086,True,True,True,02,42.1662,-75.13989,593.67,859.68,0.601215979319906,0.217830297712483,0.9854,humid,snow-influenced,medium
01435000,11,complete,0.6392936110496521,0.5822272300720215,0.057066380977630615,0.9958926615553122,9.118776321411133,True,True,True,02,41.89009,-74.58988,560.05,172.46,0.532018806954623,0.223616269388589,1.0,humid,snow-influenced,small
01435000,29,complete,0.6333789825439453,0.33338719606399536,0.29999178647994995,0.9813800657174151,149.66094970703125,True,True,True,02,41.89009,-74.58988,560.05,172.46,0.532018806954623,0.223616269388589,1.0,humid,snow-influenced,small
01435000,47,complete,0.6385465860366821,0.45321667194366455,0.18532991409301758,1.0,25.2043514251709,True,True,True,02,41.89009,-74.58988,560.05,172.46,0.532018806954623,0.223616269388589,1.0,humid,snow-influenced,small
01439500,11,complete,0.588446855545044,0.4293516278266907,0.15909522771835327,0.9846659364731654,25.74033546447754,True,True,True,02,41.08815,-75.03767,307.06,305.88,0.636544584519553,0.163765228832016,0.997,humid,snow-influenced,small
01439500,29,complete,0.4187357425689697,-0.656275749206543,1.0750114917755127,1.0,443.1580810546875,True,False,True,02,41.08815,-75.03767,307.06,305.88,0.636544584519553,0.163765228832016,0.997,humid,snow-influenced,small
01439500,47,complete,0.43998008966445923,-0.2179110050201416,0.6578910946846008,0.9868565169769989,95.18511199951172,True,False,True,02,41.08815,-75.03767,307.06,305.88,0.636544584519553,0.163765228832016,0.997,humid,snow-influenced,small
01440000,11,complete,0.6011442542076111,0.17492276430130005,0.42622148990631104,0.9055312157721797,9.70754337310791,True,True,True,02,41.10667,-74.95222,234.2,167.72,0.660024329042491,0.147767408338048,0.908,humid,snow-influenced,small
01440000,29,complete,0.6354035139083862,-0.35505998134613037,0.9904634952545166,0.8263964950711938,172.76766967773438,True,True,True,02,41.10667,-74.95222,234.2,167.72,0.660024329042491,0.147767408338048,0.908,humid,snow-influenced,small
01440000,47,complete,0.6396082043647766,-0.3702586889266968,1.0098668932914734,0.8387185104052574,38.464786529541016,True,True,True,02,41.10667,-74.95222,234.2,167.72,0.660024329042491,0.147767408338048,0.908,humid,snow-influenced,small
01440400,11,complete,0.615957498550415,0.541332483291626,0.07462501525878906,0.985487404162103,23.590757369995117,True,True,True,02,41.08481,-75.21462,334.06,175.21,0.622481152138559,0.172223371092882,0.9933,humid,snow-influenced,small
01440400,29,complete,0.552923858165741,0.07461059093475342,0.47831326723098755,0.9997261774370209,416.12939453125,True,True,True,02,41.08481,-75.21462,334.06,175.21,0.622481152138559,0.172223371092882,0.9933,humid,snow-influenced,small
01440400,47,complete,0.5390814542770386,0.2564259171485901,0.2826555371284485,0.976998904709748,69.37818145751953,True,True,True,02,41.08481,-75.21462,334.06,175.21,0.622481152138559,0.172223371092882,0.9933,humid,snow-influenced,small
01451800,11,complete,0.47271716594696045,0.22943735122680664,0.2432798147201538,0.8151697699890471,14.399699211120605,True,False,True,02,40.66176,-75.62685,180.41,135.84,0.690467501571846,0.128362665991427,0.4915,humid,snow-influenced,small
01451800,29,complete,0.4506080150604248,0.17649763822555542,0.2741103768348694,0.8732201533406353,374.66510009765625,True,False,True,02,40.66176,-75.62685,180.41,135.84,0.690467501571846,0.128362665991427,0.4915,humid,snow-influenced,small
01451800,47,complete,0.48173391819000244,0.11480873823165894,0.3669251799583435,1.0,40.58745193481445,True,False,True,02,40.66176,-75.62685,180.41,135.84,0.690467501571846,0.128362665991427,0.4915,humid,snow-influenced,small
01466500,11,complete,-34.97713851928711,-68.98572540283203,34.00858688354492,1.0,140.55209350585938,True,False,True,02,39.885,-74.50528,38.94,5.38,0.864395949341242,0.0626617697616761,1.0,humid,low-snow,small
01466500,29,complete,-49.578922271728516,-66.40042877197266,16.82150650024414,1.0,18.053512573242188,True,False,True,02,39.885,-74.50528,38.94,5.38,0.864395949341242,0.0626617697616761,1.0,humid,low-snow,small
01466500,47,complete,-41.97652053833008,-73.32059478759766,31.344074249267578,1.0,16.35774803161621,True,False,True,02,39.885,-74.50528,38.94,5.38,0.864395949341242,0.0626617697616761,1.0,humid,low-snow,small
01484100,11,complete,-1.6580774784088135,-3.7197976112365723,2.061720132827759,1.0,65.48895263671875,True,False,True,02,38.90578,-75.51275,17.97,9.0,0.783619502182434,0.042571686471381,0.3605,humid,low-snow,small
01484100,29,complete,-1.1240837574005127,-2.6321990489959717,1.508115291595459,0.9687842278203724,53.47288513183594,True,False,True,02,38.90578,-75.51275,17.97,9.0,0.783619502182434,0.042571686471381,0.3605,humid,low-snow,small
01484100,47,complete,-1.3448264598846436,-5.836101055145264,4.49127459526062,0.9945235487404163,58.67026138305664,True,False,True,02,38.90578,-75.51275,17.97,9.0,0.783619502182434,0.042571686471381,0.3605,humid,low-snow,small
01487000,11,complete,-4.022489070892334,-6.461344242095947,2.4388551712036133,1.0,19.330501556396484,True,False,True,02,38.72833,-75.56186,13.84,187.41,0.780934310387804,0.0424689894259026,0.4165,humid,low-snow,small
01487000,29,complete,-2.322333335876465,-5.029568195343018,2.7072348594665527,0.93921139101862,60.19765853881836,True,False,True,02,38.72833,-75.56186,13.84,187.41,0.780934310387804,0.0424689894259026,0.4165,humid,low-snow,small
01487000,47,complete,-4.617762088775635,-11.293344497680664,6.675582408905029,0.9622124863088719,25.19809341430664,True,False,True,02,38.72833,-75.56186,13.84,187.41,0.780934310387804,0.0424689894259026,0.4165,humid,low-snow,small
01491000,11,complete,-0.6190431118011475,-1.324108362197876,0.7050652503967285,1.0,16.423919677734375,True,False,True,02,38.99719,-75.78581,18.54,292.04,0.784386246778647,0.0500257211233794,0.2319,humid,low-snow,small
01491000,29,complete,-0.22179663181304932,-1.2410717010498047,1.0192750692367554,0.9471522453450164,69.42744445800781,True,False,True,02,38.99719,-75.78581,18.54,292.04,0.784386246778647,0.0500257211233794,0.2319,humid,low-snow,small
01491000,47,complete,-0.7825374603271484,-2.924534320831299,2.1419968605041504,0.9663198247535597,31.588613510131836,True,False,True,02,38.99719,-75.78581,18.54,292.04,0.784386246778647,0.0500257211233794,0.2319,humid,low-snow,small
01510000,11,complete,0.6883881092071533,0.48214268684387207,0.20624542236328125,0.976998904709748,14.235701560974121,True,True,True,02,42.54118,-75.89964,482.21,382.99,0.647206696488938,0.237057400622962,0.9804,humid,snow-influenced,small
01510000,29,complete,0.43203234672546387,0.05032080411911011,0.38171154260635376,0.9986308871851041,447.92822265625,True,False,True,02,42.54118,-75.89964,482.21,382.99,0.647206696488938,0.237057400622962,0.9804,humid,snow-influenced,small
01510000,47,complete,0.6410632729530334,0.2318463921546936,0.40921688079833984,0.9671412924424972,28.242450714111328,True,True,True,02,42.54118,-75.89964,482.21,382.99,0.647206696488938,0.237057400622962,0.9804,humid,snow-influenced,small
01516500,11,complete,0.37498629093170166,-0.2503063678741455,0.6252926588058472,0.9756297918948521,22.472597122192383,True,False,True,02,41.79091,-77.01469,634.59,31.48,0.712019857879042,0.199238597784613,0.9661,humid,snow-influenced,small
01516500,29,complete,0.3535093069076538,-1.010913372039795,1.3644226789474487,1.0,487.26153564453125,True,False,True,02,41.79091,-77.01469,634.59,31.48,0.712019857879042,0.199238597784613,0.9661,humid,snow-influenced,small
01516500,47,complete,0.4685508608818054,-0.7301956415176392,1.1987465023994446,0.885815991237678,32.19163513183594,True,False,True,02,41.79091,-77.01469,634.59,31.48,0.712019857879042,0.199238597784613,0.9661,humid,snow-influenced,small
01518862,11,complete,0.45200395584106445,0.023364007472991943,0.4286399483680725,0.9824753559693319,9.648655891418457,True,False,True,02,41.92313,-77.53193,600.87,233.91,0.748038710131879,0.201111344911574,0.9837,humid,snow-influenced,small
01518862,29,complete,0.34086114168167114,-0.5532799959182739,0.8941411375999451,1.0,394.897216796875,True,False,True,02,41.92313,-77.53193,600.87,233.91,0.748038710131879,0.201111344911574,0.9837,humid,snow-influenced,small
01518862,47,complete,0.5302152037620544,-0.33930647373199463,0.8695216774940491,0.9537239868565169,30.478126525878906,True,True,True,02,41.92313,-77.53193,600.87,233.91,0.748038710131879,0.201111344911574,0.9837,humid,snow-influenced,small
01532000,11,complete,0.467359721660614,0.26461243629455566,0.20274728536605835,0.9444140197152245,8.487312316894531,True,False,True,02,41.70702,-76.48467,507.14,553.94,0.718889115490327,0.176741266621108,0.9549,humid,snow-influenced,medium
01532000,29,complete,0.4104042053222656,-0.42083418369293213,0.8312383890151978,0.9972617743702081,427.213134765625,True,False,True,02,41.70702,-76.48467,507.14,553.94,0.718889115490327,0.176741266621108,0.9549,humid,snow-influenced,medium
01532000,47,complete,0.6244837045669556,-0.03208744525909424,0.6565711498260498,0.9487951807228916,35.04718017578125,True,True,True,02,41.70702,-76.48467,507.14,553.94,0.718889115490327,0.176741266621108,0.9549,humid,snow-influenced,medium
01539000,11,complete,0.5613698363304138,0.49365168809890747,0.06771814823150635,0.933461117196057,15.213505744934082,True,True,True,02,41.07814,-76.43106,333.75,701.78,0.689397292241646,0.156285913306627,0.8311,humid,snow-influenced,medium
01539000,29,complete,0.3436920642852783,-0.03593909740447998,0.3796311616897583,1.0,527.6678466796875,True,False,True,02,41.07814,-76.43106,333.75,701.78,0.689397292241646,0.156285913306627,0.8311,humid,snow-influenced,medium
01539000,47,complete,0.6364092230796814,0.34828418493270874,0.28812503814697266,0.9600219058050383,43.01051330566406,True,True,True,02,41.07814,-76.43106,333.75,701.78,0.689397292241646,0.156285913306627,0.8311,humid,snow-influenced,medium
01542810,11,complete,0.477027952671051,0.43570756912231445,0.04132038354873657,0.9980832420591457,26.9586238861084,True,False,True,02,41.57895,-78.29251,492.7,13.62,0.662887974635193,0.189716485804691,1.0,humid,snow-influenced,small
01542810,29,complete,0.3619067668914795,0.07797878980636597,0.2839279770851135,1.0,470.7183837890625,True,False,True,02,41.57895,-78.29251,492.7,13.62,0.662887974635193,0.189716485804691,1.0,humid,snow-influenced,small
01542810,47,complete,0.48330289125442505,0.16266727447509766,0.3206356167793274,0.9742606790799562,42.996456146240234,True,False,True,02,41.57895,-78.29251,492.7,13.62,0.662887974635193,0.189716485804691,1.0,humid,snow-influenced,small
01543000,11,complete,0.5608437657356262,0.5359060764312744,0.024937689304351807,0.9969879518072289,19.72074317932129,True,True,True,02,41.4134,-78.19695,543.37,705.5,0.671582210369935,0.188056577083995,0.9922,humid,snow-influenced,medium
01543000,29,complete,0.38929474353790283,0.12398111820220947,0.26531362533569336,0.9994523548740416,443.48834228515625,True,False,True,02,41.4134,-78.19695,543.37,705.5,0.671582210369935,0.188056577083995,0.9922,humid,snow-influenced,medium
01543000,47,complete,0.5461431741714478,0.22532212734222412,0.32082104682922363,0.9794633077765608,40.472190856933594,True,True,True,02,41.4134,-78.19695,543.37,705.5,0.671582210369935,0.188056577083995,0.9922,humid,snow-influenced,medium
01543500,11,complete,0.47067755460739136,0.3907608389854431,0.07991671562194824,0.9967141292442497,22.37735939025879,True,False,True,02,41.31728,-78.10306,547.44,1778.26,0.669983479391203,0.181653610941671,0.9878,humid,snow-influenced,medium
01543500,29,complete,0.25954413414001465,0.14894068241119385,0.1106034517288208,1.0,483.1319580078125,True,False,True,02,41.31728,-78.10306,547.44,1778.26,0.669983479391203,0.181653610941671,0.9878,humid,snow-influenced,medium
01543500,47,complete,0.544053852558136,0.24452239274978638,0.2995314598083496,0.9945235487404163,57.457462310791016,True,True,True,02,41.31728,-78.10306,547.44,1778.26,0.669983479391203,0.181653610941671,0.9878,humid,snow-influenced,medium
01544500,11,complete,0.5623515844345093,0.42852532863616943,0.13382625579833984,0.9972617743702081,19.636293411254883,True,True,True,02,41.4759,-77.82582,551.6,355.06,0.681041146480069,0.20336289315932,1.0,humid,snow-influenced,small
01544500,29,complete,0.414742112159729,-0.3482956886291504,0.7630378007888794,1.0,446.78363037109375,True,False,True,02,41.4759,-77.82582,551.6,355.06,0.681041146480069,0.20336289315932,1.0,humid,snow-influenced,small
01544500,47,complete,0.4846611022949219,-0.09648120403289795,0.5811423063278198,0.9849397590361446,61.0909309387207,True,False,True,02,41.4759,-77.82582,551.6,355.06,0.681041146480069,0.20336289315932,1.0,humid,snow-influenced,small
01545600,11,complete,0.5264978408813477,0.22141575813293457,0.3050820827484131,0.9958926615553122,14.262588500976562,True,True,True,02,41.38951,-77.69082,518.97,120.0,0.678972097109243,0.192645540908709,1.0,humid,snow-influenced,small
01545600,29,complete,0.5127362012863159,-0.7453538179397583,1.2580900192260742,0.9832968236582694,332.4219055175781,True,True,True,02,41.38951,-77.69082,518.97,120.0,0.678972097109243,0.192645540908709,1.0,humid,snow-influenced,small
01545600,47,complete,0.5029003620147705,-0.31309473514556885,0.8159950971603394,0.988499452354874,78.52066040039062,True,True,True,02,41.38951,-77.69082,518.97,120.0,0.678972097109243,0.192645540908709,1.0,humid,snow-influenced,small
01547700,11,complete,0.5564571619033813,0.43145817518234253,0.12499898672103882,0.9937020810514786,29.413602828979492,True,True,True,02,41.05951,-77.60583,353.57,113.54,0.748768234250764,0.156172998266035,0.9047,humid,snow-influenced,small
01547700,29,complete,0.4720091223716736,0.042878806591033936,0.42913031578063965,0.9953450164293538,467.7392883300781,True,False,True,02,41.05951,-77.60583,353.57,113.54,0.748768234250764,0.156172998266035,0.9047,humid,snow-influenced,small
01547700,47,complete,0.5679952502250671,0.20196640491485596,0.3660288453102112,0.9767250821467689,74.60366821289062,True,True,True,02,41.05951,-77.60583,353.57,113.54,0.748768234250764,0.156172998266035,0.9047,humid,snow-influenced,small
01548500,11,complete,0.6172385215759277,0.4346666932106018,0.18257182836532593,0.9934282584884995,8.7365140914917,True,True,True,02,41.52174,-77.44748,546.71,1557.05,0.720435520609989,0.202088630482319,0.9866,humid,snow-influenced,medium
01548500,29,complete,0.36684679985046387,-0.7455745935440063,1.1124213933944702,0.9989047097480832,375.2933654785156,True,False,True,02,41.52174,-77.44748,546.71,1557.05,0.720435520609989,0.202088630482319,0.9866,humid,snow-influenced,medium
01548500,47,complete,0.6613031625747681,-0.09674549102783203,0.7580486536026001,0.9707009857612268,23.26126480102539,True,True,True,02,41.52174,-77.44748,546.71,1557.05,0.720435520609989,0.202088630482319,0.9866,humid,snow-influenced,medium
01549500,11,complete,0.5177779197692871,0.141157865524292,0.3766200542449951,0.9556407447973713,11.021101951599121,True,True,True,02,41.47368,-77.23081,528.16,97.49,0.688371175474727,0.186519052942025,0.9888,humid,snow-influenced,small
01549500,29,complete,0.5281435251235962,-0.7120814323425293,1.2402249574661255,0.9912376779846659,389.2289123535156,True,True,True,02,41.47368,-77.23081,528.16,97.49,0.688371175474727,0.186519052942025,0.9888,humid,snow-influenced,small
01549500,47,complete,0.6995824575424194,-0.20141804218292236,0.9010004997253418,0.9112814895947426,36.26085662841797,True,True,True,02,41.47368,-77.23081,528.16,97.49,0.688371175474727,0.186519052942025,0.9888,humid,snow-influenced,small
01550000,11,complete,0.6403216123580933,0.3644164800643921,0.27590513229370117,0.9909638554216867,5.627821922302246,True,True,True,02,41.41841,-77.03275,455.41,452.68,0.680435161645977,0.179825512854574,0.988,humid,snow-influenced,small
01550000,29,complete,0.6093350648880005,-0.34007298946380615,0.9494080543518066,0.9457831325301205,273.73779296875,True,True,True,02,41.41841,-77.03275,455.41,452.68,0.680435161645977,0.179825512854574,0.988,humid,snow-influenced,small
01550000,47,complete,0.6976094245910645,-0.05286085605621338,0.7504702806472778,0.9457831325301205,32.584686279296875,True,True,True,02,41.41841,-77.03275,455.41,452.68,0.680435161645977,0.179825512854574,0.988,humid,snow-influenced,small
01552000,11,complete,0.6210000514984131,0.5010900497436523,0.11991000175476074,0.9901423877327492,12.577378273010254,True,True,True,02,41.32508,-76.91246,461.43,1129.49,0.664844849124805,0.17305912288721,0.9911,humid,snow-influenced,medium
01552000,29,complete,0.4973992109298706,-0.027132630348205566,0.5245318412780762,0.9912376779846659,370.7910461425781,True,False,True,02,41.32508,-76.91246,461.43,1129.49,0.664844849124805,0.17305912288721,0.9911,humid,snow-influenced,medium
01552000,47,complete,0.6719938516616821,0.17296981811523438,0.49902403354644775,0.9750821467688937,27.53391456604004,True,True,True,02,41.32508,-76.91246,461.43,1129.49,0.664844849124805,0.17305912288721,0.9911,humid,snow-influenced,medium
01552500,11,complete,0.5478495359420776,0.5295085310935974,0.018341004848480225,0.9928806133625411,23.16647720336914,True,True,True,02,41.35702,-76.53467,535.24,60.64,0.632609791042611,0.185169707979555,0.9956,humid,snow-influenced,small
01552500,29,complete,0.5044428110122681,0.28997015953063965,0.21447265148162842,1.0,413.2874450683594,True,True,True,02,41.35702,-76.53467,535.24,60.64,0.632609791042611,0.185169707979555,0.9956,humid,snow-influenced,small
01552500,47,complete,0.5666016936302185,0.3374707102775574,0.22913098335266113,0.9715224534501643,49.390403747558594,True,True,True,02,41.35702,-76.53467,535.24,60.64,0.632609791042611,0.185169707979555,0.9956,humid,snow-influenced,small
01557500,11,complete,0.6485809087753296,0.5054618716239929,0.14311903715133667,0.9901423877327492,20.117168426513672,True,True,True,02,40.68367,-78.23362,389.99,115.3,0.748341846336992,0.15867182381751,0.9012,humid,snow-influenced,small
01557500,29,complete,0.5158174633979797,-0.03419792652130127,0.550015389919281,0.9895947426067908,405.4930419921875,True,True,True,02,40.68367,-78.23362,389.99,115.3,0.748341846336992,0.15867182381751,0.9012,humid,snow-influenced,small
01557500,47,complete,0.5715047717094421,0.044598519802093506,0.5269062519073486,0.96960569550931,63.27848815917969,True,True,True,02,40.68367,-78.23362,389.99,115.3,0.748341846336992,0.15867182381751,0.9012,humid,snow-influenced,small
01567500,11,complete,0.3452334403991699,-0.010072469711303711,0.35530591011047363,0.7357612267250822,44.47810745239258,True,False,True,02,40.37092,-77.40221,314.48,38.77,0.757527404378139,0.126036065938383,0.7969,humid,snow-influenced,small
01567500,29,complete,0.509620189666748,-0.25808262825012207,0.7677028179168701,0.8157174151150055,361.6227111816406,True,True,True,02,40.37092,-77.40221,314.48,38.77,0.757527404378139,0.126036065938383,0.7969,humid,snow-influenced,small
01567500,47,complete,0.3278930187225342,-1.2659482955932617,1.593841314315796,0.6073384446878423,54.48944091796875,True,False,True,02,40.37092,-77.40221,314.48,38.77,0.757527404378139,0.126036065938383,0.7969,humid,snow-influenced,small
01568000,11,complete,0.44232696294784546,0.2557132840156555,0.18661367893218994,0.4408543263964951,42.86834716796875,True,False,True,02,40.32342,-77.16887,265.52,534.39,0.72827972735798,0.128510858031358,0.7062,humid,snow-influenced,medium
01568000,29,complete,0.5658846497535706,-0.1040797233581543,0.6699643731117249,0.8253012048192772,383.4266662597656,True,True,True,02,40.32342,-77.16887,265.52,534.39,0.72827972735798,0.128510858031358,0.7062,humid,snow-influenced,medium
01568000,47,complete,0.575937032699585,-0.08486330509185791,0.6608003377914429,0.803395399780942,30.468833923339844,True,True,True,02,40.32342,-77.16887,265.52,534.39,0.72827972735798,0.128510858031358,0.7062,humid,snow-influenced,medium
01580000,11,complete,0.08292937278747559,-1.9262487888336182,2.0091781616210938,0.8428258488499453,36.78391647338867,True,False,True,02,39.62997,-76.40331,174.3,244.37,0.736437396011053,0.0816880923954386,0.4241,humid,low-snow,small
01580000,29,complete,0.02302253246307373,-3.8092994689941406,3.8323220014572144,0.9983570646221248,670.8197021484375,True,False,True,02,39.62997,-76.40331,174.3,244.37,0.736437396011053,0.0816880923954386,0.4241,humid,low-snow,small
01580000,47,complete,-0.03169131278991699,-4.0273237228393555,3.9956324100494385,0.744249726177437,88.14347839355469,True,False,True,02,39.62997,-76.40331,174.3,244.37,0.736437396011053,0.0816880923954386,0.4241,humid,low-snow,small
01583500,11,complete,-0.21815001964569092,-3.2632155418395996,3.0450655221939087,0.7782037239868566,53.008811950683594,True,False,True,02,39.51078,-76.6765,156.32,155.85,0.782586732679167,0.0807286497637625,0.5155,humid,low-snow,small
01583500,29,complete,-0.07605040073394775,-6.447803497314453,6.371753096580505,0.9186746987951807,405.3525695800781,True,False,True,02,39.51078,-76.6765,156.32,155.85,0.782586732679167,0.0807286497637625,0.5155,humid,low-snow,small
01583500,47,complete,-0.7956244945526123,-9.28486156463623,8.489237070083618,0.6481380065717415,81.68818664550781,True,False,True,02,39.51078,-76.6765,156.32,155.85,0.782586732679167,0.0807286497637625,0.5155,humid,low-snow,small
01586610,11,complete,-0.12164366245269775,-2.0031700134277344,1.8815263509750366,0.7784775465498357,27.949485778808594,True,False,True,02,39.45189,-76.95531,196.88,72.7,0.769836246481542,0.088413478566147,0.3247,humid,low-snow,small
01586610,29,complete,0.31102287769317627,-3.040482521057129,3.351505398750305,0.9520810514786419,533.30908203125,True,False,True,02,39.45189,-76.95531,196.88,72.7,0.769836246481542,0.088413478566147,0.3247,humid,low-snow,small
01586610,47,complete,-0.0771033763885498,-4.213016986846924,4.135913610458374,0.6404709748083242,81.99710083007812,True,False,True,02,39.45189,-76.95531,196.88,72.7,0.769836246481542,0.088413478566147,0.3247,humid,low-snow,small
01591400,11,complete,0.2308121919631958,-1.5890634059906006,1.8198755979537964,0.9123767798466593,54.5990104675293,True,False,True,02,39.25597,-77.05106,149.21,59.09,0.798788001151812,0.0838764227317032,0.3311,humid,low-snow,small
01591400,29,complete,0.20613235235214233,-1.8583886623382568,2.064521014690399,0.9934282584884995,665.663818359375,True,False,True,02,39.25597,-77.05106,149.21,59.09,0.798788001151812,0.0838764227317032,0.3311,humid,low-snow,small
01591400,47,complete,0.06192374229431152,-2.264763832092285,2.3266875743865967,0.6911281489594743,119.42827606201172,True,False,True,02,39.25597,-77.05106,149.21,59.09,0.798788001151812,0.0838764227317032,0.3311,humid,low-snow,small
01594950,11,complete,0.4582626223564148,0.2642882466316223,0.19397437572479248,0.9994523548740416,22.572927474975586,True,False,True,02,39.27669,-79.39031,899.82,6.12,0.625699983870776,0.189214297334908,0.9731,humid,snow-influenced,small
01594950,29,complete,0.48135435581207275,-0.1256333589553833,0.606987714767456,0.9989047097480832,348.2057189941406,True,False,True,02,39.27669,-79.39031,899.82,6.12,0.625699983870776,0.189214297334908,0.9731,humid,snow-influenced,small
01594950,47,complete,0.3966333270072937,-0.1387472152709961,0.5353805422782898,0.9893209200438116,43.84885025024414,True,False,True,02,39.27669,-79.39031,899.82,6.12,0.625699983870776,0.189214297334908,0.9731,humid,snow-influenced,small
01596500,11,complete,0.6728788018226624,0.3541162610054016,0.31876254081726074,0.9958926615553122,7.293093681335449,True,True,True,02,39.57006,-79.10194,663.42,124.65,0.735266198306452,0.188402157557544,0.8759,humid,snow-influenced,small
01596500,29,complete,0.6654795408248901,-0.2199263572692871,0.8854058980941772,0.9282584884994524,300.3601379394531,True,True,True,02,39.57006,-79.10194,663.42,124.65,0.735266198306452,0.188402157557544,0.8759,humid,snow-influenced,small
01596500,47,complete,0.6749159693717957,-0.053215861320495605,0.7281318306922913,0.9731653888280394,48.76182174682617,True,True,True,02,39.57006,-79.10194,663.42,124.65,0.735266198306452,0.188402157557544,0.8759,humid,snow-influenced,small
01605500,11,complete,-0.8066344261169434,-1.0137977600097656,0.20716333389282227,0.1692223439211391,2.8712689876556396,True,False,True,02,38.63567,-79.33782,856.86,463.85,0.784054676164488,0.137136101417764,0.9904,humid,snow-influenced,small
01605500,29,complete,-0.8341859579086304,-2.167050361633301,1.3328644037246704,0.5068455640744798,21.6303653717041,True,False,True,02,38.63567,-79.33782,856.86,463.85,0.784054676164488,0.137136101417764,0.9904,humid,snow-influenced,small
01605500,47,complete,-0.13640058040618896,-1.4469997882843018,1.3105992078781128,0.7144030668127054,10.273483276367188,True,False,True,02,38.63567,-79.33782,856.86,463.85,0.784054676164488,0.137136101417764,0.9904,humid,snow-influenced,small
01606500,11,complete,0.3354141116142273,-0.11537730693817139,0.4507914185523987,0.8570646221248631,6.3146538734436035,True,False,True,02,38.99122,-79.17587,836.38,1684.55,0.742997773725896,0.148750518921295,0.9336,humid,snow-influenced,medium
01606500,29,complete,0.1551104187965393,-1.4789984226226807,1.63410884141922,0.6678532311062432,61.66264724731445,True,False,True,02,38.99122,-79.17587,836.38,1684.55,0.742997773725896,0.148750518921295,0.9336,humid,snow-influenced,medium
01606500,47,complete,0.3144683241844177,-0.8207374811172485,1.1352058053016663,0.9222343921139102,10.34817123413086,True,False,True,02,38.99122,-79.17587,836.38,1684.55,0.742997773725896,0.148750518921295,0.9336,humid,snow-influenced,medium
01632000,11,complete,0.4724641442298889,-0.07505536079406738,0.5475195050239563,0.968236582694414,9.842205047607422,True,False,True,02,38.63706,-78.8528,543.76,543.36,0.869994138595365,0.110024870103334,0.708,humid,snow-influenced,medium
01632000,29,complete,0.4484013319015503,-1.1279582977294922,1.5763596296310425,0.9200438116100766,316.3303527832031,True,False,True,02,38.63706,-78.8528,543.76,543.36,0.869994138595365,0.110024870103334,0.708,humid,snow-influenced,medium
01632000,47,complete,0.4783991575241089,-0.919905424118042,1.3983045816421509,0.9816538882803943,83.25503540039062,True,False,True,02,38.63706,-78.8528,543.76,543.36,0.869994138595365,0.110024870103334,0.708,humid,snow-influenced,medium
01632900,11,complete,0.5552272796630859,0.3483842611312866,0.20684301853179932,0.5747535596933188,27.09514808654785,True,True,True,02,38.69345,-78.64279,417.29,245.05,0.891584987779941,0.0980763292373855,0.5837,humid,low-snow,small
01632900,29,complete,0.6077544689178467,-0.2386711835861206,0.8464256525039673,0.7981927710843374,38.145687103271484,True,True,True,02,38.69345,-78.64279,417.29,245.05,0.891584987779941,0.0980763292373855,0.5837,humid,low-snow,small
01632900,47,complete,0.540825366973877,-0.5851045846939087,1.1259299516677856,0.828039430449069,61.55228042602539,True,True,True,02,38.69345,-78.64279,417.29,245.05,0.891584987779941,0.0980763292373855,0.5837,humid,low-snow,small
01634500,11,complete,0.3543628454208374,-0.46719932556152344,0.8215621709823608,0.921960569550931,15.113682746887207,True,False,True,02,39.08122,-78.32945,344.44,263.98,0.847100213160832,0.114828393813144,0.7781,humid,snow-influenced,small
01634500,29,complete,0.38706260919570923,-1.8165366649627686,2.203599274158478,0.8042168674698795,244.086181640625,True,False,True,02,39.08122,-78.32945,344.44,263.98,0.847100213160832,0.114828393813144,0.7781,humid,snow-influenced,small
01634500,47,complete,0.469133198261261,-1.377668857574463,1.8468020558357239,0.9570098576122672,69.07450866699219,True,False,True,02,39.08122,-78.32945,344.44,263.98,0.847100213160832,0.114828393813144,0.7781,humid,snow-influenced,small
01638480,11,complete,0.299561083316803,-0.029047608375549316,0.3286086916923523,0.6694961664841182,120.05404663085938,True,False,True,02,39.25455,-77.57638,155.98,232.0,0.843032468874146,0.0845583823488279,0.4659,humid,low-snow,small
01638480,29,complete,0.35021132230758667,0.026237845420837402,0.32397347688674927,0.8811610076670318,449.5954895019531,True,False,True,02,39.25455,-77.57638,155.98,232.0,0.843032468874146,0.0845583823488279,0.4659,humid,low-snow,small
01638480,47,complete,0.4096810817718506,-0.9935420751571655,1.4032231569290161,0.6267798466593647,49.514305114746094,True,False,True,02,39.25455,-77.57638,155.98,232.0,0.843032468874146,0.0845583823488279,0.4659,humid,low-snow,small
01639500,11,complete,0.3370336890220642,-0.7849335670471191,1.1219672560691833,0.6114457831325302,19.287635803222656,True,False,True,02,39.61236,-77.23744,198.1,267.18,0.784134742605576,0.0961263501421113,0.1173,humid,low-snow,small
01639500,29,complete,0.283394992351532,-1.0795378684997559,1.3629328608512878,0.6733296823658269,69.43360137939453,True,False,True,02,39.61236,-77.23744,198.1,267.18,0.784134742605576,0.0961263501421113,0.1173,humid,low-snow,small
01639500,47,complete,-0.2714618444442749,-1.573901891708374,1.3024400472640991,0.9537239868565169,73.93958282470703,True,False,True,02,39.61236,-77.23744,198.1,267.18,0.784134742605576,0.0961263501421113,0.1173,humid,low-snow,small
01644000,11,complete,0.31222134828567505,-0.09099888801574707,0.4032202363014221,0.7620481927710844,116.1110610961914,True,False,True,02,39.01955,-77.57749,187.25,859.17,0.83919192636056,0.084351798741144,0.6186,humid,low-snow,medium
01644000,29,complete,0.46165168285369873,-0.041417479515075684,0.5030691623687744,0.8953997809419496,369.8059387207031,True,False,True,02,39.01955,-77.57749,187.25,859.17,0.83919192636056,0.084351798741144,0.6186,humid,low-snow,medium
01644000,47,complete,0.47148650884628296,-0.9617190361022949,1.4332055449485779,0.6193866374589266,64.37989807128906,True,False,True,02,39.01955,-77.57749,187.25,859.17,0.83919192636056,0.084351798741144,0.6186,humid,low-snow,medium
01664000,11,complete,0.4443816542625427,-0.318229079246521,0.7626107335090637,0.52026286966046,54.79496765136719,True,False,True,02,38.53068,-77.8136,216.1,1605.1,0.816761157468489,0.0827964257846037,0.7519,humid,low-snow,medium
01664000,29,complete,0.6592073440551758,-1.1070404052734375,1.7662477493286133,0.9044359255202629,280.2396545410156,True,True,True,02,38.53068,-77.8136,216.1,1605.1,0.816761157468489,0.0827964257846037,0.7519,humid,low-snow,medium
01664000,47,complete,0.5525941848754883,-0.8308670520782471,1.3834612369537354,0.9570098576122672,42.390281677246094,True,True,True,02,38.53068,-77.8136,216.1,1605.1,0.816761157468489,0.0827964257846037,0.7519,humid,low-snow,medium
01666500,11,complete,0.36351484060287476,-0.08041548728942871,0.44393032789230347,1.0,91.02615356445312,True,False,True,02,38.32513,-78.09556,201.59,463.15,0.830427923940219,0.0822553978033295,0.8137,humid,low-snow,small
01666500,29,complete,0.5353430509567261,-0.5983943939208984,1.1337374448776245,0.8250273822562979,303.9471740722656,True,True,True,02,38.32513,-78.09556,201.59,463.15,0.830427923940219,0.0822553978033295,0.8137,humid,low-snow,small
01666500,47,complete,0.4492592215538025,-0.7591567039489746,1.208415925502777,0.920591456736035,37.926265716552734,True,False,True,02,38.32513,-78.09556,201.59,463.15,0.830427923940219,0.0822553978033295,0.8137,humid,low-snow,small
01667500,11,complete,0.4310150146484375,-0.3086364269256592,0.7396514415740967,0.9991785323110625,87.01173400878906,True,False,True,02,38.35041,-77.975,193.47,1209.75,0.837958664027232,0.0788117934771709,0.8033,humid,low-snow,medium
01667500,29,complete,0.5770648717880249,-0.8022962808609009,1.3793611526489258,0.7697152245345017,165.92642211914062,True,True,True,02,38.35041,-77.975,193.47,1209.75,0.837958664027232,0.0788117934771709,0.8033,humid,low-snow,medium
01667500,47,complete,0.37786954641342163,-0.836519718170166,1.2143892645835876,0.6161007667031764,36.231746673583984,True,False,True,02,38.35041,-77.975,193.47,1209.75,0.837958664027232,0.0788117934771709,0.8033,humid,low-snow,medium
01669000,11,complete,0.45993155241012573,-2.71488881111145,3.174820363521576,0.9967141292442497,237.68411254882812,True,False,True,02,37.87708,-76.90052,42.94,71.84,0.83768415454556,0.0412059832430486,0.9098,humid,low-snow,small
01669000,29,complete,-0.9971400499343872,-5.279499053955078,4.282359004020691,1.0,167.6786651611328,True,False,True,02,37.87708,-76.90052,42.94,71.84,0.83768415454556,0.0412059832430486,0.9098,humid,low-snow,small
01669000,47,complete,0.019411802291870117,-5.129142761230469,5.148554563522339,0.9939759036144579,162.3240966796875,True,False,True,02,37.87708,-76.90052,42.94,71.84,0.83768415454556,0.0412059832430486,0.9098,humid,low-snow,small
01669520,11,complete,0.28210747241973877,-1.903367519378662,2.185474991798401,0.9964403066812705,226.08094787597656,True,False,True,02,37.63375,-76.69635,25.42,277.39,0.821882107515423,0.0368199149910729,0.9295,humid,low-snow,small
01669520,29,complete,-0.7399249076843262,-4.191623210906982,3.4516983032226562,1.0,236.18223571777344,True,False,True,02,37.63375,-76.69635,25.42,277.39,0.821882107515423,0.0368199149910729,0.9295,humid,low-snow,small
01669520,47,complete,-0.16015374660491943,-4.762338161468506,4.602184414863586,0.994249726177437,152.07167053222656,True,False,True,02,37.63375,-76.69635,25.42,277.39,0.821882107515423,0.0368199149910729,0.9295,humid,low-snow,small
02011400,11,complete,-0.11133027076721191,-0.7050400972366333,0.5937098264694214,0.3354326396495071,6.939224720001221,True,False,True,02,38.04235,-79.88144,783.86,407.72,0.773300582733942,0.129154721501962,0.9953,humid,snow-influenced,small
02011400,29,complete,-0.5601022243499756,-2.327500343322754,1.7673981189727783,0.541894852135816,35.27126693725586,True,False,True,02,38.04235,-79.88144,783.86,407.72,0.773300582733942,0.129154721501962,0.9953,humid,snow-influenced,small
02011400,47,complete,0.07291275262832642,-2.042752981185913,2.1156657338142395,0.8995071193866374,9.051567077636719,True,False,True,02,38.04235,-79.88144,783.86,407.72,0.773300582733942,0.129154721501962,0.9953,humid,snow-influenced,small
02013000,11,complete,0.559016227722168,0.17785096168518066,0.3811652660369873,0.9849397590361446,19.056772232055664,True,True,True,02,37.8029,-80.047,691.82,424.78,0.854849670874662,0.0979143372407574,0.9852,humid,low-snow,small
02013000,29,complete,0.5564038753509521,-0.9947261810302734,1.5511300563812256,0.9178532311062432,251.13682556152344,True,True,True,02,37.8029,-80.047,691.82,424.78,0.854849670874662,0.0979143372407574,0.9852,humid,low-snow,small
02013000,47,complete,0.58970046043396,-0.759894847869873,1.349595308303833,0.984118291347207,68.7816390991211,True,True,True,02,37.8029,-80.047,691.82,424.78,0.854849670874662,0.0979143372407574,0.9852,humid,low-snow,small
02014000,11,complete,0.5089008212089539,0.22283101081848145,0.2860698103904724,0.4690580503833516,23.039104461669922,True,True,True,02,37.72901,-80.04228,691.04,396.78,0.815640645940571,0.0978680841760858,0.9092,humid,low-snow,small
02014000,29,complete,0.5120524168014526,-1.1134932041168213,1.625545620918274,0.8956736035049289,246.4775390625,True,True,True,02,37.72901,-80.04228,691.04,396.78,0.815640645940571,0.0978680841760858,0.9092,humid,low-snow,small
02014000,47,complete,0.4973946809768677,-0.8381235599517822,1.33551824092865,0.9717962760131434,63.99818801879883,True,False,True,02,37.72901,-80.04228,691.04,396.78,0.815640645940571,0.0978680841760858,0.9092,humid,low-snow,small
02015700,11,complete,0.15175724029541016,-0.1171027421951294,0.26885998249053955,0.2946330777656079,2.8522374629974365,True,False,True,02,38.1954,-79.57032,753.52,285.41,0.794159061691014,0.128567248718796,0.9911,humid,snow-influenced,small
02015700,29,complete,0.1482066512107849,-0.425701379776001,0.5739080309867859,0.463855421686747,8.205345153808594,True,False,True,02,38.1954,-79.57032,753.52,285.41,0.794159061691014,0.128567248718796,0.9911,humid,snow-influenced,small
02015700,47,complete,0.4511792063713074,-0.2240912914276123,0.6752704977989197,0.8877327491785323,6.464085578918457,True,False,True,02,38.1954,-79.57032,753.52,285.41,0.794159061691014,0.128567248718796,0.9911,humid,snow-influenced,small
02016000,11,complete,0.4386606812477112,0.3775373697280884,0.0611233115196228,0.46139101861993426,13.725340843200684,True,False,True,02,37.7918,-79.75949,645.04,1194.55,0.818432908034564,0.102077363429123,0.9317,humid,snow-influenced,medium
02016000,29,complete,0.4832139015197754,-0.43469882011413574,0.9179127216339111,0.7472617743702081,129.68397521972656,True,False,True,02,37.7918,-79.75949,645.04,1194.55,0.818432908034564,0.102077363429123,0.9317,humid,snow-influenced,medium
02016000,47,complete,0.5028373003005981,-0.16359388828277588,0.666431188583374,0.9704271631982475,30.92881202697754,True,True,True,02,37.7918,-79.75949,645.04,1194.55,0.818432908034564,0.102077363429123,0.9317,humid,snow-influenced,medium
02017500,11,complete,0.5421899557113647,0.2277500033378601,0.31443995237350464,0.4197699890470975,23.392833709716797,True,True,True,02,37.50624,-80.10671,695.27,276.15,0.859102086896714,0.0901845265568014,0.9349,humid,low-snow,small
02017500,29,complete,0.486208438873291,-0.7523170709609985,1.2385255098342896,0.7154983570646222,125.95706939697266,True,False,True,02,37.50624,-80.10671,695.27,276.15,0.859102086896714,0.0901845265568014,0.9349,humid,low-snow,small
02017500,47,complete,0.5566256046295166,-0.6088283061981201,1.1654539108276367,0.7845016429353778,31.045379638671875,True,True,True,02,37.50624,-80.10671,695.27,276.15,0.859102086896714,0.0901845265568014,0.9349,humid,low-snow,small
02018000,11,complete,0.5239663124084473,0.3212171792984009,0.2027491331100464,0.4529025191675794,17.96091651916504,True,True,True,02,37.66596,-79.91144,648.68,852.34,0.857652049335285,0.0849686144296571,0.8857,humid,low-snow,medium
02018000,29,complete,0.4737357497215271,-0.7714765071868896,1.2452122569084167,0.8228368017524644,172.7737274169922,True,False,True,02,37.66596,-79.91144,648.68,852.34,0.857652049335285,0.0849686144296571,0.8857,humid,low-snow,medium
02018000,47,complete,0.5322264432907104,-0.47181451320648193,1.0040409564971924,0.9509857612267251,55.003135681152344,True,True,True,02,37.66596,-79.91144,648.68,852.34,0.857652049335285,0.0849686144296571,0.8857,humid,low-snow,medium
02027000,11,complete,0.5486665964126587,0.26960402727127075,0.27906256914138794,0.7970974808324206,30.751359939575195,True,True,True,02,37.71542,-78.98169,387.44,240.77,0.762651740364609,0.0904732223814793,0.9407,humid,low-snow,small
02027000,29,complete,0.4518733024597168,-0.2115461826324463,0.6634194850921631,0.6552573932092004,104.71843719482422,True,False,True,02,37.71542,-78.98169,387.44,240.77,0.762651740364609,0.0904732223814793,0.9407,humid,low-snow,small
02027000,47,complete,0.44490116834640503,-0.08915150165557861,0.5340526700019836,0.8168127053669222,26.277584075927734,True,False,True,02,37.71542,-78.98169,387.44,240.77,0.762651740364609,0.0904732223814793,0.9407,humid,low-snow,small
02027500,11,complete,0.36574918031692505,-0.16635632514953613,0.5321055054664612,0.5271084337349398,15.675955772399902,True,False,True,02,37.70236,-79.02752,350.53,123.34,0.720432416504928,0.100786018307687,0.9407,humid,snow-influenced,small
02027500,29,complete,0.10314655303955078,-1.131892204284668,1.2350387573242188,0.7026286966046003,121.4355239868164,True,False,True,02,37.70236,-79.02752,350.53,123.34,0.720432416504928,0.100786018307687,0.9407,humid,snow-influenced,small
02027500,47,complete,0.2714587450027466,-0.6435247659683228,0.9149835109710693,0.9003285870755751,81.3946762084961,True,False,True,02,37.70236,-79.02752,350.53,123.34,0.720432416504928,0.100786018307687,0.9407,humid,snow-influenced,small
02028500,11,complete,0.5813956260681152,0.2183559536933899,0.36303967237472534,0.5733844468784228,61.31713104248047,True,True,True,02,37.86959,-78.82335,377.48,245.45,0.780713214566435,0.0802569579048301,0.9644,humid,low-snow,small
02028500,29,complete,0.5769011974334717,-0.4927283525466919,1.0696295499801636,0.8365279299014239,401.3888244628906,True,True,True,02,37.86959,-78.82335,377.48,245.45,0.780713214566435,0.0802569579048301,0.9644,humid,low-snow,small
02028500,47,complete,0.5057611465454102,-0.621394157409668,1.1271553039550781,0.952354874041621,58.07754898071289,True,True,True,02,37.86959,-78.82335,377.48,245.45,0.780713214566435,0.0802569579048301,0.9644,humid,low-snow,small
02038850,11,complete,-0.1809682846069336,0.03927725553512573,-0.22024554014205933,1.0,329.2542419433594,True,False,False,02,37.41542,-78.63584,176.41,22.0,0.917397176800705,0.0655225978510027,0.93,humid,low-snow,small
02038850,29,complete,-0.1690976619720459,-0.7592589855194092,0.5901613235473633,1.0,1349.888427734375,True,False,True,02,37.41542,-78.63584,176.41,22.0,0.917397176800705,0.0655225978510027,0.93,humid,low-snow,small
02038850,47,complete,-0.012791633605957031,-0.9181152582168579,0.9053236246109009,0.9989047097480832,236.110107421875,True,False,True,02,37.41542,-78.63584,176.41,22.0,0.917397176800705,0.0655225978510027,0.93,humid,low-snow,small
02046000,11,complete,0.39566105604171753,0.07394051551818848,0.32172054052352905,0.8132530120481928,233.14268493652344,True,False,True,03,37.06709,-77.60249,86.64,288.52,0.840977572390861,0.0453728268084367,0.9359,humid,low-snow,small
02046000,29,complete,0.26070839166641235,-0.1490410566329956,0.40974944829940796,1.0,862.7216796875,True,False,True,03,37.06709,-77.60249,86.64,288.52,0.840977572390861,0.0453728268084367,0.9359,humid,low-snow,small
02046000,47,complete,0.45531290769577026,-0.39604508876800537,0.8513579964637756,0.9216867469879518,197.1678466796875,True,False,True,03,37.06709,-77.60249,86.64,288.52,0.840977572390861,0.0453728268084367,0.9359,humid,low-snow,small
02051500,11,complete,0.23304343223571777,-0.18813788890838623,0.421181321144104,1.0,376.75238037109375,True,False,True,03,36.71681,-77.83166,113.4,1428.71,0.933139045567573,0.0525514965704711,0.9081,humid,low-snow,medium
02051500,29,complete,-0.025588512420654297,-0.41485917568206787,0.3892706632614136,1.0,478.87139892578125,True,False,True,03,36.71681,-77.83166,113.4,1428.71,0.933139045567573,0.0525514965704711,0.9081,humid,low-snow,medium
02051500,47,complete,0.3702240586280823,-0.5094068050384521,0.8796308636665344,0.8836254107338445,132.256103515625,True,False,True,03,36.71681,-77.83166,113.4,1428.71,0.933139045567573,0.0525514965704711,0.9081,humid,low-snow,medium
02053200,11,complete,-1.5441689491271973,-4.366361141204834,2.8221921920776367,1.0,76.95135498046875,True,False,True,03,36.37083,-77.02556,25.28,583.66,0.838932113620677,0.0248316831845784,0.5848,humid,low-snow,medium
02053200,29,complete,-0.170373797416687,-4.167047500610352,3.9966737031936646,1.0,173.7787628173828,True,False,True,03,36.37083,-77.02556,25.28,583.66,0.838932113620677,0.0248316831845784,0.5848,humid,low-snow,medium
02053200,47,complete,-1.362682580947876,-8.753578186035156,7.39089560508728,0.9953450164293538,55.52932357788086,True,False,True,03,36.37083,-77.02556,25.28,583.66,0.838932113620677,0.0248316831845784,0.5848,humid,low-snow,medium
02053800,11,complete,0.24446707963943481,-0.5438339710235596,0.7883010506629944,1.0,117.7849349975586,True,False,True,03,37.14013,-80.26643,705.68,280.72,0.826339256900167,0.0938172550300136,0.8875,humid,low-snow,small
02053800,29,complete,0.418303906917572,-0.8714903593063354,1.2897942662239075,0.9197699890470975,497.12841796875,True,False,True,03,37.14013,-80.26643,705.68,280.72,0.826339256900167,0.0938172550300136,0.8875,humid,low-snow,small
02053800,47,complete,0.4024278521537781,-1.1893949508666992,1.5918228030204773,0.7163198247535597,47.09241485595703,True,False,True,03,37.14013,-80.26643,705.68,280.72,0.826339256900167,0.0938172550300136,0.8875,humid,low-snow,small
02055100,11,complete,0.3805697560310364,0.13927322626113892,0.24129652976989746,0.940854326396495,54.553165435791016,True,False,True,03,37.41763,-79.93532,399.99,30.54,0.871782559697856,0.0622119918873982,0.5089,humid,low-snow,small
02055100,29,complete,0.40225809812545776,-0.45326554775238037,0.8555236458778381,0.9945235487404163,55.16205978393555,True,False,True,03,37.41763,-79.93532,399.99,30.54,0.871782559697856,0.0622119918873982,0.5089,humid,low-snow,small
02055100,47,complete,0.2580258250236511,-0.5071283578872681,0.7651541829109192,0.9539978094194962,240.94114685058594,True,False,True,03,37.41763,-79.93532,399.99,30.54,0.871782559697856,0.0622119918873982,0.5089,humid,low-snow,small
02056900,11,complete,0.42278581857681274,0.061450421810150146,0.3613353967666626,0.8244797371303395,131.9110107421875,True,False,True,03,37.04514,-79.8442,423.07,298.11,0.850885666418803,0.0646059372808137,0.9121,humid,low-snow,small
02056900,29,complete,-0.2716367244720459,-0.7283487319946289,0.456712007522583,1.0,1112.8958740234375,True,False,True,03,37.04514,-79.8442,423.07,298.11,0.850885666418803,0.0646059372808137,0.9121,humid,low-snow,small
02056900,47,complete,0.28087395429611206,-0.9429553747177124,1.2238293290138245,0.8964950711938664,122.72383880615234,True,False,True,03,37.04514,-79.8442,423.07,298.11,0.850885666418803,0.0646059372808137,0.9121,humid,low-snow,small
02059500,11,complete,0.22526001930236816,-0.04338645935058594,0.2686464786529541,0.8863636363636364,254.422119140625,True,False,True,03,37.1732,-79.52031,319.14,485.41,1.03278563068892,0.0529389162953181,0.8421,water-limited,low-snow,small
02059500,29,complete,-0.19166648387908936,-0.49512815475463867,0.3034616708755493,1.0,927.2669677734375,True,False,True,03,37.1732,-79.52031,319.14,485.41,1.03278563068892,0.0529389162953181,0.8421,water-limited,low-snow,small
02059500,47,complete,0.3986316919326782,-1.0471270084381104,1.4457587003707886,0.835158817086528,140.51133728027344,True,False,True,03,37.1732,-79.52031,319.14,485.41,1.03278563068892,0.0529389162953181,0.8421,water-limited,low-snow,small
02064000,11,complete,-0.07033324241638184,-0.31301605701446533,0.2426828145980835,0.994249726177437,304.886962890625,True,False,True,03,37.12681,-78.95974,192.21,427.77,0.945386107745239,0.0606011692596163,0.909,humid,low-snow,small
02064000,29,complete,-0.169763445854187,0.01563084125518799,-0.185394287109375,0.9997261774370209,442.246337890625,True,False,False,03,37.12681,-78.95974,192.21,427.77,0.945386107745239,0.0606011692596163,0.909,humid,low-snow,small
02064000,47,complete,0.18164211511611938,-0.5389912128448486,0.720633327960968,0.9304490690032858,135.6713409423828,True,False,True,03,37.12681,-78.95974,192.21,427.77,0.945386107745239,0.0606011692596163,0.909,humid,low-snow,small
02065500,11,complete,-0.21161627769470215,-0.2607229948043823,0.049106717109680176,1.0,438.5002746582031,True,False,True,03,37.07931,-78.76362,170.09,252.58,1.17952007312905,0.0617139970732649,0.9058,water-limited,low-snow,small
02065500,29,complete,-0.08625388145446777,-0.035181641578674316,-0.05107223987579346,1.0,301.09173583984375,True,False,False,03,37.07931,-78.76362,170.09,252.58,1.17952007312905,0.0617139970732649,0.9058,water-limited,low-snow,small
02065500,47,complete,0.2812407612800598,-0.6203503608703613,0.9015911221504211,0.8704819277108434,117.01506042480469,True,False,True,03,37.07931,-78.76362,170.09,252.58,1.17952007312905,0.0617139970732649,0.9058,water-limited,low-snow,small
02069700,11,complete,0.3629409670829773,-0.5502138137817383,0.9131547808647156,0.8250273822562979,75.44268035888672,True,False,True,03,36.57097,-80.12949,372.62,221.13,0.771274830789032,0.0533951587612168,0.9644,humid,low-snow,small
02069700,29,complete,-0.18189740180969238,-1.925358772277832,1.7434613704681396,0.9967141292442497,593.65966796875,True,False,True,03,36.57097,-80.12949,372.62,221.13,0.771274830789032,0.0533951587612168,0.9644,humid,low-snow,small
02069700,47,complete,0.21419787406921387,-1.7837419509887695,1.9979398250579834,0.994249726177437,108.2789535522461,True,False,True,03,36.57097,-80.12949,372.62,221.13,0.771274830789032,0.0533951587612168,0.9644,humid,low-snow,small
02070000,11,complete,-0.13437104225158691,0.20366793870925903,-0.33803898096084595,0.9832968236582694,265.8315734863281,True,False,False,03,36.56819,-79.98726,308.66,270.61,1.13976222236601,0.0508621647943431,0.9642,water-limited,low-snow,small
02070000,29,complete,-0.2625584602355957,-1.1254451274871826,0.8628866672515869,1.0,1026.294921875,True,False,True,03,36.56819,-79.98726,308.66,270.61,1.13976222236601,0.0508621647943431,0.9642,water-limited,low-snow,small
02070000,47,complete,0.17482507228851318,-1.1530025005340576,1.3278275728225708,0.9507119386637459,164.3859100341797,True,False,True,03,36.56819,-79.98726,308.66,270.61,1.13976222236601,0.0508621647943431,0.9642,water-limited,low-snow,small
02074500,11,complete,0.05123776197433472,0.21567046642303467,-0.16443270444869995,0.9863088718510405,257.7087097167969,True,False,False,03,36.61958,-79.50419,223.3,288.53,1.04628781185798,0.0524690208413809,0.8579,water-limited,low-snow,small
02074500,29,complete,-0.2562551498413086,-0.217413067817688,-0.038842082023620605,1.0,824.5885620117188,True,False,False,03,36.61958,-79.50419,223.3,288.53,1.04628781185798,0.0524690208413809,0.8579,water-limited,low-snow,small
02074500,47,complete,0.18714004755020142,-0.19649064540863037,0.3836306929588318,0.9671412924424972,174.8976287841797,True,False,True,03,36.61958,-79.50419,223.3,288.53,1.04628781185798,0.0524690208413809,0.8579,water-limited,low-snow,small
02077200,11,complete,0.28080105781555176,0.054119884967803955,0.2266811728477478,0.4559145673603505,6.476954936981201,True,False,True,03,36.39778,-79.19667,194.0,121.69,0.872634286050719,0.0489889008542847,0.7114,humid,low-snow,small
02077200,29,complete,0.12276017665863037,0.009860455989837646,0.11289972066879272,0.9937020810514786,657.6241455078125,True,False,True,03,36.39778,-79.19667,194.0,121.69,0.872634286050719,0.0489889008542847,0.7114,humid,low-snow,small
02077200,47,complete,0.4614409804344177,-0.1589677333831787,0.6204087138175964,0.8211938663745892,134.04873657226562,True,False,True,03,36.39778,-79.19667,194.0,121.69,0.872634286050719,0.0489889008542847,0.7114,humid,low-snow,small
02081500,11,complete,0.37698858976364136,0.057514488697052,0.31947410106658936,0.7661555312157722,239.2389678955078,True,False,True,03,36.19417,-78.58306,132.21,428.37,0.854582086599984,0.0436247713972968,0.8481,humid,low-snow,small
02081500,29,complete,0.007587015628814697,-0.013996720314025879,0.021583735942840576,1.0,812.5800170898438,True,False,True,03,36.19417,-78.58306,132.21,428.37,0.854582086599984,0.0436247713972968,0.8481,humid,low-snow,small
02081500,47,complete,0.4051041007041931,-0.9426473379135132,1.3477514386177063,0.9238773274917853,157.0489959716797,True,False,True,03,36.19417,-78.58306,132.21,428.37,0.854582086599984,0.0436247713972968,0.8481,humid,low-snow,small
02082950,11,complete,0.20693063735961914,-1.3634090423583984,1.5703396797180176,1.0,443.6312561035156,True,False,True,03,36.18333,-77.87611,79.77,460.85,0.967803302924102,0.0329927432325966,0.7774,humid,low-snow,small
02082950,29,complete,0.08094948530197144,-3.5703935623168945,3.651343047618866,1.0,949.6898803710938,True,False,True,03,36.18333,-77.87611,79.77,460.85,0.967803302924102,0.0329927432325966,0.7774,humid,low-snow,small
02082950,47,complete,0.35533982515335083,-3.630600929260254,3.9859407544136047,0.9613910186199343,280.46551513671875,True,False,True,03,36.18333,-77.87611,79.77,460.85,0.967803302924102,0.0329927432325966,0.7774,humid,low-snow,small
02092500,11,complete,-0.6764158010482788,-2.3905372619628906,1.7141214609146118,1.0,43.048404693603516,True,False,True,03,35.06417,-77.46139,21.88,447.58,0.863859620045243,0.0120832517590196,0.7118,humid,low-snow,small
02092500,29,complete,-1.432030200958252,-2.098037004470825,0.6660068035125732,0.9997261774370209,20.283618927001953,True,False,True,03,35.06417,-77.46139,21.88,447.58,0.863859620045243,0.0120832517590196,0.7118,humid,low-snow,small
02092500,47,complete,-1.3873729705810547,-4.341696739196777,2.9543237686157227,0.9611171960569551,21.06888198852539,True,False,True,03,35.06417,-77.46139,21.88,447.58,0.863859620045243,0.0120832517590196,0.7118,humid,low-snow,small
02096846,11,complete,0.2758685350418091,-0.5724179744720459,0.848286509513855,0.9112814895947426,200.9413299560547,True,False,True,03,35.98722,-79.20611,182.85,19.57,0.953360167435634,0.0392525452032849,0.9156,humid,low-snow,small
02096846,29,complete,0.11084967851638794,-1.1799509525299072,1.2908006310462952,1.0,924.8381958007812,True,False,True,03,35.98722,-79.20611,182.85,19.57,0.953360167435634,0.0392525452032849,0.9156,humid,low-snow,small
02096846,47,complete,0.22709214687347412,-1.2351300716400146,1.4622222185134888,0.9953450164293538,214.04222106933594,True,False,True,03,35.98722,-79.20611,182.85,19.57,0.953360167435634,0.0392525452032849,0.9156,humid,low-snow,small
02102908,11,complete,-0.09517800807952881,-4.154139518737793,4.058961510658264,0.9564622124863089,213.86453247070312,True,False,True,03,35.18278,-79.1775,106.88,19.73,0.900045746889787,0.0235111757954398,0.6906,humid,low-snow,small
02102908,29,complete,-0.4945477247238159,-1.541360855102539,1.0468131303787231,1.0,37.26154708862305,True,False,True,03,35.18278,-79.1775,106.88,19.73,0.900045746889787,0.0235111757954398,0.6906,humid,low-snow,small
02102908,47,complete,-1.0774929523468018,-4.374719619750977,3.297226667404175,0.9986308871851041,25.818212509155273,True,False,True,03,35.18278,-79.1775,106.88,19.73,0.900045746889787,0.0235111757954398,0.6906,humid,low-snow,small
02108000,11,complete,-0.5405285358428955,-3.928860664367676,3.3883321285247803,0.9989047097480832,56.08671951293945,True,False,True,03,34.82889,-77.83222,31.61,1569.48,0.841870741382891,0.0092819261110396,0.4232,humid,low-snow,medium
02108000,29,complete,-0.10408902168273926,-3.233982563018799,3.1298935413360596,0.994249726177437,86.92488098144531,True,False,True,03,34.82889,-77.83222,31.61,1569.48,0.841870741382891,0.0092819261110396,0.4232,humid,low-snow,medium
02108000,47,complete,-0.656651496887207,-4.865518093109131,4.208866596221924,0.9860350492880613,21.389171600341797,True,False,True,03,34.82889,-77.83222,31.61,1569.48,0.841870741382891,0.0092819261110396,0.4232,humid,low-snow,medium
02111180,11,complete,0.6499199867248535,-0.390846848487854,1.0407668352127075,0.927710843373494,16.972307205200195,True,True,True,03,36.07139,-81.40306,551.06,131.47,0.732206984794584,0.0460568781002514,1.0,humid,low-snow,small
02111180,29,complete,0.41145628690719604,-1.3261313438415527,1.7375876307487488,0.9931544359255202,350.21539306640625,True,False,True,03,36.07139,-81.40306,551.06,131.47,0.732206984794584,0.0460568781002514,1.0,humid,low-snow,small
02111180,47,complete,0.45626842975616455,-0.47924113273620605,0.9355095624923706,0.971248630887185,58.25688171386719,True,False,True,03,36.07139,-81.40306,551.06,131.47,0.732206984794584,0.0460568781002514,1.0,humid,low-snow,small
02111500,11,complete,0.3332242965698242,-1.3342206478118896,1.6674449443817139,0.7029025191675794,75.46570587158203,True,False,True,03,36.175,-81.16889,454.02,233.66,0.821961649984469,0.0523692516718814,0.9831,humid,low-snow,small
02111500,29,complete,-0.08925914764404297,-6.382749080657959,6.293489933013916,0.9991785323110625,754.090087890625,True,False,True,03,36.175,-81.16889,454.02,233.66,0.821961649984469,0.0523692516718814,0.9831,humid,low-snow,small
02111500,47,complete,0.16344869136810303,-4.029292106628418,4.192740797996521,0.97973713033954,130.1212921142578,True,False,True,03,36.175,-81.16889,454.02,233.66,0.821961649984469,0.0523692516718814,0.9831,humid,low-snow,small
02112120,11,complete,0.2985319495201111,-1.2777678966522217,1.5762998461723328,0.5840635268346112,69.35926055908203,True,False,True,03,36.25028,-81.04444,460.03,322.27,0.786696230163691,0.0524049751607388,0.901,humid,low-snow,small
02112120,29,complete,-0.003607630729675293,-6.221350193023682,6.217742562294006,0.9627601314348302,580.5576782226562,True,False,True,03,36.25028,-81.04444,460.03,322.27,0.786696230163691,0.0524049751607388,0.901,humid,low-snow,small
02112120,47,complete,0.06999969482421875,-4.9663262367248535,5.036325931549072,0.9501642935377875,95.82854461669922,True,False,True,03,36.25028,-81.04444,460.03,322.27,0.786696230163691,0.0524049751607388,0.901,humid,low-snow,small
02112360,11,complete,0.1856907606124878,-1.1464030742645264,1.3320938348770142,0.5575027382256298,33.398921966552734,True,False,True,03,36.31139,-80.80722,405.86,205.3,0.831553240558369,0.0531136274470014,0.8821,humid,low-snow,small
02112360,29,complete,-0.1897791624069214,-5.664590358734131,5.4748111963272095,0.9986308871851041,823.8761596679688,True,False,True,03,36.31139,-80.80722,405.86,205.3,0.831553240558369,0.0531136274470014,0.8821,humid,low-snow,small
02112360,47,complete,0.05600470304489136,-2.65915584564209,2.715160548686981,0.9707009857612268,118.9976577758789,True,False,True,03,36.31139,-80.80722,405.86,205.3,0.831553240558369,0.0531136274470014,0.8821,humid,low-snow,small
02118500,11,complete,0.444364070892334,-0.10843968391418457,0.5528037548065186,0.864184008762322,161.7328338623047,True,False,True,03,36.00056,-80.74556,336.82,400.53,0.816058072432033,0.0413708350211441,0.7055,humid,low-snow,small
02118500,29,complete,-0.20987308025360107,-0.8813631534576416,0.6714900732040405,1.0,1382.649658203125,True,False,True,03,36.00056,-80.74556,336.82,400.53,0.816058072432033,0.0413708350211441,0.7055,humid,low-snow,small
02118500,47,complete,0.40449148416519165,-1.2878165245056152,1.6923080086708069,0.9616648411829135,177.10171508789062,True,False,True,03,36.00056,-80.74556,336.82,400.53,0.816058072432033,0.0413708350211441,0.7055,humid,low-snow,small
02125000,11,complete,0.17929953336715698,0.17488253116607666,0.004417002201080322,0.9663198247535597,135.8719482421875,True,False,True,03,35.33472,-80.33556,190.23,144.55,0.95210170252129,0.0247912331690011,0.3877,humid,low-snow,small
02125000,29,complete,0.40895456075668335,0.3300839066505432,0.07887065410614014,0.9956188389923329,120.80755615234375,True,False,True,03,35.33472,-80.33556,190.23,144.55,0.95210170252129,0.0247912331690011,0.3877,humid,low-snow,small
02125000,47,complete,0.5074317455291748,0.2552012801170349,0.2522304654121399,1.0,104.26303100585938,True,True,True,03,35.33472,-80.33556,190.23,144.55,0.95210170252129,0.0247912331690011,0.3877,humid,low-snow,small
02128000,11,complete,0.2959928512573242,-0.10176563262939453,0.39775848388671875,0.9038882803943045,148.10543823242188,True,False,True,03,35.38722,-79.83139,195.23,273.48,0.90650173149823,0.0256704433801346,0.8588,humid,low-snow,small
02128000,29,complete,0.05803865194320679,-0.32714521884918213,0.3851838707923889,1.0,861.818603515625,True,False,True,03,35.38722,-79.83139,195.23,273.48,0.90650173149823,0.0256704433801346,0.8588,humid,low-snow,small
02128000,47,complete,0.17981761693954468,-0.30211377143859863,0.4819313883781433,0.9980832420591457,221.39622497558594,True,False,True,03,35.38722,-79.83139,195.23,273.48,0.90650173149823,0.0256704433801346,0.8588,humid,low-snow,small
02137727,11,complete,0.7242934703826904,0.34214162826538086,0.38215184211730957,0.9430449069003286,42.411197662353516,True,True,True,03,35.68583,-82.06028,602.18,329.54,0.69481449122579,0.0405315310761795,0.9861,humid,low-snow,small
02137727,29,complete,0.7024624347686768,-0.21889984607696533,0.9213622808456421,0.9813800657174151,452.7405700683594,True,True,True,03,35.68583,-82.06028,602.18,329.54,0.69481449122579,0.0405315310761795,0.9861,humid,low-snow,small
02137727,47,complete,0.5304620265960693,-0.26272380352020264,0.793185830116272,0.9668674698795181,101.58992767333984,True,True,True,03,35.68583,-82.06028,602.18,329.54,0.69481449122579,0.0405315310761795,0.9861,humid,low-snow,small
02140991,11,complete,0.6097508072853088,0.39062970876693726,0.21912109851837158,0.8737677984665937,22.864774703979492,True,True,True,03,35.83361,-81.71194,529.42,521.99,0.742629963736516,0.0420384668349782,0.9821,humid,low-snow,medium
02140991,29,complete,0.5810308456420898,-0.3101154565811157,0.8911463022232056,0.975355969331873,366.3211669921875,True,True,True,03,35.83361,-81.71194,529.42,521.99,0.742629963736516,0.0420384668349782,0.9821,humid,low-snow,medium
02140991,47,complete,0.39765506982803345,-0.3141744136810303,0.7118294835090637,0.947973713033954,75.36793518066406,True,False,True,03,35.83361,-81.71194,529.42,521.99,0.742629963736516,0.0420384668349782,0.9821,humid,low-snow,medium
02143000,11,complete,0.5380274057388306,0.11197757720947266,0.4260498285293579,0.6738773274917853,123.82618713378906,True,True,True,03,35.68444,-81.40333,399.35,216.67,0.787593203002362,0.0313262156816952,0.6406,humid,low-snow,small
02143000,29,complete,0.4089874029159546,-1.0153484344482422,1.4243358373641968,1.0,1033.2510986328125,True,False,True,03,35.68444,-81.40333,399.35,216.67,0.787593203002362,0.0313262156816952,0.6406,humid,low-snow,small
02143000,47,complete,0.286118745803833,-0.7207897901535034,1.0069085359573364,0.9901423877327492,357.5442199707031,True,False,True,03,35.68444,-81.40333,399.35,216.67,0.787593203002362,0.0313262156816952,0.6406,humid,low-snow,small
02143040,11,complete,0.5737137198448181,0.41724085807800293,0.15647286176681519,0.8058598028477546,93.7769546508789,True,True,True,03,35.59069,-81.56704,411.33,66.48,0.694642345625586,0.0345610698452001,0.9465,humid,low-snow,small
02143040,29,complete,0.5323940515518188,-0.078055739402771,0.6104497909545898,0.9967141292442497,921.0708618164062,True,True,True,03,35.59069,-81.56704,411.33,66.48,0.694642345625586,0.0345610698452001,0.9465,humid,low-snow,small
02143040,47,complete,0.3500748872756958,0.04828876256942749,0.3017861247062683,0.9874041621029573,301.9100341796875,True,False,True,03,35.59069,-81.56704,411.33,66.48,0.694642345625586,0.0345610698452001,0.9465,humid,low-snow,small
02149000,11,complete,0.6382606029510498,-0.579824686050415,1.2180852890014648,0.8242059145673604,91.55779266357422,True,True,True,03,35.42345,-82.1115,403.91,203.85,0.78346569821652,0.029590457635321,0.9755,humid,low-snow,small
02149000,29,complete,0.4678162932395935,-2.750758171081543,3.2185744643211365,0.9956188389923329,710.6680908203125,True,False,True,03,35.42345,-82.1115,403.91,203.85,0.78346569821652,0.029590457635321,0.9755,humid,low-snow,small
02149000,47,complete,0.39784348011016846,-2.2659099102020264,2.663753390312195,0.9830230010952903,194.156982421875,True,False,True,03,35.42345,-82.1115,403.91,203.85,0.78346569821652,0.029590457635321,0.9755,humid,low-snow,small
02152100,11,complete,0.5016531944274902,0.24151474237442017,0.26013845205307007,0.7417853231106243,120.18743133544922,True,True,True,03,35.49306,-81.68222,414.31,154.99,0.824102823348621,0.0300807469143999,0.9009,humid,low-snow,small
02152100,29,complete,0.5612589120864868,-0.7209372520446777,1.2821961641311646,1.0,936.2493896484375,True,True,True,03,35.49306,-81.68222,414.31,154.99,0.824102823348621,0.0300807469143999,0.9009,humid,low-snow,small
02152100,47,complete,0.2310054898262024,-0.439355731010437,0.6703612208366394,0.9947973713033954,332.2945861816406,True,False,True,03,35.49306,-81.68222,414.31,154.99,0.824102823348621,0.0300807469143999,0.9009,humid,low-snow,small
02177000,11,complete,0.3487263321876526,-0.4762077331542969,0.8249340653419495,0.9616648411829135,21.208301544189453,True,False,True,03,34.81398,-83.30599,705.59,526.77,0.523147061580375,0.0267395574591906,0.9731,humid,low-snow,medium
02177000,29,complete,0.13792836666107178,-1.6383781433105469,1.7763065099716187,0.9359255202628697,205.37094116210938,True,False,True,03,34.81398,-83.30599,705.59,526.77,0.523147061580375,0.0267395574591906,0.9731,humid,low-snow,medium
02177000,47,complete,0.3100842237472534,-1.588108777999878,1.8981930017471313,0.9819277108433735,62.025638580322266,True,False,True,03,34.81398,-83.30599,705.59,526.77,0.523147061580375,0.0267395574591906,0.9731,humid,low-snow,medium
02178400,11,complete,0.3803556561470032,-0.4222615957260132,0.8026172518730164,0.9326396495071194,15.92309284210205,True,False,True,03,34.89037,-83.53044,797.91,151.28,0.539438246357037,0.033836252850455,0.9777,humid,low-snow,small
02178400,29,complete,0.35066622495651245,-0.9559600353240967,1.3066262602806091,0.8732201533406353,246.36862182617188,True,False,True,03,34.89037,-83.53044,797.91,151.28,0.539438246357037,0.033836252850455,0.9777,humid,low-snow,small
02178400,47,complete,0.2465696930885315,-1.7610633373260498,2.0076330304145813,0.9654983570646222,35.06287384033203,True,False,True,03,34.89037,-83.53044,797.91,151.28,0.539438246357037,0.033836252850455,0.9777,humid,low-snow,small
02193340,11,complete,-0.0036336183547973633,-0.32897353172302246,0.3253399133682251,0.9967141292442497,411.13470458984375,True,False,True,03,33.68263,-82.85792,167.93,87.87,0.923836752442295,0.0127448828346305,0.8688,humid,low-snow,small
02193340,29,complete,0.13198137283325195,-0.28189051151275635,0.4138718843460083,0.9972617743702081,630.0101928710938,True,False,True,03,33.68263,-82.85792,167.93,87.87,0.923836752442295,0.0127448828346305,0.8688,humid,low-snow,small
02193340,47,complete,0.20648455619812012,-0.6104720830917358,0.816956639289856,0.9750821467688937,199.25160217285156,True,False,True,03,33.68263,-82.85792,167.93,87.87,0.923836752442295,0.0127448828346305,0.8688,humid,low-snow,small
02196000,11,complete,0.2013300657272339,-0.4822648763656616,0.6835949420928955,0.9748083242059146,350.7962341308594,True,False,True,03,33.7293,-82.18179,142.19,1408.38,1.17487499603669,0.014697822503637,0.8727,water-limited,low-snow,medium
02196000,29,complete,0.33365315198898315,-2.8587770462036133,3.1924301981925964,1.0,699.7595825195312,True,False,True,03,33.7293,-82.18179,142.19,1408.38,1.17487499603669,0.014697822503637,0.8727,water-limited,low-snow,medium
02196000,47,complete,0.5084681510925293,-1.929511308670044,2.4379794597625732,0.910460021905805,175.17666625976562,True,True,True,03,33.7293,-82.18179,142.19,1408.38,1.17487499603669,0.014697822503637,0.8727,water-limited,low-snow,medium
02198100,11,complete,0.344077467918396,-1.9734697341918945,2.3175472021102905,0.9986308871851041,191.03594970703125,True,False,True,03,32.93766,-81.81539,83.45,79.49,1.08556291136719,0.0030935926215692,0.45,water-limited,low-snow,small
02198100,29,complete,-0.11853218078613281,-1.3786134719848633,1.2600812911987305,0.7866922234392114,49.840538024902344,True,False,True,03,32.93766,-81.81539,83.45,79.49,1.08556291136719,0.0030935926215692,0.45,water-limited,low-snow,small
02198100,47,complete,0.16652274131774902,-3.2941932678222656,3.4607160091400146,0.9939759036144579,68.01201629638672,True,False,True,03,32.93766,-81.81539,83.45,79.49,1.08556291136719,0.0030935926215692,0.45,water-limited,low-snow,small
02202600,11,complete,-0.07106256484985352,-5.666702747344971,5.595640182495117,1.0,148.2802734375,True,False,True,03,32.16798,-81.48817,34.93,590.47,0.947223343180927,0.000456804897604,0.6165,humid,low-snow,medium
02202600,29,complete,-2.968634605407715,-3.7892274856567383,0.8205928802490234,0.9978094194961665,8.205831527709961,True,False,True,03,32.16798,-81.48817,34.93,590.47,0.947223343180927,0.000456804897604,0.6165,humid,low-snow,medium
02202600,47,complete,-3.2545909881591797,-7.042840003967285,3.7882490158081055,0.9978094194961665,13.323386192321777,True,False,True,03,32.16798,-81.48817,34.93,590.47,0.947223343180927,0.000456804897604,0.6165,humid,low-snow,medium
02212600,11,complete,0.05710554122924805,0.06877750158309937,-0.011671960353851318,0.9926067907995619,483.251953125,True,False,False,03,33.09985,-83.72351,159.45,187.96,1.19152635666562,0.0090237999831922,0.927,water-limited,low-snow,small
02212600,29,complete,0.2271518111228943,-1.6680874824523926,1.8952392935752869,1.0,1105.2088623046875,True,False,True,03,33.09985,-83.72351,159.45,187.96,1.19152635666562,0.0090237999831922,0.927,water-limited,low-snow,small
02212600,47,complete,0.26929306983947754,-0.7664898633956909,1.0357829332351685,1.0,351.92169189453125,True,False,True,03,33.09985,-83.72351,159.45,187.96,1.19152635666562,0.0090237999831922,0.927,water-limited,low-snow,small
02215100,11,complete,0.30523574352264404,-0.6432458162307739,0.948481559753418,0.7349397590361446,44.548866271972656,True,False,True,03,32.23944,-83.50167,113.08,420.29,0.941659651451117,0.0010333057458655,0.1516,humid,low-snow,small
02215100,29,complete,0.1230512261390686,-0.6811933517456055,0.8042445778846741,0.8135268346111719,37.392826080322266,True,False,True,03,32.23944,-83.50167,113.08,420.29,0.941659651451117,0.0010333057458655,0.1516,humid,low-snow,small
02215100,47,complete,0.41971027851104736,-1.3230228424072266,1.742733120918274,0.7113910186199343,21.00209617614746,True,False,True,03,32.23944,-83.50167,113.08,420.29,0.941659651451117,0.0010333057458655,0.1516,humid,low-snow,small
02216180,11,complete,0.4436056613922119,-2.0254695415496826,2.4690752029418945,1.0,204.4993896484375,True,False,True,03,31.99139,-82.92194,83.53,129.11,0.935456888319936,0.000534865436369,0.4884,humid,low-snow,small
02216180,29,complete,0.0477147102355957,-1.1566216945648193,1.204336404800415,0.9975355969331873,85.32499694824219,True,False,True,03,31.99139,-82.92194,83.53,129.11,0.935456888319936,0.000534865436369,0.4884,humid,low-snow,small
02216180,47,complete,0.38377946615219116,-3.5859904289245605,3.9697698950767517,1.0,114.4322738647461,True,False,True,03,31.99139,-82.92194,83.53,129.11,0.935456888319936,0.000534865436369,0.4884,humid,low-snow,small
02221525,11,complete,0.21738946437835693,-0.724622368812561,0.942011833190918,0.9882256297918949,361.59259033203125,True,False,True,03,33.25236,-83.48128,176.01,490.8,0.935484660776579,0.0095385192188569,0.8252,humid,low-snow,small
02221525,29,complete,-0.16047537326812744,-3.9775633811950684,3.817088007926941,1.0,1331.9849853515625,True,False,True,03,33.25236,-83.48128,176.01,490.8,0.935484660776579,0.0095385192188569,0.8252,humid,low-snow,small
02221525,47,complete,0.25444507598876953,-2.9083945751190186,3.162839651107788,0.9964403066812705,274.8188171386719,True,False,True,03,33.25236,-83.48128,176.01,490.8,0.935484660776579,0.0095385192188569,0.8252,humid,low-snow,small
02231000,11,complete,-1.0888328552246094,-4.953385829925537,3.8645529747009277,1.0,98.03196716308594,True,False,True,03,30.35885,-82.0815,38.71,1748.37,0.915428139762131,0.0002359180653982,0.9529,humid,low-snow,medium
02231000,29,complete,-1.715836524963379,-3.7640933990478516,2.0482568740844727,1.0,19.123458862304688,True,False,True,03,30.35885,-82.0815,38.71,1748.37,0.915428139762131,0.0002359180653982,0.9529,humid,low-snow,medium
02231000,47,complete,-1.9805564880371094,-4.403712272644043,2.4231557846069336,1.0,10.534053802490234,True,False,True,03,30.35885,-82.0815,38.71,1748.37,0.915428139762131,0.0002359180653982,0.9529,humid,low-snow,medium
02245500,11,complete,-0.14656388759613037,-3.241776943206787,3.0952130556106567,1.0,111.10399627685547,True,False,True,03,29.97941,-81.85204,41.45,348.43,1.01443871182188,0.0004366285424588,0.8235,water-limited,low-snow,small
02245500,29,complete,-1.0350768566131592,-2.684720039367676,1.6496431827545166,1.0,21.006057739257812,True,False,True,03,29.97941,-81.85204,41.45,348.43,1.01443871182188,0.0004366285424588,0.8235,water-limited,low-snow,small
02245500,47,complete,-0.37812018394470215,-3.428227424621582,3.05010724067688,1.0,16.35548973083496,True,False,True,03,29.97941,-81.85204,41.45,348.43,1.01443871182188,0.0004366285424588,0.8235,water-limited,low-snow,small
02246000,11,complete,0.07744228839874268,-2.63531231880188,2.7127546072006226,1.0,143.9789276123047,True,False,True,03,30.1133,-81.90649,34.57,451.06,0.887561340128634,0.0003326922230974,0.8293,humid,low-snow,small
02246000,29,complete,-0.6312789916992188,-1.4183447360992432,0.7870657444000244,1.0,16.584054946899414,True,False,True,03,30.1133,-81.90649,34.57,451.06,0.887561340128634,0.0003326922230974,0.8293,humid,low-snow,small
02246000,47,complete,-0.28094005584716797,-2.741250991821289,2.460310935974121,1.0,12.564661026000977,True,False,True,03,30.1133,-81.90649,34.57,451.06,0.887561340128634,0.0003326922230974,0.8293,humid,low-snow,small
02296500,11,complete,-1.7238755226135254,-7.093993186950684,5.370117664337158,1.0,106.85319519042969,True,False,True,03,27.37504,-81.79647,31.23,886.4,0.953196371846661,0.0,0.1676,humid,low-snow,medium
02296500,29,complete,-4.383375644683838,-5.7091217041015625,1.3257460594177246,1.0,9.690925598144531,True,False,True,03,27.37504,-81.79647,31.23,886.4,0.953196371846661,0.0,0.1676,humid,low-snow,medium
02296500,47,complete,-4.355166912078857,-6.714629650115967,2.3594627380371094,1.0,11.11515998840332,True,False,True,03,27.37504,-81.79647,31.23,886.4,0.953196371846661,0.0,0.1676,humid,low-snow,medium
02297155,11,complete,-1.0319502353668213,-5.974061965942383,4.9421117305755615,1.0,135.3242950439453,True,False,True,03,27.48726,-82.02342,35.51,93.6,0.974566036121598,0.0,0.1264,humid,low-snow,small
02297155,29,complete,-3.8699092864990234,-8.241727828979492,4.371818542480469,1.0,20.011667251586914,True,False,True,03,27.48726,-82.02342,35.51,93.6,0.974566036121598,0.0,0.1264,humid,low-snow,small
02297155,47,complete,-2.0946426391601562,-6.494691371917725,4.400048732757568,1.0,17.68831443786621,True,False,True,03,27.48726,-82.02342,35.51,93.6,0.974566036121598,0.0,0.1264,humid,low-snow,small
02297310,11,complete,0.17692464590072632,-3.1285300254821777,3.305454671382904,1.0,286.6146545410156,True,False,True,03,27.19949,-81.98842,25.71,528.38,1.0523848479903,0.0,0.1446,water-limited,low-snow,medium
02297310,29,complete,-1.6396148204803467,-5.393058776855469,3.753443956375122,1.0,37.6883544921875,True,False,True,03,27.19949,-81.98842,25.71,528.38,1.0523848479903,0.0,0.1446,water-limited,low-snow,medium
02297310,47,complete,-1.3018438816070557,-3.901036262512207,2.5991923809051514,1.0,15.71899700164795,True,False,True,03,27.19949,-81.98842,25.71,528.38,1.0523848479903,0.0,0.1446,water-limited,low-snow,medium
02298123,11,complete,-4.284163475036621,-8.13843059539795,3.854267120361328,1.0,11.358061790466309,True,False,True,03,27.052,-81.78453,21.75,540.65,0.956880908671743,0.0,0.1369,humid,low-snow,medium
02298123,29,complete,-4.501314163208008,-8.676681518554688,4.17536735534668,1.0,18.99264144897461,True,False,True,03,27.052,-81.78453,21.75,540.65,0.956880908671743,0.0,0.1369,humid,low-snow,medium
02298123,47,complete,-6.764915943145752,-7.676763534545898,0.9118475914001465,1.0,10.842100143432617,True,False,True,03,27.052,-81.78453,21.75,540.65,0.956880908671743,0.0,0.1369,humid,low-snow,medium
02298608,11,complete,0.07821613550186157,-1.4293992519378662,1.5076153874397278,1.0,101.84840393066406,True,False,True,03,27.34366,-82.15676,22.79,312.34,0.929740051492206,0.0,0.0756,humid,low-snow,small
02298608,29,complete,-0.7930058240890503,-1.6589019298553467,0.8658961057662964,1.0,13.381400108337402,True,False,True,03,27.34366,-82.15676,22.79,312.34,0.929740051492206,0.0,0.0756,humid,low-snow,small
02298608,47,complete,-0.25210392475128174,-1.0920655727386475,0.8399616479873657,1.0,15.393159866333008,True,False,True,03,27.34366,-82.15676,22.79,312.34,0.929740051492206,0.0,0.0756,humid,low-snow,small
02299950,11,complete,0.5706695318222046,-0.2991609573364258,0.8698304891586304,1.0,114.68527221679688,True,True,True,03,27.47365,-82.2112,33.67,174.27,0.888950523437675,0.0,0.0572,humid,low-snow,small
02299950,29,complete,-0.11362648010253906,-0.8313165903091431,0.717690110206604,1.0,14.927837371826172,True,False,True,03,27.47365,-82.2112,33.67,174.27,0.888950523437675,0.0,0.0572,humid,low-snow,small
02299950,47,complete,0.3624534606933594,-0.30944132804870605,0.6718947887420654,1.0,18.049083709716797,True,False,True,03,27.47365,-82.2112,33.67,174.27,0.888950523437675,0.0,0.0572,humid,low-snow,small
02342933,11,complete,0.361081600189209,0.005022168159484863,0.3560594320297241,0.9849397590361446,428.9722595214844,True,False,True,03,32.01766,-85.29577,127.7,290.1,0.858570535511784,0.0027962712555372,0.9083,humid,low-snow,small
02342933,29,complete,0.24559730291366577,-0.07646393775939941,0.3220612406730652,0.982749178532311,303.39642333984375,True,False,True,03,32.01766,-85.29577,127.7,290.1,0.858570535511784,0.0027962712555372,0.9083,humid,low-snow,small
02342933,47,complete,0.2635921835899353,-0.33352065086364746,0.5971128344535828,0.9978094194961665,197.31251525878906,True,False,True,03,32.01766,-85.29577,127.7,290.1,0.858570535511784,0.0027962712555372,0.9083,humid,low-snow,small
02349900,11,complete,0.263522207736969,-0.981489896774292,1.245012104511261,0.98986856516977,30.372222900390625,True,False,True,03,32.19556,-83.90222,116.19,122.87,0.930871960714825,0.0010817469729248,0.0989,humid,low-snow,small
02349900,29,complete,0.01083463430404663,-1.1648590564727783,1.175693690776825,0.8754107338444688,42.72373580932617,True,False,True,03,32.19556,-83.90222,116.19,122.87,0.930871960714825,0.0010817469729248,0.0989,humid,low-snow,small
02349900,47,complete,0.08266854286193848,-2.435967206954956,2.5186357498168945,0.7683461117196057,36.56733322143555,True,False,True,03,32.19556,-83.90222,116.19,122.87,0.930871960714825,0.0010817469729248,0.0989,humid,low-snow,small
02350900,11,complete,0.065132737159729,-5.138858318328857,5.203991055488586,0.9994523548740416,195.67819213867188,True,False,True,03,31.76444,-84.25333,139.77,1365.12,0.868162800968536,0.001767717746493,0.3941,humid,low-snow,medium
02350900,29,complete,0.006165981292724609,-3.4505090713500977,3.4566750526428223,0.9950711938663745,185.03231811523438,True,False,True,03,31.76444,-84.25333,139.77,1365.12,0.868162800968536,0.001767717746493,0.3941,humid,low-snow,medium
02350900,47,complete,-0.08925116062164307,-5.4276604652404785,5.3384093046188354,0.9989047097480832,89.70445251464844,True,False,True,03,31.76444,-84.25333,139.77,1365.12,0.868162800968536,0.001767717746493,0.3941,humid,low-snow,medium
02361000,11,complete,0.697683572769165,-1.0449800491333008,1.7426636219024658,0.9761774370208105,267.0212707519531,True,True,True,03,31.34295,-85.61049,117.14,1781.61,0.831366316772442,0.0015124422847458,0.4408,humid,low-snow,medium
02361000,29,complete,0.5513590574264526,-1.0100953578948975,1.56145441532135,0.9550930996714129,124.51600646972656,True,True,True,03,31.34295,-85.61049,117.14,1781.61,0.831366316772442,0.0015124422847458,0.4408,humid,low-snow,medium
02361000,47,complete,0.7616531848907471,-1.5974540710449219,2.359107255935669,1.0,210.88563537597656,True,True,True,03,31.34295,-85.61049,117.14,1781.61,0.831366316772442,0.0015124422847458,0.4408,humid,low-snow,medium
02369800,11,complete,0.34846317768096924,-1.9941020011901855,2.342565178871155,0.9457831325301205,164.87353515625,True,False,True,03,31.02768,-86.70996,72.29,227.51,0.804666016945687,0.0008723526438152,0.9643,humid,low-snow,small
02369800,29,complete,-0.3319758176803589,-2.8817665576934814,2.5497907400131226,1.0,128.2728271484375,True,False,True,03,31.02768,-86.70996,72.29,227.51,0.804666016945687,0.0008723526438152,0.9643,humid,low-snow,small
02369800,47,complete,-0.25125551223754883,-3.619088649749756,3.367833137512207,0.9874041621029573,97.40686798095703,True,False,True,03,31.02768,-86.70996,72.29,227.51,0.804666016945687,0.0008723526438152,0.9643,humid,low-snow,small
02371500,11,complete,0.3671666383743286,-1.6178016662597656,1.9849683046340942,1.0,152.13775634765625,True,False,True,03,31.5735,-86.25162,125.86,1292.79,0.792845349065351,0.0040171402581935,0.6862,humid,low-snow,medium
02371500,29,complete,0.6606765985488892,-1.6147522926330566,2.275428891181946,0.9991785323110625,344.67236328125,True,True,True,03,31.5735,-86.25162,125.86,1292.79,0.792845349065351,0.0040171402581935,0.6862,humid,low-snow,medium
02371500,47,complete,0.4725550413131714,-2.76430082321167,3.2368558645248413,0.9994523548740416,110.61773681640625,True,False,True,03,31.5735,-86.25162,125.86,1292.79,0.792845349065351,0.0040171402581935,0.6862,humid,low-snow,medium
02372250,11,complete,0.5106077790260315,-1.0075829029083252,1.5181906819343567,1.0,174.70623779296875,True,True,True,03,31.59627,-86.40552,122.94,1145.22,0.789447046689535,0.0034759991435446,0.7608,humid,low-snow,medium
02372250,29,complete,0.6306619048118591,-1.0075271129608154,1.6381890177726746,0.9950711938663745,259.541748046875,True,True,True,03,31.59627,-86.40552,122.94,1145.22,0.789447046689535,0.0034759991435446,0.7608,humid,low-snow,medium
02372250,47,complete,0.690779983997345,-1.5305352210998535,2.2213152050971985,0.9997261774370209,102.25270080566406,True,True,True,03,31.59627,-86.40552,122.94,1145.22,0.789447046689535,0.0034759991435446,0.7608,humid,low-snow,medium
02374500,11,complete,0.26675552129745483,-0.8085083961486816,1.0752639174461365,0.9849397590361446,502.1280822753906,True,False,True,03,31.4185,-86.98664,109.86,445.72,0.984017506392218,0.0030425564536237,0.949,humid,low-snow,small
02374500,29,complete,0.2624702453613281,-1.411083459854126,1.673553705215454,0.8406352683461117,101.11809539794922,True,False,True,03,31.4185,-86.98664,109.86,445.72,0.984017506392218,0.0030425564536237,0.949,humid,low-snow,small
02374500,47,complete,0.3627816438674927,-1.784153699874878,2.1469353437423706,0.9846659364731654,35.84872055053711,True,False,True,03,31.4185,-86.98664,109.86,445.72,0.984017506392218,0.0030425564536237,0.949,humid,low-snow,small
02381600,11,complete,-0.8241250514984131,-1.740952968597412,0.916827917098999,0.9058050383351588,12.209850311279297,True,False,True,03,34.57037,-84.46882,512.02,10.32,0.705656462845556,0.0166377865167783,0.933,humid,low-snow,small
02381600,29,complete,-0.247056245803833,-2.0901968479156494,1.8431406021118164,0.8710295728368017,328.3857116699219,True,False,True,03,34.57037,-84.46882,512.02,10.32,0.705656462845556,0.0166377865167783,0.933,humid,low-snow,small
02381600,47,complete,0.06788992881774902,-2.3522214889526367,2.4201114177703857,0.9991785323110625,192.03431701660156,True,False,True,03,34.57037,-84.46882,512.02,10.32,0.705656462845556,0.0166377865167783,0.933,humid,low-snow,small
02384540,11,complete,0.4603844881057739,0.19064444303512573,0.2697400450706482,0.8740416210295728,59.56011962890625,True,False,True,03,34.87202,-84.72133,499.46,21.37,0.565300162954493,0.0316827871052048,0.96,humid,low-snow,small
02384540,29,complete,0.5457862615585327,-0.37593507766723633,0.921721339225769,1.0,486.45904541015625,True,True,True,03,34.87202,-84.72133,499.46,21.37,0.565300162954493,0.0316827871052048,0.96,humid,low-snow,small
02384540,47,complete,0.43622416257858276,-0.4765676259994507,0.9127917885780334,1.0,181.48468017578125,True,False,True,03,34.87202,-84.72133,499.46,21.37,0.565300162954493,0.0316827871052048,0.96,humid,low-snow,small
02395120,11,complete,0.48354971408843994,-0.23534417152404785,0.7188938856124878,0.8948521358159912,181.19613647460938,True,False,True,03,34.24278,-84.88972,250.6,84.01,0.785075243893055,0.0124894104226604,0.7132,humid,low-snow,small
02395120,29,complete,0.5461251735687256,-0.47317826747894287,1.0193034410476685,0.9808324205914567,143.35186767578125,True,True,True,03,34.24278,-84.88972,250.6,84.01,0.785075243893055,0.0124894104226604,0.7132,humid,low-snow,small
02395120,47,complete,0.559984564781189,-1.0127437114715576,1.5727282762527466,1.0,132.34010314941406,True,True,True,03,34.24278,-84.88972,250.6,84.01,0.785075243893055,0.0124894104226604,0.7132,humid,low-snow,small
02415000,11,complete,0.5296496152877808,0.026226580142974854,0.5034230351448059,0.6221248630887185,84.07765197753906,True,True,True,03,33.06679,-85.87913,270.56,491.38,0.739950416453852,0.0124691410953683,0.9106,humid,low-snow,small
02415000,29,complete,0.6535786986351013,-0.7092493772506714,1.3628280758857727,0.9945235487404163,779.8645629882812,True,True,True,03,33.06679,-85.87913,270.56,491.38,0.739950416453852,0.0124691410953683,0.9106,humid,low-snow,small
02415000,47,complete,0.7341169118881226,-0.862902045249939,1.5970189571380615,0.8600766703176341,215.10504150390625,True,True,True,03,33.06679,-85.87913,270.56,491.38,0.739950416453852,0.0124691410953683,0.9106,humid,low-snow,small
02427250,11,complete,0.5296566486358643,0.618741512298584,-0.08908486366271973,0.8420043811610076,357.81488037109375,True,True,False,03,31.99626,-87.06832,102.61,675.24,0.982234134046432,0.0031810787432098,0.9336,humid,low-snow,medium
02427250,29,complete,0.25574392080307007,0.09311109781265259,0.16263282299041748,0.9986308871851041,756.4500732421875,True,False,True,03,31.99626,-87.06832,102.61,675.24,0.982234134046432,0.0031810787432098,0.9336,humid,low-snow,medium
02427250,47,complete,0.6296836137771606,0.016048729419708252,0.6136348843574524,0.9953450164293538,220.28958129882812,True,True,True,03,31.99626,-87.06832,102.61,675.24,0.982234134046432,0.0031810787432098,0.9336,humid,low-snow,medium
02430085,11,complete,0.3393179178237915,-0.7347617149353027,1.0740796327590942,0.7825848849945235,271.72021484375,True,False,True,03,34.46667,-88.28361,150.01,40.56,0.696297071183836,0.0126767241295668,0.8644,humid,low-snow,small
02430085,29,complete,0.4682624936103821,-0.5201504230499268,0.9884129166603088,0.9865826944140197,510.7359924316406,True,False,True,03,34.46667,-88.28361,150.01,40.56,0.696297071183836,0.0126767241295668,0.8644,humid,low-snow,small
02430085,47,complete,0.39290136098861694,-1.0082266330718994,1.4011279940605164,0.9767250821467689,236.48854064941406,True,False,True,03,34.46667,-88.28361,150.01,40.56,0.696297071183836,0.0126767241295668,0.8644,humid,low-snow,small
02450250,11,complete,0.3589692711830139,0.1771901249885559,0.181779146194458,0.9288061336254108,4.85499906539917,True,False,True,03,34.28538,-87.39891,254.92,231.83,0.694829563640326,0.0142864105715527,0.8413,humid,low-snow,small
02450250,29,complete,0.4026370644569397,-0.1059122085571289,0.5085492730140686,0.872946330777656,87.42230224609375,True,False,True,03,34.28538,-87.39891,254.92,231.83,0.694829563640326,0.0142864105715527,0.8413,humid,low-snow,small
02450250,47,complete,0.5731163024902344,0.12703466415405273,0.44608163833618164,1.0,58.82540512084961,True,True,True,03,34.28538,-87.39891,254.92,231.83,0.694829563640326,0.0142864105715527,0.8413,humid,low-snow,small
02464000,11,complete,0.46111857891082764,0.19013172388076782,0.2709868550300598,0.8288608981380066,61.262794494628906,True,False,True,03,33.47928,-87.59723,143.69,578.94,0.702758861003255,0.011217518412828,0.9846,humid,low-snow,medium
02464000,29,complete,0.6331987977027893,-0.006170749664306641,0.639369547367096,0.96960569550931,476.9631652832031,True,True,True,03,33.47928,-87.59723,143.69,578.94,0.702758861003255,0.011217518412828,0.9846,humid,low-snow,medium
02464000,47,complete,0.7023894786834717,-0.07189226150512695,0.7742817401885986,0.9748083242059146,164.33297729492188,True,True,True,03,33.47928,-87.59723,143.69,578.94,0.702758861003255,0.011217518412828,0.9846,humid,low-snow,medium
02464360,11,complete,0.2854520082473755,-0.3520292043685913,0.6374812126159668,0.9222343921139102,585.5585327148438,True,False,True,03,33.42484,-87.64251,114.12,148.62,0.771616097102115,0.0095365763059721,0.9717,humid,low-snow,small
02464360,29,complete,0.6023404598236084,-0.3802746534347534,0.9826151132583618,0.9433187294633077,410.9111328125,True,True,True,03,33.42484,-87.64251,114.12,148.62,0.771616097102115,0.0095365763059721,0.9717,humid,low-snow,small
02464360,47,complete,0.5882519483566284,-1.0155258178710938,1.6037777662277222,0.9715224534501643,239.9281768798828,True,True,True,03,33.42484,-87.64251,114.12,148.62,0.771616097102115,0.0095365763059721,0.9717,humid,low-snow,small
02465493,11,complete,0.27109724283218384,-3.0244593620300293,3.295556604862213,0.8962212486308871,380.96685791015625,True,False,True,03,32.99735,-87.62223,101.5,83.42,0.887814309233857,0.0073106547528566,0.8617,humid,low-snow,small
02465493,29,complete,0.360592782497406,-3.6649465560913086,4.025539338588715,0.9912376779846659,455.9994812011719,True,False,True,03,32.99735,-87.62223,101.5,83.42,0.887814309233857,0.0073106547528566,0.8617,humid,low-snow,small
02465493,47,complete,0.35423070192337036,-4.016022205352783,4.370252907276154,0.9868565169769989,267.9212646484375,True,False,True,03,32.99735,-87.62223,101.5,83.42,0.887814309233857,0.0073106547528566,0.8617,humid,low-snow,small
02469800,11,complete,0.49571144580841064,0.11039954423904419,0.38531190156936646,0.9438663745892661,484.73419189453125,True,False,True,03,31.74432,-88.02251,78.13,422.68,0.801481745135746,0.003171649398055,0.9839,humid,low-snow,small
02469800,29,complete,0.6595185995101929,-0.14661026000976562,0.8061288595199585,0.9917853231106243,476.67034912109375,True,True,True,03,31.74432,-88.02251,78.13,422.68,0.801481745135746,0.003171649398055,0.9839,humid,low-snow,small
02469800,47,complete,0.6116172075271606,-0.48084747791290283,1.0924646854400635,0.9923329682365827,224.8396759033203,True,True,True,03,31.74432,-88.02251,78.13,422.68,0.801481745135746,0.003171649398055,0.9839,humid,low-snow,small
02472000,11,complete,0.7434073686599731,-0.03623950481414795,0.7796468734741211,1.0,314.07196044921875,True,True,True,03,31.70694,-89.40694,123.24,1927.13,0.761749694589318,0.0060147222598053,0.6696,humid,low-snow,medium
02472000,29,complete,0.46815186738967896,-0.9782501459121704,1.4464020133018494,0.9994523548740416,562.74560546875,True,False,True,03,31.70694,-89.40694,123.24,1927.13,0.761749694589318,0.0060147222598053,0.6696,humid,low-snow,medium
02472000,47,complete,0.4206876754760742,-1.2792181968688965,1.6999058723449707,1.0,124.41117095947266,True,False,True,03,31.70694,-89.40694,123.24,1927.13,0.761749694589318,0.0060147222598053,0.6696,humid,low-snow,medium
02472500,11,complete,0.48775190114974976,-1.0259504318237305,1.5137023329734802,1.0,192.2928466796875,True,False,True,03,31.42583,-89.41472,113.73,789.94,0.850170523970908,0.002454389871356,0.5865,humid,low-snow,medium
02472500,29,complete,0.45403772592544556,-2.265695095062256,2.7197328209877014,1.0,394.2445068359375,True,False,True,03,31.42583,-89.41472,113.73,789.94,0.850170523970908,0.002454389871356,0.5865,humid,low-snow,medium
02472500,47,complete,0.06285744905471802,-3.1506452560424805,3.2135027050971985,1.0,87.9369888305664,True,False,True,03,31.42583,-89.41472,113.73,789.94,0.850170523970908,0.002454389871356,0.5865,humid,low-snow,medium
02479155,11,complete,0.6471976041793823,-0.034276485443115234,0.6814740896224976,1.0,168.5828857421875,True,True,True,03,31.02528,-89.01667,70.21,137.28,0.722636760760893,0.0018026132328254,0.9355,humid,low-snow,small
02479155,29,complete,0.5881763100624084,-0.001155853271484375,0.5893321633338928,0.9991785323110625,83.09524536132812,True,True,True,03,31.02528,-89.01667,70.21,137.28,0.722636760760893,0.0018026132328254,0.9355,humid,low-snow,small
02479155,47,complete,0.6693816781044006,-0.4277576208114624,1.097139298915863,1.0,68.88118743896484,True,True,True,03,31.02528,-89.01667,70.21,137.28,0.722636760760893,0.0018026132328254,0.9355,humid,low-snow,small
02479300,11,complete,0.3284032940864563,-1.10141921043396,1.4298225045204163,0.9518072289156626,136.57904052734375,True,False,True,03,30.73611,-88.78111,65.19,1144.2,0.695672783490976,0.0007412865485982,0.8895,humid,low-snow,medium
02479300,29,complete,0.15449368953704834,-2.052637815475464,2.207131505012512,1.0,366.3450012207031,True,False,True,03,30.73611,-88.78111,65.19,1144.2,0.695672783490976,0.0007412865485982,0.8895,humid,low-snow,medium
02479300,47,complete,-0.3297717571258545,-2.910729169845581,2.5809574127197266,0.9879518072289156,52.097503662109375,True,False,True,03,30.73611,-88.78111,65.19,1144.2,0.695672783490976,0.0007412865485982,0.8895,humid,low-snow,medium
02479560,11,complete,0.37774503231048584,-0.9837175607681274,1.3614625930786133,1.0,112.49415588378906,True,False,True,03,30.80908,-88.45863,64.68,1454.33,0.684968538202518,0.0008881841770739,0.8849,humid,low-snow,medium
02479560,29,complete,0.21831947565078735,-1.8637595176696777,2.082078993320465,1.0,262.090576171875,True,False,True,03,30.80908,-88.45863,64.68,1454.33,0.684968538202518,0.0008881841770739,0.8849,humid,low-snow,medium
02479560,47,complete,0.1063772439956665,-2.028796911239624,2.1351741552352905,0.988499452354874,36.617042541503906,True,False,True,03,30.80908,-88.45863,64.68,1454.33,0.684968538202518,0.0008881841770739,0.8849,humid,low-snow,medium
02481000,11,complete,0.724220871925354,0.4006842374801636,0.32353663444519043,0.9307228915662651,121.41864013671875,True,True,True,03,30.55861,-89.12194,51.66,249.23,0.671087228362181,0.0003653977736162,0.8845,humid,low-snow,small
02481000,29,complete,0.6633963584899902,0.12286162376403809,0.5405347347259521,1.0,247.70413208007812,True,True,True,03,30.55861,-89.12194,51.66,249.23,0.671087228362181,0.0003653977736162,0.8845,humid,low-snow,small
02481000,47,complete,0.63987135887146,0.04480850696563721,0.5950628519058228,1.0,129.5734405517578,True,True,True,03,30.55861,-89.12194,51.66,249.23,0.671087228362181,0.0003653977736162,0.8845,humid,low-snow,small
02481510,11,complete,0.7865893840789795,0.17723548412322998,0.6093538999557495,1.0,96.95996856689453,True,True,True,03,30.48361,-89.27444,64.0,800.66,0.695998344547925,0.0007622545076852,0.7816,humid,low-snow,medium
02481510,29,complete,0.6516924500465393,-0.4259289503097534,1.0776214003562927,1.0,302.5209045410156,True,True,True,03,30.48361,-89.27444,64.0,800.66,0.695998344547925,0.0007622545076852,0.7816,humid,low-snow,medium
02481510,47,complete,0.5286462306976318,-0.8919445276260376,1.4205907583236694,1.0,66.6404800415039,True,True,True,03,30.48361,-89.27444,64.0,800.66,0.695998344547925,0.0007622545076852,0.7816,humid,low-snow,medium
03010655,11,complete,0.5540081262588501,0.2654908299446106,0.2885172963142395,0.9969879518072289,14.934438705444336,True,True,True,05,41.96173,-78.19807,635.06,254.44,0.688460584373285,0.207261759338099,0.9918,humid,snow-influenced,small
03010655,29,complete,0.3509864807128906,-0.6992532014846802,1.0502396821975708,1.0,382.2307434082031,True,False,True,05,41.96173,-78.19807,635.06,254.44,0.688460584373285,0.207261759338099,0.9918,humid,snow-influenced,small
03010655,47,complete,0.4924716353416443,-0.40844833850860596,0.9009199738502502,0.9449616648411829,27.18667984008789,True,False,True,05,41.96173,-78.19807,635.06,254.44,0.688460584373285,0.207261759338099,0.9918,humid,snow-influenced,small
03011800,11,complete,0.6087180972099304,0.4270464777946472,0.1816716194152832,0.9956188389923329,7.441578388214111,True,True,True,05,41.76645,-78.71864,628.71,100.1,0.627746715864344,0.210192690903197,1.0,humid,snow-influenced,small
03011800,29,complete,0.5478556156158447,-0.13487160205841064,0.6827272176742554,0.9268893756845564,199.70794677734375,True,True,True,05,41.76645,-78.71864,628.71,100.1,0.627746715864344,0.210192690903197,1.0,humid,snow-influenced,small
03011800,47,complete,0.5924402475357056,0.11788994073867798,0.4745503067970276,0.9570098576122672,28.660171508789062,True,True,True,05,41.76645,-78.71864,628.71,100.1,0.627746715864344,0.210192690903197,1.0,humid,snow-influenced,small
03015500,11,complete,0.5061638355255127,0.4047551155090332,0.10140872001647949,0.9958926615553122,17.837759017944336,True,True,True,05,41.85256,-79.31727,492.56,784.85,0.628297770292423,0.192038519147369,0.9837,humid,snow-influenced,medium
03015500,29,complete,0.3095930218696594,-0.05947303771972656,0.369066059589386,1.0,372.5068359375,True,False,True,05,41.85256,-79.31727,492.56,784.85,0.628297770292423,0.192038519147369,0.9837,humid,snow-influenced,medium
03015500,47,complete,0.5158475637435913,0.03338879346847534,0.48245877027511597,0.9550930996714129,23.72268295288086,True,True,True,05,41.85256,-79.31727,492.56,784.85,0.628297770292423,0.192038519147369,0.9837,humid,snow-influenced,medium
03021350,11,complete,0.3989338278770447,0.3818013668060303,0.017132461071014404,0.9789156626506024,20.634180068969727,True,False,True,05,42.01533,-79.78255,485.4,239.67,0.61464135372136,0.208263538884948,0.9747,humid,snow-influenced,small
03021350,29,complete,0.1731688380241394,0.29636865854263306,-0.12319982051849365,1.0,420.1388854980469,True,False,False,05,42.01533,-79.78255,485.4,239.67,0.61464135372136,0.208263538884948,0.9747,humid,snow-influenced,small
03021350,47,complete,0.4485543966293335,0.2916147708892822,0.15693962574005127,0.9611171960569551,40.154640197753906,True,False,True,05,42.01533,-79.78255,485.4,239.67,0.61464135372136,0.208263538884948,0.9747,humid,snow-influenced,small
03026500,11,complete,0.5898264646530151,0.41607779264450073,0.1737486720085144,0.9964403066812705,9.01555061340332,True,True,True,05,41.63117,-78.57669,577.23,20.31,0.639196759035446,0.209814940150446,1.0,humid,snow-influenced,small
03026500,29,complete,0.47918009757995605,-0.26058268547058105,0.7397627830505371,0.9805585980284776,298.59454345703125,True,False,True,05,41.63117,-78.57669,577.23,20.31,0.639196759035446,0.209814940150446,1.0,humid,snow-influenced,small
03026500,47,complete,0.5224989652633667,-0.017648816108703613,0.5401477813720703,0.9731653888280394,43.051483154296875,True,True,True,05,41.63117,-78.57669,577.23,20.31,0.639196759035446,0.209814940150446,1.0,humid,snow-influenced,small
03028000,11,complete,0.6061127185821533,0.5325695276260376,0.07354319095611572,0.9956188389923329,9.461954116821289,True,True,True,05,41.57534,-78.69225,569.02,161.11,0.653245860414243,0.203474312123818,0.9796,humid,snow-influenced,small
03028000,29,complete,0.4447218179702759,0.04449731111526489,0.400224506855011,0.9816538882803943,296.2703857421875,True,False,True,05,41.57534,-78.69225,569.02,161.11,0.653245860414243,0.203474312123818,0.9796,humid,snow-influenced,small
03028000,47,complete,0.4942097067832947,0.21742475032806396,0.2767849564552307,0.9756297918948521,45.29948043823242,True,False,True,05,41.57534,-78.69225,569.02,161.11,0.653245860414243,0.203474312123818,0.9796,humid,snow-influenced,small
03049000,11,complete,0.4911324977874756,-0.00251924991607666,0.49365174770355225,0.9285323110624315,8.942471504211426,True,False,True,05,40.7159,-79.69949,365.27,357.15,0.722669988166999,0.139333377128464,0.7165,humid,snow-influenced,small
03049000,29,complete,0.41727137565612793,-1.2748384475708008,1.6921098232269287,0.9337349397590361,393.8021545410156,True,False,True,05,40.7159,-79.69949,365.27,357.15,0.722669988166999,0.139333377128464,0.7165,humid,snow-influenced,small
03049000,47,complete,0.5229887962341309,-0.33780646324157715,0.860795259475708,1.0,48.72724914550781,True,True,True,05,40.7159,-79.69949,365.27,357.15,0.722669988166999,0.139333377128464,0.7165,humid,snow-influenced,small
03049800,11,complete,0.2811022996902466,-0.01235044002532959,0.29345273971557617,0.9170317634173056,10.46478271484375,True,False,True,05,40.52035,-79.93811,296.6,14.89,0.803693993553846,0.116341909362209,0.2546,humid,snow-influenced,small
03049800,29,complete,0.15294891595840454,-0.2707003355026245,0.42364925146102905,0.9997261774370209,539.8880615234375,True,False,True,05,40.52035,-79.93811,296.6,14.89,0.803693993553846,0.116341909362209,0.2546,humid,snow-influenced,small
03049800,47,complete,0.2932780981063843,-0.08475995063781738,0.37803804874420166,1.0,65.89601135253906,True,False,True,05,40.52035,-79.93811,296.6,14.89,0.803693993553846,0.116341909362209,0.2546,humid,snow-influenced,small
03050000,11,complete,0.48339200019836426,0.43245673179626465,0.05093526840209961,0.9986308871851041,14.117879867553711,True,False,True,05,38.80927,-79.88173,998.82,487.29,0.640477532041291,0.158964457158934,0.9766,humid,snow-influenced,small
03050000,29,complete,0.5792449712753296,0.062419593334198,0.5168253779411316,0.8973165388828039,197.6743621826172,True,True,True,05,38.80927,-79.88173,998.82,487.29,0.640477532041291,0.158964457158934,0.9766,humid,snow-influenced,small
03050000,47,complete,0.6013363599777222,0.20207345485687256,0.3992629051208496,1.0,14.649375915527344,True,True,True,05,38.80927,-79.88173,998.82,487.29,0.640477532041291,0.158964457158934,0.9766,humid,snow-influenced,small
03069500,11,complete,0.4923054575920105,0.6206629276275635,-0.12835747003555298,0.9978094194961665,10.404341697692871,True,False,False,05,39.12288,-79.68117,961.46,1856.85,0.600544180286688,0.194644630432116,0.9408,humid,snow-influenced,medium
03069500,29,complete,0.6900303363800049,0.2954336404800415,0.3945966958999634,0.8715772179627601,137.35841369628906,True,True,True,05,39.12288,-79.68117,961.46,1856.85,0.600544180286688,0.194644630432116,0.9408,humid,snow-influenced,medium
03069500,47,complete,0.6394272446632385,0.43089717626571655,0.20853006839752197,0.9745345016429354,10.146183013916016,True,True,True,05,39.12288,-79.68117,961.46,1856.85,0.600544180286688,0.194644630432116,0.9408,humid,snow-influenced,medium
03070500,11,complete,0.5288755297660828,0.5405054092407227,-0.011629879474639893,0.9975355969331873,15.289612770080566,True,True,False,05,39.61564,-79.70477,599.73,517.38,0.658030329207678,0.144725592442485,0.717,humid,snow-influenced,medium
03070500,29,complete,0.4146997928619385,0.14216750860214233,0.27253228425979614,0.9945235487404163,433.7981872558594,True,False,True,05,39.61564,-79.70477,599.73,517.38,0.658030329207678,0.144725592442485,0.717,humid,snow-influenced,medium
03070500,47,complete,0.5613908171653748,0.2836803197860718,0.277710497379303,0.9874041621029573,70.46958923339844,True,True,True,05,39.61564,-79.70477,599.73,517.38,0.658030329207678,0.144725592442485,0.717,humid,snow-influenced,medium
03076600,11,complete,0.5155516862869263,0.18365854024887085,0.3318931460380554,0.9964403066812705,7.5490498542785645,True,True,True,05,39.65614,-79.39411,795.46,127.4,0.667607078708349,0.189395500517419,0.8242,humid,snow-influenced,small
03076600,29,complete,0.4670714735984802,-0.521108865737915,0.9881803393363953,0.884446878422782,239.11880493164062,True,False,True,05,39.65614,-79.39411,795.46,127.4,0.667607078708349,0.189395500517419,0.8242,humid,snow-influenced,small
03076600,47,complete,0.5393710136413574,-0.16348564624786377,0.7028566598892212,1.0,23.217708587646484,True,True,True,05,39.65614,-79.39411,795.46,127.4,0.667607078708349,0.189395500517419,0.8242,humid,snow-influenced,small
03078000,11,complete,0.6174525022506714,0.47015029191970825,0.14730221033096313,0.9956188389923329,11.324687957763672,True,True,True,05,39.70219,-79.13639,767.06,161.48,0.694560428136251,0.194625437344426,0.8405,humid,snow-influenced,small
03078000,29,complete,0.5567318201065063,0.07591956853866577,0.4808122515678406,0.9876779846659365,449.9656066894531,True,True,True,05,39.70219,-79.13639,767.06,161.48,0.694560428136251,0.194625437344426,0.8405,humid,snow-influenced,small
03078000,47,complete,0.5266449451446533,0.029075562953948975,0.49756938219070435,0.994249726177437,76.10337829589844,True,True,True,05,39.70219,-79.13639,767.06,161.48,0.694560428136251,0.194625437344426,0.8405,humid,snow-influenced,small
03140000,11,complete,0.4258444905281067,-0.16460609436035156,0.5904505848884583,0.9383899233296824,28.04291534423828,True,False,True,05,40.36285,-81.86236,287.7,70.35,0.8385220422518,0.0894584784615066,0.7138,humid,low-snow,small
03140000,29,complete,-0.13917720317840576,-0.04412961006164551,-0.09504759311676025,1.0,922.1612548828125,True,False,False,05,40.36285,-81.86236,287.7,70.35,0.8385220422518,0.0894584784615066,0.7138,humid,low-snow,small
03140000,47,complete,0.5927481651306152,-0.23389172554016113,0.8266398906707764,0.7015334063526835,100.69963073730469,True,True,True,05,40.36285,-81.86236,287.7,70.35,0.8385220422518,0.0894584784615066,0.7138,humid,low-snow,small
03144000,11,complete,0.48549187183380127,0.01679670810699463,0.46869516372680664,0.8891018619934282,36.9122314453125,True,False,True,05,40.13257,-82.14792,292.28,363.41,0.818973057801069,0.0936024048579887,0.7303,humid,low-snow,small
03144000,29,complete,-0.03820788860321045,-0.22009897232055664,0.1818910837173462,1.0,759.8662719726562,True,False,True,05,40.13257,-82.14792,292.28,363.41,0.818973057801069,0.0936024048579887,0.7303,humid,low-snow,small
03144000,47,complete,0.5888316035270691,0.02714163064956665,0.5616899728775024,0.9726177437020811,87.9337387084961,True,True,True,05,40.13257,-82.14792,292.28,363.41,0.818973057801069,0.0936024048579887,0.7303,humid,low-snow,small
03170000,11,complete,0.2529727816581726,-0.932960033416748,1.1859328150749207,0.573658269441402,54.45207977294922,True,False,True,05,37.03763,-80.55672,713.74,794.64,0.847882787013256,0.0945585836238721,0.8847,humid,low-snow,medium
03170000,29,complete,0.3697358965873718,-4.7905683517456055,5.160304248332977,0.9537239868565169,499.6512145996094,True,False,True,05,37.03763,-80.55672,713.74,794.64,0.847882787013256,0.0945585836238721,0.8847,humid,low-snow,medium
03170000,47,complete,0.09674578905105591,-4.41500997543335,4.5117557644844055,0.6886637458926615,38.98466110229492,True,False,True,05,37.03763,-80.55672,713.74,794.64,0.847882787013256,0.0945585836238721,0.8847,humid,low-snow,medium
03173000,11,complete,0.45813649892807007,0.22228652238845825,0.23584997653961182,0.8995071193866374,63.40721893310547,True,False,True,05,37.26818,-80.70951,750.95,773.32,0.871041684309297,0.0942000993572573,0.8116,humid,low-snow,medium
03173000,29,complete,0.42497533559799194,-1.3000242710113525,1.7249996066093445,0.9693318729463308,547.1713256835938,True,False,True,05,37.26818,-80.70951,750.95,773.32,0.871041684309297,0.0942000993572573,0.8116,humid,low-snow,medium
03173000,47,complete,0.6088035106658936,-0.9772868156433105,1.586090326309204,0.7245345016429354,54.00050735473633,True,True,True,05,37.26818,-80.70951,750.95,773.32,0.871041684309297,0.0942000993572573,0.8116,humid,low-snow,medium
03180500,11,complete,0.58564293384552,0.5010477304458618,0.0845952033996582,0.9994523548740416,12.623655319213867,True,True,True,05,38.54373,-79.83312,1057.03,345.06,0.657195912789974,0.195303023284764,0.9877,humid,snow-influenced,small
03180500,29,complete,0.6743029356002808,0.07836878299713135,0.5959341526031494,0.971248630887185,153.95965576171875,True,True,True,05,38.54373,-79.83312,1057.03,345.06,0.657195912789974,0.195303023284764,0.9877,humid,snow-influenced,small
03180500,47,complete,0.6807491779327393,0.22859716415405273,0.4521520137786865,1.0,12.713479995727539,True,True,True,05,38.54373,-79.83312,1057.03,345.06,0.657195912789974,0.195303023284764,0.9877,humid,snow-influenced,small
03182500,11,complete,0.585620105266571,0.519460916519165,0.066159188747406,0.9947973713033954,7.998141288757324,True,True,True,05,38.18595,-80.13062,934.51,1364.97,0.709211002944919,0.170253081143655,0.9922,humid,snow-influenced,medium
03182500,29,complete,0.6587297916412354,-0.07641112804412842,0.7351409196853638,0.8767798466593647,150.5347900390625,True,True,True,05,38.18595,-80.13062,934.51,1364.97,0.709211002944919,0.170253081143655,0.9922,humid,snow-influenced,medium
03182500,47,complete,0.6222772598266602,0.1855335831642151,0.43674367666244507,0.9561883899233297,12.761407852172852,True,True,True,05,38.18595,-80.13062,934.51,1364.97,0.709211002944919,0.170253081143655,0.9922,humid,snow-influenced,medium
03186500,11,complete,0.4752007722854614,0.6212047934532166,-0.14600402116775513,0.9997261774370209,23.39572525024414,True,False,False,05,38.379,-80.48397,1057.61,329.68,0.607053912650417,0.1907316712122,0.9927,humid,snow-influenced,small
03186500,29,complete,0.5920162200927734,0.4098663926124573,0.18214982748031616,0.9972617743702081,222.17709350585938,True,True,True,05,38.379,-80.48397,1057.61,329.68,0.607053912650417,0.1907316712122,0.9927,humid,snow-influenced,small
03186500,47,complete,0.6480154395103455,0.4412045478820801,0.20681089162826538,1.0,15.514480590820312,True,True,True,05,38.379,-80.48397,1057.61,329.68,0.607053912650417,0.1907316712122,0.9927,humid,snow-influenced,small
03237280,11,complete,0.09809613227844238,0.18685108423233032,-0.08875495195388794,0.9917853231106243,153.69610595703125,True,False,False,05,38.64369,-83.21574,248.51,32.95,0.724090562731866,0.0847306381238598,0.9863,humid,low-snow,small
03237280,29,complete,-0.10635483264923096,-0.0804213285446167,-0.025933504104614258,1.0,1214.544921875,True,False,False,05,38.64369,-83.21574,248.51,32.95,0.724090562731866,0.0847306381238598,0.9863,humid,low-snow,small
03237280,47,complete,0.2535340189933777,-0.07138442993164062,0.3249184489250183,0.9983570646221248,129.8144989013672,True,False,True,05,38.64369,-83.21574,248.51,32.95,0.724090562731866,0.0847306381238598,0.9863,humid,low-snow,small
03237500,11,complete,0.36928820610046387,0.26751792430877686,0.10177028179168701,0.9006024096385542,67.94715118408203,True,False,True,05,38.80368,-83.42102,272.36,1003.21,0.791208265485269,0.0787104016916548,0.5206,humid,low-snow,medium
03237500,29,complete,0.17481809854507446,0.35778599977493286,-0.1829679012298584,0.9958926615553122,472.5209655761719,True,False,False,05,38.80368,-83.42102,272.36,1003.21,0.791208265485269,0.0787104016916548,0.5206,humid,low-snow,medium
03237500,47,complete,0.6317895650863647,0.30696648359298706,0.3248230814933777,0.6842825848849945,129.50015258789062,True,True,True,05,38.80368,-83.42102,272.36,1003.21,0.791208265485269,0.0787104016916548,0.5206,humid,low-snow,medium
03238500,11,complete,0.4387643337249756,0.3442574739456177,0.09450685977935791,0.9978094194961665,133.13475036621094,True,False,True,05,38.85813,-83.92854,285.37,568.5,0.785837295362942,0.0747385312973334,0.1747,humid,low-snow,medium
03238500,29,complete,0.5637568235397339,0.3686549663543701,0.19510185718536377,1.0,134.6808624267578,True,True,True,05,38.85813,-83.92854,285.37,568.5,0.785837295362942,0.0747385312973334,0.1747,humid,low-snow,medium
03238500,47,complete,0.6272619962692261,0.442963182926178,0.1842988133430481,0.9646768893756845,146.52818298339844,True,True,True,05,38.85813,-83.92854,285.37,568.5,0.785837295362942,0.0747385312973334,0.1747,humid,low-snow,medium
03241500,11,complete,0.7609720826148987,-0.6124693155288696,1.3734413981437683,0.9994523548740416,140.18017578125,True,True,True,05,39.72284,-83.88271,319.84,170.91,0.818134918352433,0.0779467519548554,0.0257,humid,low-snow,small
03241500,29,complete,0.6799339056015015,-1.2905213832855225,1.970455288887024,0.9989047097480832,67.29943084716797,True,True,True,05,39.72284,-83.88271,319.84,170.91,0.818134918352433,0.0779467519548554,0.0257,humid,low-snow,small
03241500,47,complete,0.718235194683075,-1.1286284923553467,1.8468636870384216,0.9906900328587076,149.3487091064453,True,True,True,05,39.72284,-83.88271,319.84,170.91,0.818134918352433,0.0779467519548554,0.0257,humid,low-snow,small
03280700,11,complete,0.42554348707199097,0.26258325576782227,0.1629602313041687,0.9953450164293538,130.23184204101562,True,False,True,05,37.16509,-83.30796,540.37,158.22,0.684286744875158,0.0584460847843343,0.991,humid,low-snow,small
03280700,29,complete,0.30806803703308105,-0.23401427268981934,0.5420823097229004,1.0,710.2012939453125,True,False,True,05,37.16509,-83.30796,540.37,158.22,0.684286744875158,0.0584460847843343,0.991,humid,low-snow,small
03280700,47,complete,0.4459729790687561,-0.08376336097717285,0.529736340045929,0.9920591456736035,153.55377197265625,True,False,True,05,37.16509,-83.30796,540.37,158.22,0.684286744875158,0.0584460847843343,0.991,humid,low-snow,small
03281500,11,complete,0.2308536171913147,0.3430284857749939,-0.1121748685836792,0.9934282584884995,161.9497833251953,True,False,False,05,37.47981,-83.67519,376.49,1838.22,0.702829354002637,0.044067880842997,0.9654,humid,low-snow,medium
03281500,29,complete,-0.0966341495513916,-0.32271790504455566,0.22608375549316406,1.0,1024.183349609375,True,False,True,05,37.47981,-83.67519,376.49,1838.22,0.702829354002637,0.044067880842997,0.9654,humid,low-snow,medium
03281500,47,complete,0.3750779628753662,0.06677860021591187,0.30829936265945435,1.0,180.01821899414062,True,False,True,05,37.47981,-83.67519,376.49,1838.22,0.702829354002637,0.044067880842997,0.9654,humid,low-snow,medium
03285000,11,complete,0.5491844415664673,0.3636847734451294,0.1854996681213379,0.854052573932092,71.75349426269531,True,True,True,05,37.64202,-84.66078,323.6,822.34,0.76599226262447,0.0446468108120254,0.5302,humid,low-snow,medium
03285000,29,complete,0.6124355792999268,0.42705029249191284,0.18538528680801392,0.988499452354874,107.94219207763672,True,True,True,05,37.64202,-84.66078,323.6,822.34,0.76599226262447,0.0446468108120254,0.5302,humid,low-snow,medium
03285000,47,complete,0.5803496837615967,0.3066502809524536,0.27369940280914307,1.0,163.7169952392578,True,True,True,05,37.64202,-84.66078,323.6,822.34,0.76599226262447,0.0446468108120254,0.5302,humid,low-snow,medium
03291780,11,complete,0.5657591223716736,0.3502621650695801,0.2154969573020935,0.9923329682365827,63.618656158447266,True,True,True,05,38.87811,-85.25718,249.83,71.41,0.713090047987719,0.0673686532615331,0.7056,humid,low-snow,small
03291780,29,complete,0.5359330177307129,0.13912153244018555,0.39681148529052734,0.9507119386637459,88.05623626708984,True,True,True,05,38.87811,-85.25718,249.83,71.41,0.713090047987719,0.0673686532615331,0.7056,humid,low-snow,small
03291780,47,complete,0.4235684275627136,0.23595893383026123,0.1876094937324524,1.0,294.45953369140625,True,False,True,05,38.87811,-85.25718,249.83,71.41,0.713090047987719,0.0673686532615331,0.7056,humid,low-snow,small
03338780,11,complete,0.4388124942779541,-0.243566632270813,0.6823791265487671,1.0,180.57241821289062,True,False,True,05,40.26531,-87.6428,213.25,691.56,0.850923593043312,0.0725503193755769,0.0378,humid,low-snow,medium
03338780,29,complete,0.4212085008621216,-0.9913942813873291,1.4126027822494507,1.0,211.63206481933594,True,False,True,05,40.26531,-87.6428,213.25,691.56,0.850923593043312,0.0725503193755769,0.0378,humid,low-snow,medium
03338780,47,complete,0.5566627383232117,-1.1752984523773193,1.731961190700531,1.0,124.2533950805664,True,True,True,05,40.26531,-87.6428,213.25,691.56,0.850923593043312,0.0725503193755769,0.0378,humid,low-snow,medium
03340800,11,complete,0.7235379219055176,-0.09658622741699219,0.8201241493225098,0.9967141292442497,95.1707534790039,True,True,True,05,39.81255,-86.9539,268.15,357.65,0.806079140134381,0.0732286680426859,0.2735,humid,low-snow,small
03340800,29,complete,0.3358335494995117,-0.19396483898162842,0.5297983884811401,1.0,540.372314453125,True,False,True,05,39.81255,-86.9539,268.15,357.65,0.806079140134381,0.0732286680426859,0.2735,humid,low-snow,small
03340800,47,complete,0.6673635244369507,-0.48945558071136475,1.1568191051483154,0.9786418400876232,112.32978820800781,True,True,True,05,39.81255,-86.9539,268.15,357.65,0.806079140134381,0.0732286680426859,0.2735,humid,low-snow,small
03346000,11,complete,0.615659236907959,-0.12741303443908691,0.7430722713470459,0.9994523548740416,255.46180725097656,True,True,True,05,39.01004,-87.94559,173.5,814.69,0.830536224621094,0.0621069652969445,0.0951,humid,low-snow,medium
03346000,29,complete,0.5486048460006714,-0.6055315732955933,1.1541364192962646,1.0,131.07237243652344,True,True,True,05,39.01004,-87.94559,173.5,814.69,0.830536224621094,0.0621069652969445,0.0951,humid,low-snow,medium
03346000,47,complete,0.4470708966255188,-0.3142209053039551,0.7612918019294739,1.0,98.44598388671875,True,False,True,05,39.01004,-87.94559,173.5,814.69,0.830536224621094,0.0621069652969445,0.0951,humid,low-snow,medium
03366500,11,complete,0.7713272571563721,0.31191158294677734,0.4594156742095947,1.0,119.02765655517578,True,True,True,05,38.80422,-85.67386,240.19,755.22,0.71663146763711,0.059067129172147,0.5748,humid,low-snow,medium
03366500,29,complete,0.8212285041809082,-0.08138012886047363,0.9026086330413818,1.0,127.1462173461914,True,True,True,05,38.80422,-85.67386,240.19,755.22,0.71663146763711,0.059067129172147,0.5748,humid,low-snow,medium
03366500,47,complete,0.6854419708251953,0.2517358660697937,0.4337061047554016,0.9830230010952903,226.1879425048828,True,True,True,05,38.80422,-85.67386,240.19,755.22,0.71663146763711,0.059067129172147,0.5748,humid,low-snow,medium
03368000,11,complete,0.47300606966018677,0.28166210651397705,0.19134396314620972,1.0,131.1650390625,True,False,True,05,39.07033,-85.48608,264.12,29.72,0.731491949625814,0.0670858663666364,0.6327,humid,low-snow,small
03368000,29,complete,0.4887692332267761,0.18920153379440308,0.29956769943237305,0.9997261774370209,138.23379516601562,True,False,True,05,39.07033,-85.48608,264.12,29.72,0.731491949625814,0.0670858663666364,0.6327,humid,low-snow,small
03368000,47,complete,0.3725391626358032,0.13577920198440552,0.2367599606513977,1.0,256.4078063964844,True,False,True,05,39.07033,-85.48608,264.12,29.72,0.731491949625814,0.0670858663666364,0.6327,humid,low-snow,small
03384450,11,complete,0.3369590640068054,0.3582364320755005,-0.02127736806869507,0.9490690032858707,140.60581970214844,True,False,False,05,37.47227,-88.54727,166.37,111.13,0.744502200289791,0.0496725306242436,0.913,humid,low-snow,small
03384450,29,complete,0.15715616941452026,0.2707955837249756,-0.11363941431045532,1.0,952.6463012695312,True,False,False,05,37.47227,-88.54727,166.37,111.13,0.744502200289791,0.0496725306242436,0.913,humid,low-snow,small
03384450,47,complete,0.38809406757354736,0.2973328232765198,0.09076124429702759,0.9950711938663745,159.9363555908203,True,False,True,05,37.47227,-88.54727,166.37,111.13,0.744502200289791,0.0496725306242436,0.913,humid,low-snow,small
03439000,11,complete,0.31774044036865234,-0.17600393295288086,0.4937443733215332,0.9008762322015335,17.052459716796875,True,False,True,06,35.14333,-82.82472,863.18,178.67,0.489039101463711,0.0374660918206049,0.9948,humid,low-snow,small
03439000,29,complete,0.3296002745628357,-0.8839111328125,1.2135114073753357,0.7187842278203724,136.649169921875,True,False,True,06,35.14333,-82.82472,863.18,178.67,0.489039101463711,0.0374660918206049,0.9948,humid,low-snow,small
03439000,47,complete,0.24769777059555054,-0.7695735692977905,1.017271339893341,0.9121029572836802,15.105703353881836,True,False,True,06,35.14333,-82.82472,863.18,178.67,0.489039101463711,0.0374660918206049,0.9948,humid,low-snow,small
03456500,11,complete,0.6908963918685913,0.5361937284469604,0.15470266342163086,0.9507119386637459,17.04397964477539,True,True,True,06,35.46167,-82.86972,1162.13,133.43,0.577832378851099,0.0638736766495558,0.9658,humid,low-snow,small
03456500,29,complete,0.6456742882728577,0.3742893934249878,0.2713848948478699,0.9550930996714129,281.72454833984375,True,True,True,06,35.46167,-82.86972,1162.13,133.43,0.577832378851099,0.0638736766495558,0.9658,humid,low-snow,small
03456500,47,complete,0.5952005982398987,0.4473033547401428,0.14789724349975586,0.9515334063526835,36.50894546508789,True,True,True,06,35.46167,-82.86972,1162.13,133.43,0.577832378851099,0.0638736766495558,0.9658,humid,low-snow,small
03460000,11,complete,-0.10542857646942139,-0.7872614860534668,0.6818329095840454,0.562157721796276,10.227521896362305,True,False,True,06,35.6675,-83.07361,1254.53,127.02,0.59331988313977,0.077253343718732,0.9933,humid,low-snow,small
03460000,29,complete,0.3483036160469055,-1.093306064605713,1.4416096806526184,0.7250821467688937,75.80049896240234,True,False,True,06,35.6675,-83.07361,1254.53,127.02,0.59331988313977,0.077253343718732,0.9933,humid,low-snow,small
03460000,47,complete,0.3352459669113159,-1.1363813877105713,1.4716273546218872,0.5878970427163198,9.520706176757812,True,False,True,06,35.6675,-83.07361,1254.53,127.02,0.59331988313977,0.077253343718732,0.9933,humid,low-snow,small
03463300,11,complete,0.6151107549667358,0.6474196910858154,-0.03230893611907959,0.9745345016429354,18.201391220092773,True,True,False,06,35.83151,-82.18429,1025.66,112.16,0.669004111304784,0.0849163900758962,1.0,humid,low-snow,small
03463300,29,complete,0.5144567489624023,0.6082628965377808,-0.09380614757537842,0.9307228915662651,303.6828308105469,True,True,False,06,35.83151,-82.18429,1025.66,112.16,0.669004111304784,0.0849163900758962,1.0,humid,low-snow,small
03463300,47,complete,0.564447820186615,0.6265966892242432,-0.062148869037628174,0.7458926615553122,21.623584747314453,True,True,False,06,35.83151,-82.18429,1025.66,112.16,0.669004111304784,0.0849163900758962,1.0,humid,low-snow,small
03471500,11,complete,0.25688302516937256,-0.43884968757629395,0.6957327127456665,0.44386637458926614,11.157279968261719,True,False,True,06,36.76039,-81.63123,1023.62,198.16,0.762952417284732,0.0838711696088708,0.8219,humid,low-snow,small
03471500,29,complete,-0.1100853681564331,-2.2467689514160156,2.1366835832595825,0.6393756845564075,51.51325988769531,True,False,True,06,36.76039,-81.63123,1023.62,198.16,0.762952417284732,0.0838711696088708,0.8219,humid,low-snow,small
03471500,47,complete,0.23505336046218872,-1.76688814163208,2.001941502094269,0.6139101861993428,25.77130126953125,True,False,True,06,36.76039,-81.63123,1023.62,198.16,0.762952417284732,0.0838711696088708,0.8219,humid,low-snow,small
03473000,11,complete,0.15703940391540527,-0.4139314889907837,0.570970892906189,0.42141292442497263,7.627954006195068,True,False,True,06,36.65178,-81.84401,916.29,784.81,0.740113764114789,0.0832667330515825,0.8628,humid,low-snow,medium
03473000,29,complete,0.1711459755897522,-1.7025516033172607,1.873697578907013,0.645947426067908,46.140159606933594,True,False,True,06,36.65178,-81.84401,916.29,784.81,0.740113764114789,0.0832667330515825,0.8628,humid,low-snow,medium
03473000,47,complete,0.23500698804855347,-1.0549683570861816,1.289975345134735,0.6347207009857613,24.54343032836914,True,False,True,06,36.65178,-81.84401,916.29,784.81,0.740113764114789,0.0832667330515825,0.8628,humid,low-snow,medium
03479000,11,complete,0.6472965478897095,0.4178032875061035,0.22949326038360596,0.9635815991237678,17.30398941040039,True,True,True,06,36.23917,-81.82222,1040.03,235.6,0.670428982707011,0.0904171237520879,0.9873,humid,low-snow,small
03479000,29,complete,0.7077963948249817,0.17396670579910278,0.5338296890258789,0.9383899233296824,251.5063934326172,True,True,True,06,36.23917,-81.82222,1040.03,235.6,0.670428982707011,0.0904171237520879,0.9873,humid,low-snow,small
03479000,47,complete,0.5296459197998047,0.28161710500717163,0.24802881479263306,0.9745345016429354,45.005863189697266,True,True,True,06,36.23917,-81.82222,1040.03,235.6,0.670428982707011,0.0904171237520879,0.9873,humid,low-snow,small
03488000,11,complete,0.4732048511505127,0.3398454189300537,0.13335943222045898,0.9260679079956189,43.240142822265625,True,False,True,06,36.89678,-81.74623,812.91,578.21,0.797701713178126,0.0815490515140822,0.8315,humid,low-snow,medium
03488000,29,complete,0.5494778752326965,-0.7837706804275513,1.3332485556602478,0.920591456736035,417.33050537109375,True,True,True,06,36.89678,-81.74623,812.91,578.21,0.797701713178126,0.0815490515140822,0.8315,humid,low-snow,medium
03488000,47,complete,0.6214929819107056,-0.3045424222946167,0.9260354042053223,0.7691675794085433,34.47049331665039,True,True,True,06,36.89678,-81.74623,812.91,578.21,0.797701713178126,0.0815490515140822,0.8315,humid,low-snow,medium
03498500,11,complete,0.3131343722343445,-0.14315009117126465,0.45628446340560913,0.4241511500547645,6.522225379943848,True,False,True,06,35.78562,-83.8846,680.92,696.76,0.611350427366638,0.0343707789266315,0.8376,humid,low-snow,medium
03498500,29,complete,0.234808087348938,-0.5376079082489014,0.7724159955978394,0.608433734939759,52.947364807128906,True,False,True,06,35.78562,-83.8846,680.92,696.76,0.611350427366638,0.0343707789266315,0.8376,humid,low-snow,medium
03498500,47,complete,0.5339994430541992,-0.12609636783599854,0.6600958108901978,0.9997261774370209,11.78428840637207,True,True,True,06,35.78562,-83.8846,680.92,696.76,0.611350427366638,0.0343707789266315,0.8376,humid,low-snow,medium
03500000,11,complete,-0.10276269912719727,-1.4961140155792236,1.3933513164520264,0.7532858707557503,14.480956077575684,True,False,True,06,35.15,-83.37972,808.87,361.14,0.543330757121649,0.0292489179120406,0.9577,humid,low-snow,small
03500000,29,complete,-0.2683459520339966,-3.252073287963867,2.9837273359298706,0.7790251916757941,197.8889923095703,True,False,True,06,35.15,-83.37972,808.87,361.14,0.543330757121649,0.0292489179120406,0.9577,humid,low-snow,small
03500000,47,complete,-0.5570446252822876,-3.3267264366149902,2.7696818113327026,0.91894852135816,18.94384002685547,True,False,True,06,35.15,-83.37972,808.87,361.14,0.543330757121649,0.0292489179120406,0.9577,humid,low-snow,small
03500240,11,complete,0.5145338773727417,-1.2813994884490967,1.7959333658218384,0.9194961664841182,13.758888244628906,True,True,True,06,35.15889,-83.39417,967.11,145.86,0.608398914116459,0.029394718558517,0.9592,humid,low-snow,small
03500240,29,complete,0.08704584836959839,-2.9933719635009766,3.080417811870575,0.9871303395399781,282.5935974121094,True,False,True,06,35.15889,-83.39417,967.11,145.86,0.608398914116459,0.029394718558517,0.9592,humid,low-snow,small
03500240,47,complete,0.27103328704833984,-2.081958770751953,2.352992057800293,0.9485213581599123,25.723594665527344,True,False,True,06,35.15889,-83.39417,967.11,145.86,0.608398914116459,0.029394718558517,0.9592,humid,low-snow,small
03504000,11,complete,0.4806417226791382,0.1376967430114746,0.3429449796676636,0.9531763417305587,14.980544090270996,True,False,True,06,35.1275,-83.61861,1039.71,134.52,0.481675820282915,0.0589912291417263,0.9516,humid,low-snow,small
03504000,29,complete,0.4001427888870239,-0.2848004102706909,0.6849431991577148,0.9890470974808324,297.20538330078125,True,False,True,06,35.1275,-83.61861,1039.71,134.52,0.481675820282915,0.0589912291417263,0.9516,humid,low-snow,small
03504000,47,complete,0.294428288936615,-0.21654975414276123,0.5109780430793762,0.9846659364731654,38.29132843017578,True,False,True,06,35.1275,-83.61861,1039.71,134.52,0.481675820282915,0.0589912291417263,0.9516,humid,low-snow,small
03574500,11,complete,0.43775874376296997,0.2592077851295471,0.17855095863342285,0.5449069003285871,28.846168518066406,True,False,True,06,34.62425,-86.30637,337.61,813.8,0.665991519948698,0.0200681785915394,0.8794,humid,low-snow,medium
03574500,29,complete,0.3007069230079651,-0.042643070220947266,0.34334999322891235,0.7546549835706462,90.58832550048828,True,False,True,06,34.62425,-86.30637,337.61,813.8,0.665991519948698,0.0200681785915394,0.8794,humid,low-snow,medium
03574500,47,complete,0.4180282950401306,-0.020750880241394043,0.43877917528152466,1.0,48.531646728515625,True,False,True,06,34.62425,-86.30637,337.61,813.8,0.665991519948698,0.0200681785915394,0.8794,humid,low-snow,medium
03592718,11,complete,0.39550626277923584,0.01469510793685913,0.3808111548423767,0.7847754654983571,297.7017822265625,True,False,True,06,34.83556,-88.28806,173.22,66.99,0.879720202270209,0.0149109120314144,0.9566,humid,low-snow,small
03592718,29,complete,0.4891319274902344,-0.21295201778411865,0.702083945274353,0.937842278203724,452.5986328125,True,False,True,06,34.83556,-88.28806,173.22,66.99,0.879720202270209,0.0149109120314144,0.9566,humid,low-snow,small
03592718,47,complete,0.4450961947441101,-0.2400815486907959,0.685177743434906,0.9592004381161008,226.8372344970703,True,False,True,06,34.83556,-88.28806,173.22,66.99,0.879720202270209,0.0149109120314144,0.9566,humid,low-snow,small
03604000,11,complete,0.409635066986084,0.3611453175544739,0.04848974943161011,0.8403614457831325,118.7994155883789,True,False,True,06,35.49591,-87.8328,269.53,1163.03,0.681435564114909,0.0255990760932844,0.8342,humid,low-snow,medium
03604000,29,complete,0.5246155858039856,-0.06888258457183838,0.593498170375824,0.9986308871851041,649.001220703125,True,True,True,06,35.49591,-87.8328,269.53,1163.03,0.681435564114909,0.0255990760932844,0.8342,humid,low-snow,medium
03604000,47,complete,0.6126915812492371,0.23991382122039795,0.3727777600288391,0.9701533406352684,176.41087341308594,True,True,True,06,35.49591,-87.8328,269.53,1163.03,0.681435564114909,0.0255990760932844,0.8342,humid,low-snow,medium
04015330,11,complete,0.5519441962242126,0.3252507448196411,0.22669345140457153,1.0,62.79137420654297,True,True,True,04,46.94688,-91.7924,337.69,224.35,0.874388280219585,0.196079390089318,0.9911,humid,snow-influenced,small
04015330,29,complete,0.5212616324424744,0.4959638714790344,0.02529776096343994,1.0,201.63180541992188,True,True,True,04,46.94688,-91.7924,337.69,224.35,0.874388280219585,0.196079390089318,0.9911,humid,snow-influenced,small
04015330,47,complete,0.48123759031295776,0.256037175655365,0.22520041465759277,0.817907995618839,47.099308013916016,True,False,True,04,46.94688,-91.7924,337.69,224.35,0.874388280219585,0.196079390089318,0.9911,humid,snow-influenced,small
04027000,11,complete,0.6778683066368103,-0.048404574394226074,0.7262728810310364,1.0,84.14466857910156,True,True,True,04,46.48661,-90.6963,425.75,1619.85,0.847019849630856,0.235000084730923,0.9959,humid,snow-influenced,medium
04027000,29,complete,0.5841050148010254,-0.645201563835144,1.2293065786361694,1.0,56.014739990234375,True,True,True,04,46.48661,-90.6963,425.75,1619.85,0.847019849630856,0.235000084730923,0.9959,humid,snow-influenced,medium
04027000,47,complete,0.46932172775268555,-0.19730007648468018,0.6666218042373657,0.9326396495071194,18.071243286132812,True,False,True,04,46.48661,-90.6963,425.75,1619.85,0.847019849630856,0.235000084730923,0.9959,humid,snow-influenced,medium
04040500,11,complete,0.43520987033843994,-0.0426408052444458,0.47785067558288574,0.9641292442497261,5.996164798736572,True,False,True,04,46.58411,-88.57597,497.28,419.83,0.926734185681405,0.309607600434067,1.0,humid,snow-influenced,small
04040500,29,complete,0.2940303683280945,-1.0767111778259277,1.3707415461540222,1.0,180.56105041503906,True,False,True,04,46.58411,-88.57597,497.28,419.83,0.926734185681405,0.309607600434067,1.0,humid,snow-influenced,small
04040500,47,complete,-0.06560266017913818,-1.0339837074279785,0.9683810472488403,0.9657721796276013,29.20628547668457,True,False,True,04,46.58411,-88.57597,497.28,419.83,0.926734185681405,0.309607600434067,1.0,humid,snow-influenced,small
04043050,11,complete,0.3498452305793762,0.08970928192138672,0.2601359486579895,1.0,64.29835510253906,True,False,True,04,47.22854,-88.38539,239.41,76.62,1.0553713361417,0.299401075000363,0.9769,water-limited,snow-influenced,small
04043050,29,complete,0.32933133840560913,0.18261539936065674,0.1467159390449524,0.4241511500547645,10.602584838867188,True,False,True,04,47.22854,-88.38539,239.41,76.62,1.0553713361417,0.299401075000363,0.9769,water-limited,snow-influenced,small
04043050,47,complete,0.35712212324142456,0.1927672028541565,0.16435492038726807,0.40936473165388826,9.561295509338379,True,False,True,04,47.22854,-88.38539,239.41,76.62,1.0553713361417,0.299401075000363,0.9769,water-limited,snow-influenced,small
04045500,11,complete,-5.132624626159668,-5.114336013793945,-0.018288612365722656,1.0,2.4131808280944824,True,False,False,04,46.57502,-85.26955,236.77,1909.59,1.08935598414372,0.300079815277018,0.982,water-limited,snow-influenced,medium
04045500,29,complete,-3.8246922492980957,-8.901654243469238,5.076961994171143,1.0,82.095458984375,True,False,True,04,46.57502,-85.26955,236.77,1909.59,1.08935598414372,0.300079815277018,0.982,water-limited,snow-influenced,medium
04045500,47,complete,-2.5825536251068115,-4.584842681884766,2.002289056777954,1.0,21.900405883789062,True,False,True,04,46.57502,-85.26955,236.77,1909.59,1.08935598414372,0.300079815277018,0.982,water-limited,snow-influenced,medium
04057510,11,complete,-11.233641624450684,-11.132922172546387,-0.10071945190429688,1.0,3.5345547199249268,True,False,False,04,45.94302,-86.7057,228.86,473.57,0.864030985864762,0.253134692886369,0.9814,humid,snow-influenced,small
04057510,29,complete,-11.515486717224121,-14.131771087646484,2.6162843704223633,0.9997261774370209,25.2239990234375,True,False,True,04,45.94302,-86.7057,228.86,473.57,0.864030985864762,0.253134692886369,0.9814,humid,snow-influenced,small
04057510,47,complete,-5.674643516540527,-8.405592918395996,2.7309494018554688,1.0,15.280078887939453,True,False,True,04,45.94302,-86.7057,228.86,473.57,0.864030985864762,0.253134692886369,0.9814,humid,snow-influenced,small
04057800,11,complete,0.1746785044670105,-0.4587963819503784,0.6334748864173889,0.9375684556407448,5.550776958465576,True,False,True,04,46.4991,-87.88652,476.21,115.87,0.823184139876562,0.334246736484748,1.0,humid,snow-influenced,small
04057800,29,complete,0.1336764097213745,-1.3488943576812744,1.482570767402649,0.6024096385542169,146.19232177734375,True,False,True,04,46.4991,-87.88652,476.21,115.87,0.823184139876562,0.334246736484748,1.0,humid,snow-influenced,small
04057800,47,complete,0.1974315047264099,-0.966923713684082,1.164355218410492,0.8529572836801752,21.16628646850586,True,False,True,04,46.4991,-87.88652,476.21,115.87,0.823184139876562,0.334246736484748,1.0,humid,snow-influenced,small
04059500,11,complete,-1.9655992984771729,-3.238729953765869,1.2731306552886963,1.0,26.870494842529297,True,False,True,04,45.75552,-87.20152,314.09,1184.37,1.06958884378108,0.235319790957285,0.9954,water-limited,snow-influenced,medium
04059500,29,complete,-1.6001386642456055,-4.333146095275879,2.7330074310302734,0.9997261774370209,39.70328903198242,True,False,True,04,45.75552,-87.20152,314.09,1184.37,1.06958884378108,0.235319790957285,0.9954,water-limited,snow-influenced,medium
04059500,47,complete,-1.1543006896972656,-3.8510799407958984,2.696779251098633,0.7322015334063526,12.979686737060547,True,False,True,04,45.75552,-87.20152,314.09,1184.37,1.06958884378108,0.235319790957285,0.9954,water-limited,snow-influenced,medium
04063700,11,complete,-6.561662197113037,-9.082334518432617,2.52067232131958,1.0,9.242366790771484,True,False,True,04,45.76357,-88.46318,473.28,362.57,0.888204601535273,0.211966109984869,0.9981,humid,snow-influenced,small
04063700,29,complete,-6.820445537567139,-12.626201629638672,5.805756092071533,1.0,28.181015014648438,True,False,True,04,45.76357,-88.46318,473.28,362.57,0.888204601535273,0.211966109984869,0.9981,humid,snow-influenced,small
04063700,47,complete,-2.1087865829467773,-9.32357120513916,7.214784622192383,0.7647864184008762,24.297658920288086,True,False,True,04,45.76357,-88.46318,473.28,362.57,0.888204601535273,0.211966109984869,0.9981,humid,snow-influenced,small
04074950,11,complete,-11.18332290649414,-24.261829376220703,13.078506469726562,1.0,38.349613189697266,True,False,True,04,45.18997,-88.73344,482.31,1205.53,0.975652674773615,0.203272983314769,0.9667,humid,snow-influenced,medium
04074950,29,complete,-11.268635749816895,-20.51370620727539,9.245070457458496,1.0,10.38007926940918,True,False,True,04,45.18997,-88.73344,482.31,1205.53,0.975652674773615,0.203272983314769,0.9667,humid,snow-influenced,medium
04074950,47,complete,-4.655007839202881,-14.499272346496582,9.844264507293701,0.4411281489594743,9.945853233337402,True,False,True,04,45.18997,-88.73344,482.31,1205.53,0.975652674773615,0.203272983314769,0.9667,humid,snow-influenced,medium
04105700,11,complete,-11.97241497039795,-22.878936767578125,10.906521797180176,1.0,52.49074172973633,True,False,True,04,42.35337,-85.35389,277.91,98.04,0.830361663811915,0.154578943663624,0.6706,humid,snow-influenced,small
04105700,29,complete,-11.436882019042969,-24.46605682373047,13.0291748046875,0.6369112814895947,85.28849029541016,True,False,True,04,42.35337,-85.35389,277.91,98.04,0.830361663811915,0.154578943663624,0.6706,humid,snow-influenced,small
04105700,47,complete,-6.240337371826172,-30.009449005126953,23.76911163330078,0.8376232201533407,56.89634704589844,True,False,True,04,42.35337,-85.35389,277.91,98.04,0.830361663811915,0.154578943663624,0.6706,humid,snow-influenced,small
04115265,11,complete,-14.343634605407715,-20.3843994140625,6.040764808654785,1.0,33.521366119384766,True,False,True,04,43.24976,-84.98113,254.56,95.78,0.905793417301305,0.17692366303836,0.1706,humid,snow-influenced,small
04115265,29,complete,-8.176570892333984,-14.315741539001465,6.1391706466674805,0.690854326396495,39.85149383544922,True,False,True,04,43.24976,-84.98113,254.56,95.78,0.905793417301305,0.17692366303836,0.1706,humid,snow-influenced,small
04115265,47,complete,-3.3022217750549316,-19.70805549621582,16.40583372116089,1.0,92.8857421875,True,False,True,04,43.24976,-84.98113,254.56,95.78,0.905793417301305,0.17692366303836,0.1706,humid,snow-influenced,small
04122200,11,complete,-7.577327728271484,-14.255675315856934,6.678347587585449,0.9980832420591457,54.76751708984375,True,False,True,04,43.46418,-86.23257,244.61,1048.28,0.844161873009632,0.175430988197981,0.7431,humid,snow-influenced,medium
04122200,29,complete,-9.427787780761719,-15.214826583862305,5.787038803100586,1.0,27.133987426757812,True,False,True,04,43.46418,-86.23257,244.61,1048.28,0.844161873009632,0.175430988197981,0.7431,humid,snow-influenced,medium
04122200,47,complete,-4.0672078132629395,-13.674994468688965,9.607786655426025,0.9912376779846659,57.68644332885742,True,False,True,04,43.46418,-86.23257,244.61,1048.28,0.844161873009632,0.175430988197981,0.7431,humid,snow-influenced,medium
04122500,11,complete,-11.246495246887207,-19.679319381713867,8.43282413482666,0.9991785323110625,68.19588470458984,True,False,True,04,43.94501,-86.27869,270.61,1769.19,0.846111377036028,0.184317913063151,0.7555,humid,snow-influenced,medium
04122500,29,complete,-10.665877342224121,-18.30011749267578,7.63424015045166,1.0,37.92928695678711,True,False,True,04,43.94501,-86.27869,270.61,1769.19,0.846111377036028,0.184317913063151,0.7555,humid,snow-influenced,medium
04122500,47,complete,-5.740475654602051,-15.90104866027832,10.16057300567627,0.9983570646221248,64.68142700195312,True,False,True,04,43.94501,-86.27869,270.61,1769.19,0.846111377036028,0.184317913063151,0.7555,humid,snow-influenced,medium
04127918,11,complete,-3.35225248336792,-3.8279380798339844,0.47568559646606445,1.0,4.114809989929199,True,False,True,04,46.18585,-84.59783,234.05,548.29,0.773171041918918,0.290254060373262,0.9563,humid,snow-influenced,medium
04127918,29,complete,-1.5227460861206055,-4.426743030548096,2.9039969444274902,1.0,48.83001708984375,True,False,True,04,46.18585,-84.59783,234.05,548.29,0.773171041918918,0.290254060373262,0.9563,humid,snow-influenced,medium
04127918,47,complete,-0.701125979423523,-4.470860481262207,3.769734501838684,0.6585432639649507,35.66096878051758,True,False,True,04,46.18585,-84.59783,234.05,548.29,0.773171041918918,0.290254060373262,0.9563,humid,snow-influenced,medium
04127997,11,complete,-25.77745246887207,-39.587894439697266,13.810441970825195,0.9953450164293538,19.30167007446289,True,False,True,04,45.27446,-84.60003,356.97,487.16,1.14211458691007,0.268061615104673,0.7608,water-limited,snow-influenced,small
04127997,29,complete,-20.759489059448242,-41.82466125488281,21.06517219543457,0.505750273822563,14.310441017150879,True,False,True,04,45.27446,-84.60003,356.97,487.16,1.14211458691007,0.268061615104673,0.7608,water-limited,snow-influenced,small
04127997,47,complete,-10.347758293151855,-33.89109802246094,23.543339729309082,0.6180175246440307,38.775089263916016,True,False,True,04,45.27446,-84.60003,356.97,487.16,1.14211458691007,0.268061615104673,0.7608,water-limited,snow-influenced,small
04161580,11,complete,-6.121365070343018,-12.436702728271484,6.315337657928467,0.9986308871851041,90.11750793457031,True,False,True,04,42.80086,-83.09021,277.3,64.31,0.92086849110792,0.157673147023086,0.3152,humid,snow-influenced,small
04161580,29,complete,-1.241929531097412,-15.566732406616211,14.324802875518799,0.9887732749178533,454.7146301269531,True,False,True,04,42.80086,-83.09021,277.3,64.31,0.92086849110792,0.157673147023086,0.3152,humid,snow-influenced,small
04161580,47,complete,-1.8672940731048584,-14.496502876281738,12.62920880317688,0.9956188389923329,113.59051513671875,True,False,True,04,42.80086,-83.09021,277.3,64.31,0.92086849110792,0.157673147023086,0.3152,humid,snow-influenced,small
04185000,11,complete,0.40802139043807983,-1.3375129699707031,1.745534360408783,1.0,140.63845825195312,True,False,True,04,41.5045,-84.42967,250.64,1064.0,0.918176017959052,0.125203448992686,0.2041,humid,snow-influenced,medium
04185000,29,complete,0.043534815311431885,-3.115276336669922,3.1588111519813538,0.9956188389923329,134.2151336669922,True,False,True,04,41.5045,-84.42967,250.64,1064.0,0.918176017959052,0.125203448992686,0.2041,humid,snow-influenced,medium
04185000,47,complete,-0.3596954345703125,-2.2220652103424072,1.8623697757720947,0.5569550930996714,29.44571304321289,True,False,True,04,41.5045,-84.42967,250.64,1064.0,0.918176017959052,0.125203448992686,0.2041,humid,snow-influenced,medium
04196800,11,complete,0.33994060754776,-0.31719207763671875,0.6571326851844788,1.0,218.04429626464844,True,False,True,04,40.92283,-83.34881,276.66,608.07,0.917549783780215,0.099311648741759,0.0048,humid,low-snow,medium
04196800,29,complete,0.3316879868507385,-0.9870926141738892,1.3187806010246277,1.0,90.61929321289062,True,False,True,04,40.92283,-83.34881,276.66,608.07,0.917549783780215,0.099311648741759,0.0048,humid,low-snow,medium
04196800,47,complete,0.42494720220565796,-0.35650432109832764,0.7814515233039856,1.0,228.22023010253906,True,False,True,04,40.92283,-83.34881,276.66,608.07,0.917549783780215,0.099311648741759,0.0048,humid,low-snow,medium
04197100,11,complete,0.46402883529663086,-0.38179290294647217,0.845821738243103,1.0,153.536376953125,True,False,True,04,41.02228,-83.10964,298.46,388.21,0.886387981160268,0.111863760810241,0.0067,humid,snow-influenced,small
04197100,29,complete,0.5608173608779907,-0.680511474609375,1.2413288354873657,1.0,185.07379150390625,True,True,True,04,41.02228,-83.10964,298.46,388.21,0.886387981160268,0.111863760810241,0.0067,humid,snow-influenced,small
04197100,47,complete,0.4846457242965698,-0.5599526166915894,1.0445983409881592,1.0,81.79362487792969,True,False,True,04,41.02228,-83.10964,298.46,388.21,0.886387981160268,0.111863760810241,0.0067,humid,snow-influenced,small
04197170,11,complete,0.503485918045044,0.19925934076309204,0.3042265772819519,1.0,192.16934204101562,True,True,True,04,41.11367,-83.16825,275.04,95.21,0.889244814676699,0.10758495614117,0.0059,humid,snow-influenced,small
04197170,29,complete,0.6977419257164001,-0.06853556632995605,0.7662774920463562,1.0,63.58732223510742,True,True,True,04,41.11367,-83.16825,275.04,95.21,0.889244814676699,0.10758495614117,0.0059,humid,snow-influenced,small
04197170,47,complete,0.6846432685852051,0.12568038702011108,0.558962881565094,1.0,137.11866760253906,True,True,True,04,41.11367,-83.16825,275.04,95.21,0.889244814676699,0.10758495614117,0.0059,humid,snow-influenced,small
04213000,11,complete,0.38334983587265015,0.1486082673072815,0.23474156856536865,0.940854326396495,21.273616790771484,True,False,True,04,41.927,-80.60397,322.72,455.3,0.708590105319843,0.162227338465539,0.9317,humid,snow-influenced,small
04213000,29,complete,0.10988509654998779,-0.34999799728393555,0.45988309383392334,1.0,481.7857971191406,True,False,True,04,41.927,-80.60397,322.72,455.3,0.708590105319843,0.162227338465539,0.9317,humid,snow-influenced,small
04213000,47,complete,0.3817480802536011,0.09047919511795044,0.29126888513565063,0.9816538882803943,82.84785461425781,True,False,True,04,41.927,-80.60397,322.72,455.3,0.708590105319843,0.162227338465539,0.9317,humid,snow-influenced,small
04213075,11,complete,0.19666147232055664,-0.2049417495727539,0.40160322189331055,0.9843921139101862,9.900442123413086,True,False,True,04,41.992,-80.29117,358.17,11.65,0.708554103101673,0.160655070848624,0.9686,humid,snow-influenced,small
04213075,29,complete,0.24972540140151978,-0.31021904945373535,0.5599444508552551,1.0,438.0754699707031,True,False,True,04,41.992,-80.29117,358.17,11.65,0.708554103101673,0.160655070848624,0.9686,humid,snow-influenced,small
04213075,47,complete,0.3707078695297241,-0.11654794216156006,0.4872558116912842,0.9660460021905805,76.68598175048828,True,False,True,04,41.992,-80.29117,358.17,11.65,0.708554103101673,0.160655070848624,0.9686,humid,snow-influenced,small
04216418,11,complete,0.5101984739303589,0.2276080846786499,0.282590389251709,0.976998904709748,35.43780517578125,True,True,True,04,42.86395,-78.28363,533.55,196.47,0.707685432418121,0.225393876789264,0.9172,humid,snow-influenced,small
04216418,29,complete,0.16045606136322021,-0.3049126863479614,0.46536874771118164,1.0,574.05078125,True,False,True,04,42.86395,-78.28363,533.55,196.47,0.707685432418121,0.225393876789264,0.9172,humid,snow-influenced,small
04216418,47,complete,0.5882008671760559,-0.200239896774292,0.7884407639503479,0.9742606790799562,34.440155029296875,True,True,True,04,42.86395,-78.28363,533.55,196.47,0.707685432418121,0.225393876789264,0.9172,humid,snow-influenced,small
04221000,11,complete,0.5786303877830505,0.19096320867538452,0.387667179107666,0.9876779846659365,16.732433319091797,True,True,True,04,42.12229,-77.95722,658.41,750.88,0.715016154973943,0.207214753166224,0.969,humid,snow-influenced,medium
04221000,29,complete,0.29029208421707153,-0.5698446035385132,0.8601366877555847,1.0,443.17449951171875,True,False,True,04,42.12229,-77.95722,658.41,750.88,0.715016154973943,0.207214753166224,0.969,humid,snow-influenced,medium
04221000,47,complete,0.6134589910507202,-0.48443007469177246,1.0978890657424927,0.9490690032858707,22.23099136352539,True,True,True,04,42.12229,-77.95722,658.41,750.88,0.715016154973943,0.207214753166224,0.969,humid,snow-influenced,medium
04224775,11,complete,0.5055173635482788,-0.30413830280303955,0.8096556663513184,0.9597480832420592,15.8643798828125,True,True,True,04,42.53562,-77.70416,519.45,231.84,0.770214603947025,0.204650190587357,0.8681,humid,snow-influenced,small
04224775,29,complete,0.202988862991333,-0.9782810211181641,1.181269884109497,1.0,541.4011840820312,True,False,True,04,42.53562,-77.70416,519.45,231.84,0.770214603947025,0.204650190587357,0.8681,humid,snow-influenced,small
04224775,47,complete,0.5623746514320374,-0.5420764684677124,1.1044511198997498,0.9764512595837898,48.113285064697266,True,True,True,04,42.53562,-77.70416,519.45,231.84,0.770214603947025,0.204650190587357,0.8681,humid,snow-influenced,small
04233000,11,complete,0.5880550146102905,-0.12243390083312988,0.7104889154434204,0.8674698795180723,44.58111572265625,True,True,True,04,42.39313,-76.54494,434.01,91.9,0.782044925719142,0.169532329377697,0.9837,humid,snow-influenced,small
04233000,29,complete,0.18083083629608154,-1.1224501132965088,1.3032809495925903,1.0,577.0335693359375,True,False,True,04,42.39313,-76.54494,434.01,91.9,0.782044925719142,0.169532329377697,0.9837,humid,snow-influenced,small
04233000,47,complete,0.6319057941436768,-0.5636276006698608,1.1955333948135376,0.9775465498357064,45.359256744384766,True,True,True,04,42.39313,-76.54494,434.01,91.9,0.782044925719142,0.169532329377697,0.9837,humid,snow-influenced,small
04256000,11,complete,0.38511937856674194,0.16579002141952515,0.2193293571472168,0.6322562979189486,8.23015308380127,True,False,True,04,43.74729,-75.33435,486.49,232.45,0.602345769198956,0.279703584506989,1.0,humid,snow-influenced,small
04256000,29,complete,0.5576583743095398,0.1563209891319275,0.4013373851776123,0.7653340635268346,81.18614196777344,True,True,True,04,43.74729,-75.33435,486.49,232.45,0.602345769198956,0.279703584506989,1.0,humid,snow-influenced,small
04256000,47,complete,0.33144664764404297,-0.01614201068878174,0.3475886583328247,0.8326944140197152,11.046469688415527,True,False,True,04,43.74729,-75.33435,486.49,232.45,0.602345769198956,0.279703584506989,1.0,humid,snow-influenced,small
04296000,11,complete,-0.07580673694610596,-0.10274183750152588,0.026935100555419922,0.056681270536692224,5.344821929931641,True,False,True,01,44.86894,-72.2701,390.99,302.19,0.605973313623426,0.273317826422307,1.0,humid,snow-influenced,small
04296000,29,complete,0.3739206790924072,-0.3041454553604126,0.6780661344528198,0.5164293537787513,40.612701416015625,True,False,True,01,44.86894,-72.2701,390.99,302.19,0.605973313623426,0.273317826422307,1.0,humid,snow-influenced,small
04296000,47,complete,-0.21724450588226318,-0.9509897232055664,0.7337452173233032,0.6128148959474261,10.770099639892578,True,False,True,01,44.86894,-72.2701,390.99,302.19,0.605973313623426,0.273317826422307,1.0,humid,snow-influenced,small
05057200,11,complete,-4.138797760009766,-10.233091354370117,6.094293594360352,1.0,27.662599563598633,True,False,True,09,47.22916,-98.12482,447.5,1897.33,1.40396705405342,0.141789208175196,0.0165,water-limited,snow-influenced,medium
05057200,29,complete,-1.1148402690887451,-12.423955917358398,11.309115648269653,1.0,96.21590423583984,True,False,True,09,47.22916,-98.12482,447.5,1897.33,1.40396705405342,0.141789208175196,0.0165,water-limited,snow-influenced,medium
05057200,47,complete,-4.426705837249756,-14.494255065917969,10.067549228668213,1.0,19.240285873413086,True,False,True,09,47.22916,-98.12482,447.5,1897.33,1.40396705405342,0.141789208175196,0.0165,water-limited,snow-influenced,medium
05120500,11,complete,-61.41657638549805,-85.1431884765625,23.726612091064453,0.9813800657174151,41.12330627441406,True,False,True,09,48.13834,-100.53986,515.77,1509.83,1.55418431767856,0.19176626992326,0.0019,water-limited,snow-influenced,medium
05120500,29,complete,-45.556297302246094,-80.73219299316406,35.17589569091797,0.9997261774370209,81.96517944335938,True,False,True,09,48.13834,-100.53986,515.77,1509.83,1.55418431767856,0.19176626992326,0.0019,water-limited,snow-influenced,medium
05120500,47,complete,-60.71397399902344,-94.17725372314453,33.463279724121094,0.9871303395399781,23.011648178100586,True,False,True,09,48.13834,-100.53986,515.77,1509.83,1.55418431767856,0.19176626992326,0.0019,water-limited,snow-influenced,medium
05291000,11,complete,-0.5289454460144043,-3.9330053329467773,3.404059886932373,1.0,143.6749725341797,True,False,True,07,45.29163,-96.48756,432.13,1046.78,1.28927581965823,0.148874500915531,0.0059,water-limited,snow-influenced,medium
05291000,29,complete,0.25944894552230835,-4.276683330535889,4.536132276058197,0.9997261774370209,158.8616943359375,True,False,True,07,45.29163,-96.48756,432.13,1046.78,1.28927581965823,0.148874500915531,0.0059,water-limited,snow-influenced,medium
05291000,47,complete,-2.0203607082366943,-7.76603889465332,5.745678186416626,0.9961664841182913,88.8392562866211,True,False,True,07,45.29163,-96.48756,432.13,1046.78,1.28927581965823,0.148874500915531,0.0059,water-limited,snow-influenced,medium
05362000,11,complete,0.011157691478729248,-0.732979416847229,0.7441371083259583,1.0,26.410097122192383,True,False,True,07,45.30803,-90.95652,434.01,1477.29,0.882623749043753,0.174430982504896,0.9909,humid,snow-influenced,medium
05362000,29,complete,0.27168041467666626,-1.805283546447754,2.07696396112442,1.0,37.342201232910156,True,False,True,07,45.30803,-90.95652,434.01,1477.29,0.882623749043753,0.174430982504896,0.9909,humid,snow-influenced,medium
05362000,47,complete,0.5925134420394897,-0.8492567539215088,1.4417701959609985,0.9928806133625411,30.616666793823242,True,True,True,07,45.30803,-90.95652,434.01,1477.29,0.882623749043753,0.174430982504896,0.9909,humid,snow-influenced,medium
05393500,11,complete,0.45190900564193726,-0.00659489631652832,0.4585039019584656,1.0,19.131908416748047,True,False,True,07,45.44913,-89.97931,487.07,220.44,0.873556936465714,0.19616986570515,1.0,humid,snow-influenced,small
05393500,29,complete,0.47046124935150146,-0.3919484615325928,0.8624097108840942,1.0,182.2699432373047,True,False,True,07,45.44913,-89.97931,487.07,220.44,0.873556936465714,0.19616986570515,1.0,humid,snow-influenced,small
05393500,47,complete,0.5833079814910889,-0.2211693525314331,0.804477334022522,0.994249726177437,59.96070098876953,True,True,True,07,45.44913,-89.97931,487.07,220.44,0.873556936465714,0.19616986570515,1.0,humid,snow-influenced,small
05399500,11,complete,0.4383121132850647,0.13622719049453735,0.30208492279052734,1.0,32.71385955810547,True,False,True,07,44.82191,-90.07958,408.61,576.3,0.932324721609175,0.156958255923397,0.7338,humid,snow-influenced,medium
05399500,29,complete,0.44574064016342163,-0.17158198356628418,0.6173226237297058,0.988499452354874,11.420842170715332,True,False,True,07,44.82191,-90.07958,408.61,576.3,0.932324721609175,0.156958255923397,0.7338,humid,snow-influenced,medium
05399500,47,complete,0.47354865074157715,0.03792273998260498,0.43562591075897217,0.9789156626506024,21.394420623779297,True,False,True,07,44.82191,-90.07958,408.61,576.3,0.932324721609175,0.156958255923397,0.7338,humid,snow-influenced,medium
05408000,11,complete,-0.5272055864334106,-2.340176582336426,1.8129709959030151,0.8921139101861993,44.10545349121094,True,False,True,07,43.57414,-90.64319,348.35,689.33,0.894639096817102,0.140156645371,0.9563,humid,snow-influenced,medium
05408000,29,complete,-0.39940619468688965,-2.3739829063415527,1.974576711654663,0.6185651697699891,46.865108489990234,True,False,True,07,43.57414,-90.64319,348.35,689.33,0.894639096817102,0.140156645371,0.9563,humid,snow-influenced,medium
05408000,47,complete,-0.9884449243545532,-4.847557067871094,3.8591121435165405,0.7929901423877328,90.42363739013672,True,False,True,07,43.57414,-90.64319,348.35,689.33,0.894639096817102,0.140156645371,0.9563,humid,snow-influenced,medium
05413500,11,complete,-0.07507240772247314,-1.5508363246917725,1.4757639169692993,0.7727272727272727,35.904144287109375,True,False,True,07,42.72027,-90.81929,280.29,695.33,0.861296507698511,0.124159245932601,0.599,humid,snow-influenced,medium
05413500,29,complete,-0.13142013549804688,-5.599459648132324,5.468039512634277,0.9225082146768894,34.12757873535156,True,False,True,07,42.72027,-90.81929,280.29,695.33,0.861296507698511,0.124159245932601,0.599,humid,snow-influenced,medium
05413500,47,complete,0.4406222105026245,-2.0515997409820557,2.49222195148468,0.9345564074479737,127.39971160888672,True,False,True,07,42.72027,-90.81929,280.29,695.33,0.861296507698511,0.124159245932601,0.599,humid,snow-influenced,medium
05414000,11,complete,0.04732125997543335,-1.027397632598877,1.0747188925743103,0.8357064622124863,25.516244888305664,True,False,True,07,42.7311,-90.64041,291.51,370.79,0.841185945747515,0.123542293769616,0.4849,humid,snow-influenced,small
05414000,29,complete,-0.18226373195648193,-3.877735137939453,3.695471405982971,0.9318181818181818,29.59941864013672,True,False,True,07,42.7311,-90.64041,291.51,370.79,0.841185945747515,0.123542293769616,0.4849,humid,snow-influenced,small
05414000,47,complete,0.24763917922973633,-1.6051523685455322,1.8527915477752686,0.8989594742606791,118.17861938476562,True,False,True,07,42.7311,-90.64041,291.51,370.79,0.841185945747515,0.123542293769616,0.4849,humid,snow-influenced,small
05444000,11,complete,0.08260613679885864,-4.8701887130737305,4.952794849872589,1.0,166.6537628173828,True,False,True,07,41.90281,-89.69622,241.53,376.35,0.849098383607968,0.113352332875094,0.1186,humid,snow-influenced,small
05444000,29,complete,-0.2002965211868286,-8.88343620300293,8.683139681816101,0.9849397590361446,65.57574462890625,True,False,True,07,41.90281,-89.69622,241.53,376.35,0.849098383607968,0.113352332875094,0.1186,humid,snow-influenced,small
05444000,47,complete,0.057176411151885986,-5.9967360496521,6.053912460803986,1.0,215.96385192871094,True,False,True,07,41.90281,-89.69622,241.53,376.35,0.849098383607968,0.113352332875094,0.1186,humid,snow-influenced,small
05454000,11,complete,0.642568051815033,-0.9757872819900513,1.6183553338050842,1.0,134.55023193359375,True,True,True,07,41.70002,-91.48767,225.39,65.38,0.868949342348529,0.102381239516297,0.0902,humid,snow-influenced,small
05454000,29,complete,0.5753599405288696,-1.9567067623138428,2.5320667028427124,1.0,60.60590744018555,True,True,True,07,41.70002,-91.48767,225.39,65.38,0.868949342348529,0.102381239516297,0.0902,humid,snow-influenced,small
05454000,47,complete,0.5850730538368225,-0.7480630874633789,1.3331361413002014,1.0,224.3238983154297,True,True,True,07,41.70002,-91.48767,225.39,65.38,0.868949342348529,0.102381239516297,0.0902,humid,snow-influenced,small
05458000,11,complete,-0.27096736431121826,-1.9828834533691406,1.7119160890579224,1.0,98.39340209960938,True,False,True,07,43.03328,-92.50354,355.97,776.76,0.879679828428681,0.122540965691067,0.2524,humid,snow-influenced,medium
05458000,29,complete,0.08100897073745728,-3.181725025177002,3.2627339959144592,0.9997261774370209,83.64984130859375,True,False,True,07,43.03328,-92.50354,355.97,776.76,0.879679828428681,0.122540965691067,0.2524,humid,snow-influenced,medium
05458000,47,complete,0.09945595264434814,-2.589813470840454,2.6892694234848022,0.9991785323110625,185.32647705078125,True,False,True,07,43.03328,-92.50354,355.97,776.76,0.879679828428681,0.122540965691067,0.2524,humid,snow-influenced,medium
05466500,11,complete,0.4027928113937378,-2.188830614089966,2.5916234254837036,0.9997261774370209,136.44776916503906,True,False,True,07,41.18698,-90.96737,222.09,1151.57,0.894159243629859,0.107102802145215,0.0954,humid,snow-influenced,medium
05466500,29,complete,0.19722479581832886,-4.1720075607299805,4.369232356548309,0.9961664841182913,293.84490966796875,True,False,True,07,41.18698,-90.96737,222.09,1151.57,0.894159243629859,0.107102802145215,0.0954,humid,snow-influenced,medium
05466500,47,complete,-0.4108787775039673,-3.5004663467407227,3.0895875692367554,1.0,166.6183624267578,True,False,True,07,41.18698,-90.96737,222.09,1151.57,0.894159243629859,0.107102802145215,0.0954,humid,snow-influenced,medium
05487980,11,complete,0.4038262367248535,0.13758105039596558,0.26624518632888794,0.9909638554216867,172.5499725341797,True,False,True,07,41.24688,-93.26607,309.96,882.73,0.90467101426818,0.0964519167641938,0.2602,humid,low-snow,medium
05487980,29,complete,0.38315969705581665,-0.11199712753295898,0.49515682458877563,0.9994523548740416,166.39956665039062,True,False,True,07,41.24688,-93.26607,309.96,882.73,0.90467101426818,0.0964519167641938,0.2602,humid,low-snow,medium
05487980,47,complete,0.5837222337722778,-0.12657201290130615,0.710294246673584,0.6169222343921139,59.00946807861328,True,True,True,07,41.24688,-93.26607,309.96,882.73,0.90467101426818,0.0964519167641938,0.2602,humid,low-snow,medium
05488200,11,complete,0.46244627237319946,0.1568778157234192,0.3055684566497803,0.9994523548740416,90.77108764648438,True,False,True,07,41.30055,-93.04548,282.37,234.21,0.911920102668898,0.10182137585369,0.4427,humid,snow-influenced,small
05488200,29,complete,0.1365731954574585,0.0631287693977356,0.0734444260597229,1.0,509.14862060546875,True,False,True,07,41.30055,-93.04548,282.37,234.21,0.911920102668898,0.10182137585369,0.4427,humid,snow-influenced,small
05488200,47,complete,0.4861549735069275,-0.0098876953125,0.4960426688194275,0.7847754654983571,122.66143035888672,True,False,True,07,41.30055,-93.04548,282.37,234.21,0.911920102668898,0.10182137585369,0.4427,humid,snow-influenced,small
05489000,11,complete,0.43099600076675415,0.2010175585746765,0.22997844219207764,0.9665936473165389,100.40263366699219,True,False,True,07,41.219,-92.90853,281.38,964.76,0.908419707294955,0.0977424681708028,0.3304,humid,low-snow,medium
05489000,29,complete,0.08251285552978516,-0.06350898742675781,0.14602184295654297,1.0,664.2435302734375,True,False,True,07,41.219,-92.90853,281.38,964.76,0.908419707294955,0.0977424681708028,0.3304,humid,low-snow,medium
05489000,47,complete,0.4788737893104553,-0.12413418292999268,0.603007972240448,0.7612267250821467,108.47972106933594,True,False,True,07,41.219,-92.90853,281.38,964.76,0.908419707294955,0.0977424681708028,0.3304,humid,low-snow,medium
05495000,11,complete,0.5085244178771973,0.1737607717514038,0.33476364612579346,0.9553669222343921,207.5501708984375,True,True,True,07,40.39241,-91.59788,236.65,1027.55,0.914279499523595,0.0965623589589288,0.2856,humid,low-snow,medium
05495000,29,complete,0.3170434236526489,-0.43579721450805664,0.7528406381607056,0.9986308871851041,251.75096130371094,True,False,True,07,40.39241,-91.59788,236.65,1027.55,0.914279499523595,0.0965623589589288,0.2856,humid,low-snow,medium
05495000,47,complete,0.494815468788147,-0.2994753122329712,0.7942907810211182,0.9208652792990142,166.3870391845703,True,False,True,07,40.39241,-91.59788,236.65,1027.55,0.914279499523595,0.0965623589589288,0.2856,humid,low-snow,medium
05495500,11,complete,0.6083959341049194,0.005480349063873291,0.6029155850410461,1.0,208.40936279296875,True,True,True,07,40.14282,-91.33737,203.55,905.56,0.920609756946551,0.0758324970984556,0.1464,humid,low-snow,medium
05495500,29,complete,0.6312389373779297,-0.630020260810852,1.2612591981887817,1.0,83.50188446044922,True,True,True,07,40.14282,-91.33737,203.55,905.56,0.920609756946551,0.0758324970984556,0.1464,humid,low-snow,medium
05495500,47,complete,0.7159677147865295,-0.06597280502319336,0.7819405198097229,1.0,234.80874633789062,True,True,True,07,40.14282,-91.33737,203.55,905.56,0.920609756946551,0.0758324970984556,0.1464,humid,low-snow,medium
05501000,11,complete,0.7098063826560974,0.1680612564086914,0.541745126247406,1.0,125.03409576416016,True,True,True,07,39.81799,-91.5177,215.88,922.83,0.908715579008473,0.0805965933083467,0.1158,humid,low-snow,medium
05501000,29,complete,0.5911924242973328,-0.03583574295043945,0.6270281672477722,1.0,73.91983032226562,True,True,True,07,39.81799,-91.5177,215.88,922.83,0.908715579008473,0.0805965933083467,0.1158,humid,low-snow,medium
05501000,47,complete,0.6332439184188843,0.299186646938324,0.3340572714805603,1.0,269.8455505371094,True,True,True,07,39.81799,-91.5177,215.88,922.83,0.908715579008473,0.0805965933083467,0.1158,humid,low-snow,medium
05503800,11,complete,0.46268194913864136,0.15126371383666992,0.31141823530197144,1.0,324.87054443359375,True,False,True,07,39.58483,-91.99349,232.79,212.64,0.875087115769595,0.0832843857982754,0.076,humid,low-snow,small
05503800,29,complete,0.4836837649345398,-0.14552271366119385,0.6292064785957336,1.0,211.27073669433594,True,False,True,07,39.58483,-91.99349,232.79,212.64,0.875087115769595,0.0832843857982754,0.076,humid,low-snow,small
05503800,47,complete,0.662803053855896,-0.27137577533721924,0.9341788291931152,1.0,226.16282653808594,True,True,True,07,39.58483,-91.99349,232.79,212.64,0.875087115769595,0.0832843857982754,0.076,humid,low-snow,small
05507600,11,complete,0.3086240291595459,0.4419562816619873,-0.1333322525024414,1.0,369.03570556640625,True,False,False,07,39.43143,-91.67627,232.77,275.38,1.22248563339614,0.0742633892998097,0.0387,water-limited,low-snow,small
05507600,29,complete,0.5508663654327393,0.42540431022644043,0.12546205520629883,1.0,69.61572265625,True,True,True,07,39.43143,-91.67627,232.77,275.38,1.22248563339614,0.0742633892998097,0.0387,water-limited,low-snow,small
05507600,47,complete,0.6703428626060486,0.5149116516113281,0.15543121099472046,1.0,195.16795349121094,True,True,True,07,39.43143,-91.67627,232.77,275.38,1.22248563339614,0.0742633892998097,0.0387,water-limited,low-snow,small
05508805,11,complete,0.480721116065979,0.39933866262435913,0.08138245344161987,1.0,172.70059204101562,True,False,True,07,39.52046,-91.34275,223.69,536.4,0.938201805052775,0.075793058486455,0.0858,humid,low-snow,medium
05508805,29,complete,0.631279468536377,0.2461414337158203,0.38513803482055664,0.9923329682365827,45.4388427734375,True,True,True,07,39.52046,-91.34275,223.69,536.4,0.938201805052775,0.075793058486455,0.0858,humid,low-snow,medium
05508805,47,complete,0.5089759826660156,0.47145020961761475,0.03752577304840088,1.0,175.33937072753906,True,True,True,07,39.52046,-91.34275,223.69,536.4,0.938201805052775,0.075793058486455,0.0858,humid,low-snow,medium
05525500,11,complete,0.426141619682312,-1.337524652481079,1.7636662721633911,1.0,185.50669860839844,True,False,True,07,40.63004,-87.72392,217.33,1158.76,0.866430264196892,0.0775662992910571,0.0268,humid,low-snow,medium
05525500,29,complete,0.5111535787582397,-2.781576156616211,3.2927297353744507,1.0,86.59300231933594,True,True,True,07,40.63004,-87.72392,217.33,1158.76,0.866430264196892,0.0775662992910571,0.0268,humid,low-snow,medium
05525500,47,complete,0.15856647491455078,-2.4936904907226562,2.652256965637207,1.0,114.31729888916016,True,False,True,07,40.63004,-87.72392,217.33,1158.76,0.866430264196892,0.0775662992910571,0.0268,humid,low-snow,medium
05556500,11,complete,0.5811123847961426,-1.5104968547821045,2.091609239578247,1.0,233.25418090820312,True,True,True,07,41.36587,-89.49843,217.97,505.09,0.859336170405326,0.106987814559373,0.1229,humid,snow-influenced,medium
05556500,29,complete,0.5444729328155518,-2.5812222957611084,3.12569522857666,1.0,78.11972045898438,True,True,True,07,41.36587,-89.49843,217.97,505.09,0.859336170405326,0.106987814559373,0.1229,humid,snow-influenced,medium
05556500,47,complete,0.5395731925964355,-1.816101312637329,2.3556745052337646,1.0,167.74957275390625,True,True,True,07,41.36587,-89.49843,217.97,505.09,0.859336170405326,0.106987814559373,0.1229,humid,snow-influenced,medium
05584500,11,complete,0.4275957942008972,-1.2300662994384766,1.6576620936393738,1.0,198.7413787841797,True,False,True,07,40.33032,-90.89624,197.83,1695.67,0.904224450377187,0.0864765586667042,0.1497,humid,low-snow,medium
05584500,29,complete,0.31808990240097046,-2.924994468688965,3.2430843710899353,1.0,123.56737518310547,True,False,True,07,40.33032,-90.89624,197.83,1695.67,0.904224450377187,0.0864765586667042,0.1497,humid,low-snow,medium
05584500,47,complete,0.17266374826431274,-1.4524953365325928,1.6251590847969055,1.0,208.27578735351562,True,False,True,07,40.33032,-90.89624,197.83,1695.67,0.904224450377187,0.0864765586667042,0.1497,humid,low-snow,medium
05591550,11,complete,0.5487315654754639,0.0626794695854187,0.48605209589004517,1.0,252.26446533203125,True,True,True,07,39.5067,-88.52756,211.21,96.21,0.891032818970254,0.0692516054963585,0.0151,humid,low-snow,small
05591550,29,complete,0.32710015773773193,-0.29134702682495117,0.6184471845626831,1.0,370.3391418457031,True,False,True,07,39.5067,-88.52756,211.21,96.21,0.891032818970254,0.0692516054963585,0.0151,humid,low-snow,small
05591550,47,complete,0.714413583278656,-0.30491387844085693,1.019327461719513,1.0,189.03378295898438,True,True,True,07,39.5067,-88.52756,211.21,96.21,0.891032818970254,0.0692516054963585,0.0151,humid,low-snow,small
05592050,11,complete,0.6099667549133301,0.029139697551727295,0.5808270573616028,1.0,223.65907287597656,True,True,True,07,39.40587,-88.89646,191.16,254.12,0.914557066866657,0.0740889287495313,0.0709,humid,low-snow,small
05592050,29,complete,0.2654043436050415,-0.3811899423599243,0.6465942859649658,1.0,385.56976318359375,True,False,True,07,39.40587,-88.89646,191.16,254.12,0.914557066866657,0.0740889287495313,0.0709,humid,low-snow,small
05592050,47,complete,0.6857284307479858,-0.34718596935272217,1.032914400100708,1.0,189.7531280517578,True,True,True,07,39.40587,-88.89646,191.16,254.12,0.914557066866657,0.0740889287495313,0.0709,humid,low-snow,small
05592575,11,complete,0.5756868124008179,0.2108287811279297,0.3648580312728882,0.98986856516977,179.73733520507812,True,True,True,07,38.93699,-88.95284,176.47,115.25,0.896067108661667,0.0638801924050215,0.0625,humid,low-snow,small
05592575,29,complete,0.4190787076950073,0.1295810341835022,0.2894976735115051,1.0,250.464599609375,True,False,True,07,38.93699,-88.95284,176.47,115.25,0.896067108661667,0.0638801924050215,0.0625,humid,low-snow,small
05592575,47,complete,0.6426988840103149,0.17587316036224365,0.4668257236480713,1.0,239.8762664794922,True,True,True,07,38.93699,-88.95284,176.47,115.25,0.896067108661667,0.0638801924050215,0.0625,humid,low-snow,small
05593575,11,complete,0.36638176441192627,0.17251718044281006,0.1938645839691162,1.0,368.1465148925781,True,False,True,07,38.44172,-89.41675,153.43,217.67,0.902521552649698,0.0547473552431735,0.0737,humid,low-snow,small
05593575,29,complete,0.6980018019676208,-0.012052178382873535,0.7100539803504944,1.0,97.37911987304688,True,True,True,07,38.44172,-89.41675,153.43,217.67,0.902521552649698,0.0547473552431735,0.0737,humid,low-snow,small
05593575,47,complete,0.7115646600723267,0.33218157291412354,0.3793830871582031,1.0,233.4101104736328,True,True,True,07,38.44172,-89.41675,153.43,217.67,0.902521552649698,0.0547473552431735,0.0737,humid,low-snow,small
05593900,11,complete,0.2782171368598938,0.33188098669052124,-0.05366384983062744,1.0,316.82421875,True,False,False,07,39.14894,-89.35231,196.82,145.45,0.916137506660939,0.0734339258739105,0.0715,humid,low-snow,small
05593900,29,complete,0.4807046055793762,0.13594096899032593,0.3447636365890503,1.0,97.51625061035156,True,False,True,07,39.14894,-89.35231,196.82,145.45,0.916137506660939,0.0734339258739105,0.0715,humid,low-snow,small
05593900,47,complete,0.4242740273475647,0.35726046562194824,0.06701356172561646,1.0,257.9593505859375,True,False,True,07,39.14894,-89.35231,196.82,145.45,0.916137506660939,0.0734339258739105,0.0715,humid,low-snow,small
05595730,11,complete,0.6798478364944458,0.26093119382858276,0.41891664266586304,1.0,250.17489624023438,True,True,True,07,38.25394,-89.03979,151.58,236.76,0.861415859619752,0.05667164669358,0.0879,humid,low-snow,small
05595730,29,complete,0.7312902212142944,0.12257552146911621,0.6087146997451782,1.0,63.32773208618164,True,True,True,07,38.25394,-89.03979,151.58,236.76,0.861415859619752,0.05667164669358,0.0879,humid,low-snow,small
05595730,47,complete,0.710026741027832,0.3870353102684021,0.32299143075942993,1.0,242.73504638671875,True,True,True,07,38.25394,-89.03979,151.58,236.76,0.861415859619752,0.05667164669358,0.0879,humid,low-snow,small
06221400,11,complete,0.10494500398635864,0.3666841387748718,-0.2617391347885132,0.47836801752464403,6.5868754386901855,True,False,False,10,43.34551,-109.41014,3336.8,227.88,1.93775283537396,0.714826752405444,0.297,water-limited,snow-influenced,small
06221400,29,complete,-0.12353551387786865,0.06422191858291626,-0.1877574324607849,0.9964403066812705,5.91975212097168,True,False,False,10,43.34551,-109.41014,3336.8,227.88,1.93775283537396,0.714826752405444,0.297,water-limited,snow-influenced,small
06221400,47,complete,0.020823121070861816,0.3783387541770935,-0.3575156331062317,0.8072289156626506,4.223428249359131,True,False,False,10,43.34551,-109.41014,3336.8,227.88,1.93775283537396,0.714826752405444,0.297,water-limited,snow-influenced,small
06224000,11,complete,0.2983373999595642,0.4962945580482483,-0.19795715808868408,0.5873493975903614,7.4482035636901855,True,False,False,10,43.1769,-109.20291,3116.82,484.86,1.7478701746332,0.693901350936104,0.387,water-limited,snow-influenced,small
06224000,29,complete,-0.03365743160247803,0.14517682790756226,-0.17883425951004028,0.9956188389923329,5.881128787994385,True,False,False,10,43.1769,-109.20291,3116.82,484.86,1.7478701746332,0.693901350936104,0.387,water-limited,snow-influenced,small
06224000,47,complete,-0.31131720542907715,-0.02957439422607422,-0.28174281120300293,0.9616648411829135,6.101171493530273,True,False,False,10,43.1769,-109.20291,3116.82,484.86,1.7478701746332,0.693901350936104,0.387,water-limited,snow-influenced,small
06278300,11,complete,0.0872160792350769,0.17318826913833618,-0.08597218990325928,0.9835706462212487,10.923320770263672,True,False,False,10,44.50802,-107.40369,2953.37,58.85,1.31947750026898,0.732862235334757,0.5225,water-limited,snow-influenced,small
06278300,29,complete,0.22616511583328247,0.30715733766555786,-0.08099222183227539,0.9011500547645126,8.899038314819336,True,False,False,10,44.50802,-107.40369,2953.37,58.85,1.31947750026898,0.732862235334757,0.5225,water-limited,snow-influenced,small
06278300,47,complete,0.09336864948272705,0.23410767316818237,-0.14073902368545532,0.6467688937568455,9.2850980758667,True,False,False,10,44.50802,-107.40369,2953.37,58.85,1.31947750026898,0.732862235334757,0.5225,water-limited,snow-influenced,small
06289000,11,complete,-0.3684558868408203,-0.0026781558990478516,-0.36577773094177246,1.0,9.95856761932373,True,False,False,10,45.00691,-107.61509,2507.99,471.27,1.4459497623994,0.583642806430044,0.6859,water-limited,snow-influenced,small
06289000,29,complete,0.09336698055267334,0.07710403203964233,0.016262948513031006,0.5353231106243155,3.9028937816619873,True,False,True,10,45.00691,-107.61509,2507.99,471.27,1.4459497623994,0.583642806430044,0.6859,water-limited,snow-influenced,small
06289000,47,complete,-0.478523850440979,-0.6127935647964478,0.13426971435546875,0.9901423877327492,5.17704963684082,True,False,True,10,45.00691,-107.61509,2507.99,471.27,1.4459497623994,0.583642806430044,0.6859,water-limited,snow-influenced,small
06311000,11,complete,0.5510141253471375,0.3988003134727478,0.15221381187438965,0.5602409638554217,8.128725051879883,True,True,True,10,44.02774,-107.08089,2515.87,61.23,1.67622002761224,0.57382796016244,0.3219,water-limited,snow-influenced,small
06311000,29,complete,0.33418798446655273,0.49355626106262207,-0.15936827659606934,0.7516429353778752,9.84536361694336,True,False,False,10,44.02774,-107.08089,2515.87,61.23,1.67622002761224,0.57382796016244,0.3219,water-limited,snow-influenced,small
06311000,47,complete,0.5001266002655029,0.5315327644348145,-0.03140616416931152,0.7970974808324206,7.601097106933594,True,True,False,10,44.02774,-107.08089,2515.87,61.23,1.67622002761224,0.57382796016244,0.3219,water-limited,snow-influenced,small
06332515,11,complete,-0.09261679649353027,-16.504247665405273,16.411630868911743,1.0,10.84510612487793,True,False,True,10,47.78724,-102.76853,683.69,191.49,2.04281782531033,0.173914615394175,0.0,water-limited,snow-influenced,small
06332515,29,complete,-0.5653156042098999,-8.150003433227539,7.584687829017639,1.0,63.08563232421875,True,False,True,10,47.78724,-102.76853,683.69,191.49,2.04281782531033,0.173914615394175,0.0,water-limited,snow-influenced,small
06332515,47,complete,-0.7288486957550049,-45.87154006958008,45.14269137382507,0.9994523548740416,36.11027526855469,True,False,True,10,47.78724,-102.76853,683.69,191.49,2.04281782531033,0.173914615394175,0.0,water-limited,snow-influenced,small
06339100,11,complete,0.016919076442718506,-3.9608817100524902,3.9778007864952087,0.9991785323110625,9.856075286865234,True,False,True,10,47.23613,-102.76991,759.27,529.14,1.83336186298423,0.160349274004295,0.0,water-limited,snow-influenced,medium
06339100,29,complete,0.19150108098983765,-3.593842029571533,3.785343110561371,1.0,124.72042083740234,True,False,True,10,47.23613,-102.76991,759.27,529.14,1.83336186298423,0.160349274004295,0.0,water-limited,snow-influenced,medium
06339100,47,complete,-0.45896172523498535,-11.774590492248535,11.31562876701355,0.962486308871851,33.6546745300293,True,False,True,10,47.23613,-102.76991,759.27,529.14,1.83336186298423,0.160349274004295,0.0,water-limited,snow-influenced,medium
06344600,11,complete,0.12084907293319702,-2.3034439086914062,2.4242929816246033,0.9997261774370209,9.59936809539795,True,False,True,10,47.02779,-103.05324,796.57,402.5,1.87330300304748,0.162624033289867,0.0,water-limited,snow-influenced,small
06344600,29,complete,0.09898597002029419,-2.571455717086792,2.670441687107086,1.0,98.74523162841797,True,False,True,10,47.02779,-103.05324,796.57,402.5,1.87330300304748,0.162624033289867,0.0,water-limited,snow-influenced,small
06344600,47,complete,0.07864660024642944,-8.657163619995117,8.735810220241547,0.9989047097480832,41.657196044921875,True,False,True,10,47.02779,-103.05324,796.57,402.5,1.87330300304748,0.162624033289867,0.0,water-limited,snow-influenced,small
06352000,11,complete,0.4097912907600403,-1.100304126739502,1.5100954174995422,1.0,8.835782051086426,True,False,True,10,46.15417,-102.47405,840.97,1441.83,2.13079406785484,0.168403955596369,0.0,water-limited,snow-influenced,medium
06352000,29,complete,0.4045870900154114,-2.524085521697998,2.9286726117134094,1.0,116.33332061767578,True,False,True,10,46.15417,-102.47405,840.97,1441.83,2.13079406785484,0.168403955596369,0.0,water-limited,snow-influenced,medium
06352000,47,complete,0.23732900619506836,-7.899840354919434,8.137169361114502,0.9956188389923329,34.51021194458008,True,False,True,10,46.15417,-102.47405,840.97,1441.83,2.13079406785484,0.168403955596369,0.0,water-limited,snow-influenced,medium
06404000,11,complete,-8.672127723693848,-18.167339324951172,9.495211601257324,0.5550383351588171,13.521842956542969,True,False,True,10,43.87249,-103.33658,1506.1,151.83,1.56319969721981,0.191294358675479,0.7102,water-limited,snow-influenced,small
06404000,29,complete,-0.346474289894104,-6.301764011383057,5.955289721488953,0.9783680175246441,9.223284721374512,True,False,True,10,43.87249,-103.33658,1506.1,151.83,1.56319969721981,0.191294358675479,0.7102,water-limited,snow-influenced,small
06404000,47,complete,-2.0599043369293213,-19.200218200683594,17.140313863754272,0.869934282584885,5.9725565910339355,True,False,True,10,43.87249,-103.33658,1506.1,151.83,1.56319969721981,0.191294358675479,0.7102,water-limited,snow-influenced,small
06406000,11,complete,-10.201582908630371,-23.445554733276367,13.243971824645996,0.6054216867469879,29.037933349609375,True,False,True,10,43.82805,-103.19602,1337.4,436.34,1.66039478981351,0.167832878351021,0.5327,water-limited,snow-influenced,small
06406000,29,complete,-0.030376315116882324,-2.0082080364227295,1.9778317213058472,0.9715224534501643,8.57370662689209,True,False,True,10,43.82805,-103.19602,1337.4,436.34,1.66039478981351,0.167832878351021,0.5327,water-limited,snow-influenced,small
06406000,47,complete,-0.6046962738037109,-21.757556915283203,21.152860641479492,0.9997261774370209,6.049138069152832,True,False,True,10,43.82805,-103.19602,1337.4,436.34,1.66039478981351,0.167832878351021,0.5327,water-limited,snow-influenced,small
06409000,11,complete,-80.29412078857422,-307.9139709472656,227.6198501586914,0.7962760131434831,10.071551322937012,True,False,True,10,44.01359,-103.83048,1960.28,205.33,1.50158827431532,0.343337176611808,0.7952,water-limited,snow-influenced,small
06409000,29,complete,-170.92849731445312,-337.8113708496094,166.88287353515625,0.9764512595837898,6.248474597930908,True,False,True,10,44.01359,-103.83048,1960.28,205.33,1.50158827431532,0.343337176611808,0.7952,water-limited,snow-influenced,small
06409000,47,complete,-95.30911254882812,-140.71926879882812,45.41015625,0.5900876232201533,10.033275604248047,True,False,True,10,44.01359,-103.83048,1960.28,205.33,1.50158827431532,0.343337176611808,0.7952,water-limited,snow-influenced,small
06431500,11,complete,-34.06021499633789,-55.73981857299805,21.679603576660156,0.5323110624315444,7.430379390716553,True,False,True,10,44.48248,-103.86159,1889.64,427.1,1.47892722452329,0.36993144167527,0.9044,water-limited,snow-influenced,small
06431500,29,complete,-20.960731506347656,-34.03642272949219,13.075691223144531,0.8105147864184009,8.813752174377441,True,False,True,10,44.48248,-103.86159,1889.64,427.1,1.47892722452329,0.36993144167527,0.9044,water-limited,snow-influenced,small
06431500,47,complete,-3.5308847427368164,-5.9552531242370605,2.424368381500244,0.9027929901423878,17.541147232055664,True,False,True,10,44.48248,-103.86159,1889.64,427.1,1.47892722452329,0.36993144167527,0.9044,water-limited,snow-influenced,small
06440200,11,complete,-1.4148612022399902,-20.132619857788086,18.717758655548096,0.9994523548740416,15.310407638549805,True,False,True,10,43.96888,-101.76709,756.84,649.19,1.79637217648191,0.140805850137048,0.0,water-limited,snow-influenced,medium
06440200,29,complete,-0.1911834478378296,-13.455842971801758,13.264659523963928,1.0,217.67919921875,True,False,True,10,43.96888,-101.76709,756.84,649.19,1.79637217648191,0.140805850137048,0.0,water-limited,snow-influenced,medium
06440200,47,complete,0.05717194080352783,-40.42642593383789,40.48359787464142,1.0,58.56092834472656,True,False,True,10,43.96888,-101.76709,756.84,649.19,1.79637217648191,0.140805850137048,0.0,water-limited,snow-influenced,medium
06447500,11,complete,-304.4114685058594,-532.1614379882812,227.74996948242188,0.6347207009857613,7.337962627410889,True,False,True,10,43.16667,-101.63015,1040.9,826.61,1.68094218186979,0.155649176414783,0.0,water-limited,snow-influenced,medium
06447500,29,complete,-224.5997772216797,-691.1453857421875,466.5456085205078,0.9956188389923329,38.74271774291992,True,False,True,10,43.16667,-101.63015,1040.9,826.61,1.68094218186979,0.155649176414783,0.0,water-limited,snow-influenced,medium
06447500,47,complete,-406.647216796875,-956.3343505859375,549.6871337890625,0.5150602409638554,6.863429546356201,True,False,True,10,43.16667,-101.63015,1040.9,826.61,1.68094218186979,0.155649176414783,0.0,water-limited,snow-influenced,medium
06470800,11,complete,-0.8183510303497314,-2.734201431274414,1.9158504009246826,1.0,106.7000732421875,True,False,True,10,46.22524,-98.07177,423.26,1071.14,1.35156161838453,0.14718946482151,0.0061,water-limited,snow-influenced,medium
06470800,29,complete,-0.15036416053771973,-3.4917068481445312,3.3413426876068115,1.0,116.58872985839844,True,False,True,10,46.22524,-98.07177,423.26,1071.14,1.35156161838453,0.14718946482151,0.0061,water-limited,snow-influenced,medium
06470800,47,complete,-1.5032637119293213,-5.077474594116211,3.5742108821868896,0.9893209200438116,38.07026672363281,True,False,True,10,46.22524,-98.07177,423.26,1071.14,1.35156161838453,0.14718946482151,0.0061,water-limited,snow-influenced,medium
06477500,11,complete,-9.078947067260742,-31.572673797607422,22.49372673034668,1.0,157.93814086914062,True,False,True,10,43.7764,-98.24567,466.03,1512.44,1.3900588387715,0.132381124658994,0.0,water-limited,snow-influenced,medium
06477500,29,complete,-0.9515659809112549,-32.38569259643555,31.434126615524292,1.0,147.90338134765625,True,False,True,10,43.7764,-98.24567,466.03,1512.44,1.3900588387715,0.132381124658994,0.0,water-limited,snow-influenced,medium
06477500,47,complete,-16.690332412719727,-39.31958770751953,22.629255294799805,0.8173603504928806,118.18852996826172,True,False,True,10,43.7764,-98.24567,466.03,1512.44,1.3900588387715,0.132381124658994,0.0,water-limited,snow-influenced,medium
06479215,11,complete,-2.9497900009155273,-12.622637748718262,9.672847747802734,1.0,156.91250610351562,True,False,True,10,45.1808,-97.18619,569.24,175.28,1.20607496009013,0.164751422321796,0.0,water-limited,snow-influenced,small
06479215,29,complete,-1.1719639301300049,-11.507308959960938,10.335345029830933,0.9572836801752465,92.412841796875,True,False,True,10,45.1808,-97.18619,569.24,175.28,1.20607496009013,0.164751422321796,0.0,water-limited,snow-influenced,small
06479215,47,complete,-6.608841419219971,-18.79885482788086,12.190013408660889,0.9920591456736035,61.48469161987305,True,False,True,10,45.1808,-97.18619,569.24,175.28,1.20607496009013,0.164751422321796,0.0,water-limited,snow-influenced,small
06601000,11,complete,-1.5495562553405762,-23.861358642578125,22.31180238723755,0.9989047097480832,84.29808044433594,True,False,True,10,42.32158,-96.48768,415.2,450.2,1.13549357837119,0.105879368005318,0.0365,water-limited,snow-influenced,small
06601000,29,complete,-1.820908546447754,-31.612018585205078,29.791110038757324,0.9860350492880613,139.11862182617188,True,False,True,10,42.32158,-96.48768,415.2,450.2,1.13549357837119,0.105879368005318,0.0365,water-limited,snow-influenced,small
06601000,47,complete,-9.036344528198242,-28.173641204833984,19.137296676635742,0.589539978094195,73.774658203125,True,False,True,10,42.32158,-96.48768,415.2,450.2,1.13549357837119,0.105879368005318,0.0365,water-limited,snow-influenced,small
06614800,11,complete,0.5315619707107544,0.5337281227111816,-0.002166152000427246,0.5572289156626506,6.164271354675293,True,True,False,10,40.49609,-105.86501,3296.83,4.03,1.29403586608656,0.760476738091987,0.821,water-limited,snow-influenced,small
06614800,29,complete,0.6161143183708191,0.6175427436828613,-0.0014284253120422363,0.9471522453450164,6.568081378936768,True,True,False,10,40.49609,-105.86501,3296.83,4.03,1.29403586608656,0.760476738091987,0.821,water-limited,snow-influenced,small
06614800,47,complete,-0.25011134147644043,-0.25091850757598877,0.0008071660995483398,0.34008762322015335,5.327683925628662,True,False,True,10,40.49609,-105.86501,3296.83,4.03,1.29403586608656,0.760476738091987,0.821,water-limited,snow-influenced,small
06622700,11,complete,0.6583573818206787,0.6227877140045166,0.03556966781616211,0.23877327491785322,3.8143014907836914,True,True,True,10,41.37024,-106.52058,2837.34,98.7,1.47588506035729,0.717691988588396,0.7496,water-limited,snow-influenced,small
06622700,29,complete,0.6480615139007568,0.7077308893203735,-0.0596693754196167,0.6046002190580504,6.182718753814697,True,True,False,10,41.37024,-106.52058,2837.34,98.7,1.47588506035729,0.717691988588396,0.7496,water-limited,snow-influenced,small
06622700,47,complete,0.802691638469696,0.798994243144989,0.0036973953247070312,0.261500547645126,3.9035098552703857,True,True,True,10,41.37024,-106.52058,2837.34,98.7,1.47588506035729,0.717691988588396,0.7496,water-limited,snow-influenced,small
06623800,11,complete,0.6203519701957703,0.5551279187202454,0.0652240514755249,0.2850492880613363,3.8906211853027344,True,True,True,10,41.02358,-106.82477,2970.51,187.66,1.06195280275687,0.753935609059572,0.9211,water-limited,snow-influenced,small
06623800,29,complete,0.6456334590911865,0.7104231119155884,-0.06478965282440186,0.6448521358159912,5.679459095001221,True,True,False,10,41.02358,-106.82477,2970.51,187.66,1.06195280275687,0.753935609059572,0.9211,water-limited,snow-influenced,small
06623800,47,complete,0.7812147736549377,0.790285587310791,-0.009070813655853271,0.0624315443592552,1.9103550910949707,True,True,False,10,41.02358,-106.82477,2970.51,187.66,1.06195280275687,0.753935609059572,0.9211,water-limited,snow-influenced,small
06632400,11,complete,0.7108117341995239,0.6722208857536316,0.038590848445892334,0.24616648411829134,4.555537223815918,True,True,True,10,41.58525,-106.22279,3001.56,162.99,1.45805954432552,0.744511869620645,0.7266,water-limited,snow-influenced,small
06632400,29,complete,0.715238094329834,0.726725161075592,-0.011487066745758057,0.3948521358159912,4.793705940246582,True,True,False,10,41.58525,-106.22279,3001.56,162.99,1.45805954432552,0.744511869620645,0.7266,water-limited,snow-influenced,small
06632400,47,complete,0.1277449131011963,0.07358968257904053,0.05415523052215576,0.15224534501642936,3.5930240154266357,True,False,True,10,41.58525,-106.22279,3001.56,162.99,1.45805954432552,0.744511869620645,0.7266,water-limited,snow-influenced,small
06746095,11,complete,0.12024998664855957,0.19361084699630737,-0.0733608603477478,0.35843373493975905,5.557794570922852,True,False,False,10,40.53998,-105.88279,3370.38,8.9,1.0840002275756,0.728744289492069,0.821,water-limited,snow-influenced,small
06746095,29,complete,0.1788773536682129,0.2704147696495056,-0.09153741598129272,0.7291894852135816,8.137953758239746,True,False,False,10,40.53998,-105.88279,3370.38,8.9,1.0840002275756,0.728744289492069,0.821,water-limited,snow-influenced,small
06746095,47,complete,0.3268165588378906,0.3565016984939575,-0.029685139656066895,0.10405257393209201,3.9507155418395996,True,False,False,10,40.53998,-105.88279,3370.38,8.9,1.0840002275756,0.728744289492069,0.821,water-limited,snow-influenced,small
06803510,11,complete,0.31191784143447876,-2.6233534812927246,2.9352713227272034,1.0,281.1127624511719,True,False,True,10,40.89311,-96.68155,373.26,113.28,1.18552696425122,0.0940475934983777,0.0,water-limited,low-snow,small
06803510,29,complete,0.3238871693611145,-3.506868362426758,3.8307555317878723,1.0,195.37628173828125,True,False,True,10,40.89311,-96.68155,373.26,113.28,1.18552696425122,0.0940475934983777,0.0,water-limited,low-snow,small
06803510,47,complete,-0.3501359224319458,-3.843552589416504,3.493416666984558,1.0,182.33010864257812,True,False,True,10,40.89311,-96.68155,373.26,113.28,1.18552696425122,0.0940475934983777,0.0,water-limited,low-snow,small
06803530,11,complete,0.16036570072174072,-3.310506820678711,3.4708725214004517,1.0,272.1887512207031,True,False,True,10,41.0157,-96.54428,377.45,309.75,1.16045170865849,0.0991958577666237,0.0,water-limited,low-snow,small
06803530,29,complete,0.060392677783966064,-3.413938045501709,3.474330723285675,1.0,293.79638671875,True,False,True,10,41.0157,-96.54428,377.45,309.75,1.16045170865849,0.0991958577666237,0.0,water-limited,low-snow,small
06803530,47,complete,-0.10883259773254395,-4.689046382904053,4.580213785171509,1.0,192.57797241210938,True,False,True,10,41.0157,-96.54428,377.45,309.75,1.16045170865849,0.0991958577666237,0.0,water-limited,low-snow,small
06814000,11,complete,0.11220192909240723,-0.5675779581069946,0.6797798871994019,1.0,313.2663269042969,True,False,True,10,39.94778,-96.10862,401.18,713.83,1.07356313724596,0.0902842088456011,0.0044,water-limited,low-snow,medium
06814000,29,complete,0.18573367595672607,-1.1689376831054688,1.3546713590621948,1.0,137.24581909179688,True,False,True,10,39.94778,-96.10862,401.18,713.83,1.07356313724596,0.0902842088456011,0.0044,water-limited,low-snow,medium
06814000,47,complete,0.3386802077293396,-1.3350656032562256,1.6737458109855652,0.9356516976998904,112.6803970336914,True,False,True,10,39.94778,-96.10862,401.18,713.83,1.07356313724596,0.0902842088456011,0.0044,water-limited,low-snow,medium
06847900,11,complete,-365.4268493652344,-1516.817138671875,1151.3902893066406,0.9980832420591457,29.164857864379883,True,False,True,10,39.76985,-100.10078,885.8,1536.19,2.09799656292002,0.102382584534704,0.001,water-limited,snow-influenced,medium
06847900,29,complete,-242.1528778076172,-1914.8817138671875,1672.7288360595703,1.0,133.15309143066406,True,False,True,10,39.76985,-100.10078,885.8,1536.19,2.09799656292002,0.102382584534704,0.001,water-limited,snow-influenced,medium
06847900,47,complete,-1020.0289306640625,-1772.707763671875,752.6788330078125,1.0,37.73588943481445,True,False,True,10,39.76985,-100.10078,885.8,1536.19,2.09799656292002,0.102382584534704,0.001,water-limited,snow-influenced,medium
06853800,11,complete,-2.8381447792053223,-54.85548782348633,52.017343044281006,1.0,244.87777709960938,True,False,True,10,39.89925,-98.25043,559.13,589.43,1.46547337881702,0.104135741933305,0.0,water-limited,snow-influenced,medium
06853800,29,complete,-3.799562931060791,-49.708091735839844,45.90852880477905,0.9997261774370209,106.87220764160156,True,False,True,10,39.89925,-98.25043,559.13,589.43,1.46547337881702,0.104135741933305,0.0,water-limited,snow-influenced,medium
06853800,47,complete,-20.568866729736328,-46.79318618774414,26.224319458007812,1.0,110.05011749267578,True,False,True,10,39.89925,-98.25043,559.13,589.43,1.46547337881702,0.104135741933305,0.0,water-limited,snow-influenced,medium
06876700,11,complete,-0.08510112762451172,-11.252542495727539,11.167441368103027,1.0,92.33145141601562,True,False,True,10,39.13907,-97.83696,448.53,1056.44,1.30343428478204,0.0796113854216262,0.0,water-limited,low-snow,medium
06876700,29,complete,-4.12044095993042,-27.899621963500977,23.779181003570557,0.9991785323110625,85.30593872070312,True,False,True,10,39.13907,-97.83696,448.53,1056.44,1.30343428478204,0.0796113854216262,0.0,water-limited,low-snow,medium
06876700,47,complete,-2.130974531173706,-28.336862564086914,26.205888032913208,1.0,61.18144607543945,True,False,True,10,39.13907,-97.83696,448.53,1056.44,1.30343428478204,0.0796113854216262,0.0,water-limited,low-snow,medium
06878000,11,complete,0.20965653657913208,-1.3491346836090088,1.5587912201881409,1.0,118.27970886230469,True,False,True,10,39.03111,-97.04029,393.93,776.42,1.29770247198185,0.0727867121382812,0.0,water-limited,low-snow,medium
06878000,29,complete,0.3041161298751831,-1.7353947162628174,2.0395108461380005,1.0,161.55455017089844,True,False,True,10,39.03111,-97.04029,393.93,776.42,1.29770247198185,0.0727867121382812,0.0,water-limited,low-snow,medium
06878000,47,complete,0.3138697147369385,-3.423007011413574,3.7368767261505127,1.0,52.535675048828125,True,False,True,10,39.03111,-97.04029,393.93,776.42,1.29770247198185,0.0727867121382812,0.0,water-limited,low-snow,medium
06879650,11,complete,0.08972090482711792,-0.5453957319259644,0.6351166367530823,1.0,104.83179473876953,True,False,True,10,39.10195,-96.59521,402.0,11.51,1.00782927685693,0.0672497335190048,0.0311,water-limited,low-snow,small
06879650,29,complete,0.2213296890258789,-0.6740521192550659,0.8953818082809448,1.0,89.3863525390625,True,False,True,10,39.10195,-96.59521,402.0,11.51,1.00782927685693,0.0672497335190048,0.0311,water-limited,low-snow,small
06879650,47,complete,0.20139384269714355,-0.9309815168380737,1.1323753595352173,1.0,207.93118286132812,True,False,True,10,39.10195,-96.59521,402.0,11.51,1.00782927685693,0.0672497335190048,0.0311,water-limited,low-snow,small
06885500,11,complete,0.22823888063430786,-0.5733035802841187,0.8015424609184265,1.0,372.0295715332031,True,False,True,10,39.68192,-96.44289,394.81,1062.87,1.17223558795673,0.0842987262187572,0.0076,water-limited,low-snow,medium
06885500,29,complete,0.06321096420288086,-0.6654810905456543,0.7286920547485352,1.0,155.77182006835938,True,False,True,10,39.68192,-96.44289,394.81,1062.87,1.17223558795673,0.0842987262187572,0.0076,water-limited,low-snow,medium
06885500,47,complete,0.25390732288360596,-1.384890079498291,1.638797402381897,0.933461117196057,179.37786865234375,True,False,True,10,39.68192,-96.44289,394.81,1062.87,1.17223558795673,0.0842987262187572,0.0076,water-limited,low-snow,medium
06888500,11,complete,0.10084342956542969,0.06876564025878906,0.032077789306640625,1.0,121.9289779663086,True,False,True,10,39.06265,-96.15025,412.34,842.35,1.03417347150582,0.0703719655848806,0.0139,water-limited,low-snow,medium
06888500,29,complete,0.42992472648620605,-0.223596453666687,0.6535211801528931,1.0,100.78130340576172,True,False,True,10,39.06265,-96.15025,412.34,842.35,1.03417347150582,0.0703719655848806,0.0139,water-limited,low-snow,medium
06888500,47,complete,0.39250028133392334,-0.06248974800109863,0.454990029335022,1.0,171.19406127929688,True,False,True,10,39.06265,-96.15025,412.34,842.35,1.03417347150582,0.0703719655848806,0.0139,water-limited,low-snow,medium
06889200,11,complete,0.08996456861495972,0.10192614793777466,-0.011961579322814941,1.0,289.9846496582031,True,False,False,10,39.23833,-95.8886,347.72,385.66,1.01223716511957,0.0716152496141078,0.0174,water-limited,low-snow,small
06889200,29,complete,0.13504177331924438,0.1446956992149353,-0.009653925895690918,0.9926067907995619,82.5490493774414,True,False,False,10,39.23833,-95.8886,347.72,385.66,1.01223716511957,0.0716152496141078,0.0174,water-limited,low-snow,small
06889200,47,complete,0.17897754907608032,0.031550824642181396,0.14742672443389893,0.9824753559693319,199.38763427734375,True,False,True,10,39.23833,-95.8886,347.72,385.66,1.01223716511957,0.0716152496141078,0.0174,water-limited,low-snow,small
06889500,11,complete,0.22449243068695068,0.1139073371887207,0.11058509349822998,1.0,342.46514892578125,True,False,True,10,39.09938,-95.72495,335.49,748.58,1.00328900932497,0.069599735811632,0.0149,water-limited,low-snow,medium
06889500,29,complete,0.23573225736618042,0.16255056858062744,0.07318168878555298,0.9997261774370209,108.39720916748047,True,False,True,10,39.09938,-95.72495,335.49,748.58,1.00328900932497,0.069599735811632,0.0149,water-limited,low-snow,medium
06889500,47,complete,0.40493160486221313,-0.1573399305343628,0.5622715353965759,0.9991785323110625,196.31997680664062,True,False,True,10,39.09938,-95.72495,335.49,748.58,1.00328900932497,0.069599735811632,0.0149,water-limited,low-snow,medium
06892000,11,complete,0.4180184602737427,0.0007306337356567383,0.41728782653808594,1.0,239.16053771972656,True,False,True,10,39.11633,-95.01088,304.55,1092.72,0.944174283753739,0.0715178249456991,0.067,humid,low-snow,medium
06892000,29,complete,0.4784013628959656,-0.5683296918869019,1.0467310547828674,0.9991785323110625,94.18499755859375,True,False,True,10,39.11633,-95.01088,304.55,1092.72,0.944174283753739,0.0715178249456991,0.067,humid,low-snow,medium
06892000,47,complete,0.4263114333152771,-0.10653555393218994,0.532846987247467,0.9167579408543264,221.37193298339844,True,False,True,10,39.11633,-95.01088,304.55,1092.72,0.944174283753739,0.0715178249456991,0.067,humid,low-snow,medium
06903400,11,complete,0.5340627431869507,-0.26174795627593994,0.7958106994628906,1.0,121.13247680664062,True,True,True,10,40.95189,-93.25985,322.12,481.42,0.87728614066134,0.0979262678501136,0.222,humid,low-snow,small
06903400,29,complete,0.1816813349723816,-0.7381101846694946,0.9197915196418762,1.0,394.31256103515625,True,False,True,10,40.95189,-93.25985,322.12,481.42,0.87728614066134,0.0979262678501136,0.222,humid,low-snow,small
06903400,47,complete,0.46265989542007446,-0.5172930955886841,0.9799529910087585,0.9983570646221248,183.1285400390625,True,False,True,10,40.95189,-93.25985,322.12,481.42,0.87728614066134,0.0979262678501136,0.222,humid,low-snow,small
06906800,11,complete,0.34077519178390503,0.21771901845932007,0.12305617332458496,0.9693318729463308,168.190185546875,True,False,True,10,38.70225,-92.97883,279.08,1414.75,0.832635549516019,0.0604504736826071,0.3516,humid,low-snow,medium
06906800,29,complete,0.49033206701278687,0.3351926803588867,0.15513938665390015,0.9953450164293538,85.45670318603516,True,False,True,10,38.70225,-92.97883,279.08,1414.75,0.832635549516019,0.0604504736826071,0.3516,humid,low-snow,medium
06906800,47,complete,0.49026256799697876,0.30152207612991333,0.18874049186706543,1.0,233.1166229248047,True,False,True,10,38.70225,-92.97883,279.08,1414.75,0.832635549516019,0.0604504736826071,0.3516,humid,low-snow,medium
06910800,11,complete,0.10871177911758423,0.15324729681015015,-0.04453551769256592,1.0,179.18719482421875,True,False,False,10,38.56701,-95.96163,376.84,444.6,1.01816257129589,0.0613066358092003,0.0074,water-limited,low-snow,small
06910800,29,complete,0.26419514417648315,0.16569280624389648,0.09850233793258667,1.0,167.06529235839844,True,False,True,10,38.56701,-95.96163,376.84,444.6,1.01816257129589,0.0613066358092003,0.0074,water-limited,low-snow,small
06910800,47,complete,0.42629653215408325,0.010289251804351807,0.41600728034973145,1.0,229.938720703125,True,False,True,10,38.56701,-95.96163,376.84,444.6,1.01816257129589,0.0613066358092003,0.0074,water-limited,low-snow,small
06911900,11,complete,0.08434325456619263,0.1903173327445984,-0.10597407817840576,1.0,190.1414337158203,True,False,False,10,38.71069,-95.83603,367.43,293.06,1.00244748629089,0.0618531603753962,0.0178,water-limited,low-snow,small
06911900,29,complete,0.2525331974029541,0.40886014699935913,-0.15632694959640503,1.0,168.56228637695312,True,False,False,10,38.71069,-95.83603,367.43,293.06,1.00244748629089,0.0618531603753962,0.0178,water-limited,low-snow,small
06911900,47,complete,0.3901790976524353,0.18693256378173828,0.20324653387069702,1.0,199.57350158691406,True,False,True,10,38.71069,-95.83603,367.43,293.06,1.00244748629089,0.0618531603753962,0.0178,water-limited,low-snow,small
06917000,11,complete,0.44956672191619873,0.48648786544799805,-0.036921143531799316,0.9997261774370209,81.47325897216797,True,False,False,10,38.01897,-94.71367,296.09,765.78,0.91183746577702,0.05107020470328,0.0592,humid,low-snow,medium
06917000,29,complete,0.5978844165802002,0.4808031916618347,0.11708122491836548,0.9994523548740416,84.6027603149414,True,True,True,10,38.01897,-94.71367,296.09,765.78,0.91183746577702,0.05107020470328,0.0592,humid,low-snow,medium
06917000,47,complete,0.4984840750694275,0.5415869951248169,-0.043102920055389404,0.9997261774370209,249.0160675048828,True,False,False,10,38.01897,-94.71367,296.09,765.78,0.91183746577702,0.05107020470328,0.0592,humid,low-snow,medium
06918460,11,complete,0.5378419756889343,-0.896220326423645,1.4340623021125793,0.9980832420591457,163.37586975097656,True,True,True,10,37.40237,-93.80203,372.29,650.69,0.852583831396187,0.0498588468679264,0.1134,humid,low-snow,medium
06918460,29,complete,0.5524382591247559,-1.0348191261291504,1.5872573852539062,0.9975355969331873,111.39738464355469,True,True,True,10,37.40237,-93.80203,372.29,650.69,0.852583831396187,0.0498588468679264,0.1134,humid,low-snow,medium
06918460,47,complete,0.6016399264335632,-1.5026805400848389,2.104320466518402,0.9994523548740416,233.10340881347656,True,True,True,10,37.40237,-93.80203,372.29,650.69,0.852583831396187,0.0498588468679264,0.1134,humid,low-snow,medium
06919500,11,complete,0.5072420835494995,0.03487050533294678,0.47237157821655273,0.7951807228915663,130.82882690429688,True,True,True,10,37.8342,-93.87549,304.29,1069.42,0.859843734652658,0.0494466083766876,0.243,humid,low-snow,medium
06919500,29,complete,0.5365622639656067,-0.5632628202438354,1.0998250842094421,0.9975355969331873,108.63311004638672,True,True,True,10,37.8342,-93.87549,304.29,1069.42,0.859843734652658,0.0494466083766876,0.243,humid,low-snow,medium
06919500,47,complete,0.43958544731140137,-0.45296621322631836,0.8925516605377197,0.6801752464403067,85.1074447631836,True,False,True,10,37.8342,-93.87549,304.29,1069.42,0.859843734652658,0.0494466083766876,0.243,humid,low-snow,medium
06921070,11,complete,0.7371419072151184,0.029663681983947754,0.7074782252311707,0.9997261774370209,117.82380676269531,True,True,True,10,37.68265,-93.37033,374.14,712.59,0.849015442075115,0.0601238372834516,0.2784,humid,low-snow,medium
06921070,29,complete,0.5466207265853882,0.13524460792541504,0.41137611865997314,0.9989047097480832,139.4396209716797,True,True,True,10,37.68265,-93.37033,374.14,712.59,0.849015442075115,0.0601238372834516,0.2784,humid,low-snow,medium
06921070,47,complete,0.636050820350647,-0.013666272163391113,0.6497170925140381,0.9989047097480832,338.680419921875,True,True,True,10,37.68265,-93.37033,374.14,712.59,0.849015442075115,0.0601238372834516,0.2784,humid,low-snow,medium
06921200,11,complete,0.6137411594390869,0.07780838012695312,0.5359327793121338,1.0,141.33364868164062,True,True,True,10,37.75047,-93.26618,338.33,323.62,0.847027880715814,0.0572554270612204,0.2526,humid,low-snow,small
06921200,29,complete,0.41042405366897583,0.18541210889816284,0.225011944770813,0.9994523548740416,140.954345703125,True,False,True,10,37.75047,-93.26618,338.33,323.62,0.847027880715814,0.0572554270612204,0.2526,humid,low-snow,small
06921200,47,complete,0.3971450924873352,-0.046225905418395996,0.4433709979057312,1.0,390.1865539550781,True,False,True,10,37.75047,-93.26618,338.33,323.62,0.847027880715814,0.0572554270612204,0.2526,humid,low-snow,small
07057500,11,complete,0.37861520051956177,-0.3723869323730469,0.7510021328926086,0.9997261774370209,52.65562438964844,True,False,True,11,36.62303,-92.24813,324.68,1456.44,0.850429460883099,0.0564394367095807,0.584,humid,low-snow,medium
07057500,29,complete,0.5469473600387573,-2.049713134765625,2.5966604948043823,0.9975355969331873,169.05274963378906,True,True,True,11,36.62303,-92.24813,324.68,1456.44,0.850429460883099,0.0564394367095807,0.584,humid,low-snow,medium
07057500,47,complete,0.4628683924674988,-0.8830416202545166,1.3459100127220154,0.9822015334063526,315.2275695800781,True,False,True,11,36.62303,-92.24813,324.68,1456.44,0.850429460883099,0.0564394367095807,0.584,humid,low-snow,medium
07060710,11,complete,0.3977651000022888,0.10388875007629395,0.2938763499259949,0.816538882803943,114.54105377197266,True,False,True,11,35.99535,-92.21265,272.84,150.03,0.824435432263722,0.0509984831292569,0.8541,humid,low-snow,small
07060710,29,complete,0.49394625425338745,-0.030040979385375977,0.5239872336387634,0.9972617743702081,251.02040100097656,True,False,True,11,35.99535,-92.21265,272.84,150.03,0.824435432263722,0.0509984831292569,0.8541,humid,low-snow,small
07060710,47,complete,0.38605672121047974,-0.24782443046569824,0.633881151676178,0.9961664841182913,211.28587341308594,True,False,True,11,35.99535,-92.21265,272.84,150.03,0.824435432263722,0.0509984831292569,0.8541,humid,low-snow,small
07066000,11,complete,0.56001877784729,0.2118433713912964,0.34817540645599365,0.9986308871851041,226.5595245361328,True,True,True,11,37.15408,-91.35816,343.23,1053.5,0.837588633495557,0.0562313137196695,0.693,humid,low-snow,medium
07066000,29,complete,0.6713418960571289,-0.04539942741394043,0.7167413234710693,1.0,104.16117095947266,True,True,True,11,37.15408,-91.35816,343.23,1053.5,0.837588633495557,0.0562313137196695,0.693,humid,low-snow,medium
07066000,47,complete,0.3914479613304138,-0.5773437023162842,0.968791663646698,0.9997261774370209,310.0603332519531,True,False,True,11,37.15408,-91.35816,343.23,1053.5,0.837588633495557,0.0562313137196695,0.693,humid,low-snow,medium
07083000,11,complete,0.7289714813232422,0.6483063697814941,0.08066511154174805,0.21495071193866375,5.292150020599365,True,True,True,11,39.17221,-106.38919,3457.46,60.76,1.36440276871712,0.710599947836907,0.3563,water-limited,snow-influenced,small
07083000,29,complete,0.8066163063049316,0.8257323503494263,-0.01911604404449463,0.6210295728368017,5.875676155090332,True,True,False,11,39.17221,-106.38919,3457.46,60.76,1.36440276871712,0.710599947836907,0.3563,water-limited,snow-influenced,small
07083000,47,complete,-0.8691511154174805,-0.9523595571517944,0.08320844173431396,0.3617196056955093,4.1835832595825195,True,False,True,11,39.17221,-106.38919,3457.46,60.76,1.36440276871712,0.710599947836907,0.3563,water-limited,snow-influenced,small
07142300,11,complete,-312.93023681640625,-631.685546875,318.75531005859375,1.0,42.13425064086914,True,False,True,11,37.87159,-98.87614,677.58,1819.94,1.56784612680298,0.0867916780002227,0.0003,water-limited,low-snow,medium
07142300,29,complete,-115.04803466796875,-710.1974487304688,595.1494140625,0.9991785323110625,82.57992553710938,True,False,True,11,37.87159,-98.87614,677.58,1819.94,1.56784612680298,0.0867916780002227,0.0003,water-limited,low-snow,medium
07142300,47,complete,-612.5993041992188,-812.1014404296875,199.50213623046875,0.6536144578313253,12.670585632324219,True,False,True,11,37.87159,-98.87614,677.58,1819.94,1.56784612680298,0.0867916780002227,0.0003,water-limited,low-snow,medium
07145700,11,complete,0.3622892498970032,0.4582560062408447,-0.09596675634384155,1.0,303.23516845703125,True,False,False,11,37.24955,-97.4039,393.17,399.81,1.11547123781855,0.0617611519704068,0.0346,water-limited,low-snow,small
07145700,29,complete,0.5671958923339844,0.22945261001586914,0.33774328231811523,0.9989047097480832,95.29549407958984,True,True,True,11,37.24955,-97.4039,393.17,399.81,1.11547123781855,0.0617611519704068,0.0346,water-limited,low-snow,small
07145700,47,complete,0.5384072065353394,0.13786929845809937,0.40053790807724,1.0,166.84408569335938,True,True,True,11,37.24955,-97.4039,393.17,399.81,1.11547123781855,0.0617611519704068,0.0346,water-limited,low-snow,small
07167500,11,complete,0.22875875234603882,0.49578261375427246,-0.26702386140823364,1.0,89.43206024169922,True,False,False,11,37.70821,-96.2236,383.36,319.62,0.966221892684406,0.0520689190916616,0.0167,humid,low-snow,small
07167500,29,complete,0.2532457709312439,0.6012606620788574,-0.3480148911476135,1.0,115.26605224609375,True,False,False,11,37.70821,-96.2236,383.36,319.62,0.966221892684406,0.0520689190916616,0.0167,humid,low-snow,small
07167500,47,complete,0.30186784267425537,0.502957284450531,-0.20108944177627563,1.0,246.47637939453125,True,False,False,11,37.70821,-96.2236,383.36,319.62,0.966221892684406,0.0520689190916616,0.0167,humid,low-snow,small
07180500,11,complete,0.20846915245056152,0.33128905296325684,-0.12281990051269531,1.0,96.3511962890625,True,False,False,11,38.19645,-96.82458,442.86,275.51,1.12417376961053,0.0557846206828486,0.0015,water-limited,low-snow,small
07180500,29,complete,0.13522082567214966,0.30384624004364014,-0.16862541437149048,1.0,207.17755126953125,True,False,False,11,38.19645,-96.82458,442.86,275.51,1.12417376961053,0.0557846206828486,0.0015,water-limited,low-snow,small
07180500,47,complete,0.3242117762565613,0.0877305269241333,0.23648124933242798,1.0,236.29135131835938,True,False,True,11,38.19645,-96.82458,442.86,275.51,1.12417376961053,0.0557846206828486,0.0015,water-limited,low-snow,small
07184000,11,complete,0.23915475606918335,0.36144495010375977,-0.12229019403457642,0.9928806133625411,181.18093872070312,True,False,False,11,37.28125,-95.03267,280.99,510.84,0.842268292980362,0.0453576175844397,0.0078,humid,low-snow,medium
07184000,29,complete,0.20371371507644653,0.38774430751800537,-0.18403059244155884,0.98986856516977,130.49720764160156,True,False,False,11,37.28125,-95.03267,280.99,510.84,0.842268292980362,0.0453576175844397,0.0078,humid,low-snow,medium
07184000,47,complete,0.41827303171157837,0.38987916707992554,0.028393864631652832,1.0,154.42478942871094,True,False,True,11,37.28125,-95.03267,280.99,510.84,0.842268292980362,0.0453576175844397,0.0078,humid,low-snow,medium
07195800,11,complete,0.44001829624176025,-1.8976798057556152,2.3376981019973755,0.9991785323110625,169.14056396484375,True,False,True,11,36.25548,-94.43394,371.07,38.23,0.816966915348155,0.0482364215180522,0.2232,humid,low-snow,small
07195800,29,complete,0.49553656578063965,-2.1509392261505127,2.6464757919311523,0.9983570646221248,146.05706787109375,True,False,True,11,36.25548,-94.43394,371.07,38.23,0.816966915348155,0.0482364215180522,0.2232,humid,low-snow,small
07195800,47,complete,0.38223695755004883,-1.6698131561279297,2.0520501136779785,1.0,378.5594177246094,True,False,True,11,36.25548,-94.43394,371.07,38.23,0.816966915348155,0.0482364215180522,0.2232,humid,low-snow,small
07196900,11,complete,0.3639203906059265,0.11393678188323975,0.24998360872268677,0.6960569550930996,173.6520538330078,True,False,True,11,35.88008,-94.48661,430.12,106.35,0.773031049426636,0.0460986315040519,0.5407,humid,low-snow,small
07196900,29,complete,0.3803059458732605,0.12443411350250244,0.25587183237075806,0.9772727272727273,471.4823303222656,True,False,True,11,35.88008,-94.48661,430.12,106.35,0.773031049426636,0.0460986315040519,0.5407,humid,low-snow,small
07196900,47,complete,0.5183089375495911,-0.229073166847229,0.7473821043968201,0.8181818181818182,111.88134002685547,True,True,True,11,35.88008,-94.48661,430.12,106.35,0.773031049426636,0.0460986315040519,0.5407,humid,low-snow,small
07197000,11,complete,0.5702652335166931,0.09343218803405762,0.4768330454826355,0.9772727272727273,191.57281494140625,True,True,True,11,35.9212,-94.83856,348.86,808.45,0.792397247493652,0.0408010944755726,0.6716,humid,low-snow,medium
07197000,29,complete,0.7301284074783325,-0.38905835151672363,1.1191867589950562,0.9901423877327492,183.83392333984375,True,True,True,11,35.9212,-94.83856,348.86,808.45,0.792397247493652,0.0408010944755726,0.6716,humid,low-snow,medium
07197000,47,complete,0.5732151865959167,-1.225130558013916,1.7983457446098328,0.9151150054764513,272.79718017578125,True,True,True,11,35.9212,-94.83856,348.86,808.45,0.792397247493652,0.0408010944755726,0.6716,humid,low-snow,medium
07261000,11,complete,0.5577602386474609,0.5195717215538025,0.03818851709365845,0.47562979189485216,39.19038391113281,True,True,True,11,35.2988,-92.40393,197.55,445.81,0.77452604447742,0.0378060990134872,0.2534,humid,low-snow,small
07261000,29,complete,0.5899628400802612,0.3846438527107239,0.20531898736953735,0.9476998904709748,241.25718688964844,True,True,True,11,35.2988,-92.40393,197.55,445.81,0.77452604447742,0.0378060990134872,0.2534,humid,low-snow,small
07261000,47,complete,0.6699831485748291,0.31350916624069214,0.35647398233413696,0.8332420591456736,72.15148162841797,True,True,True,11,35.2988,-92.40393,197.55,445.81,0.77452604447742,0.0378060990134872,0.2534,humid,low-snow,small
07263295,11,complete,0.2520027756690979,0.460161030292511,-0.20815825462341309,0.9693318729463308,256.98382568359375,True,False,False,11,34.8762,-92.77461,260.56,119.03,0.859007898665077,0.0310455107281904,0.8657,humid,low-snow,small
07263295,29,complete,0.43397217988967896,0.33608728647232056,0.0978848934173584,0.9934282584884995,658.464599609375,True,False,True,11,34.8762,-92.77461,260.56,119.03,0.859007898665077,0.0310455107281904,0.8657,humid,low-snow,small
07263295,47,complete,0.35395359992980957,0.42700666189193726,-0.07305306196212769,1.0,173.67276000976562,True,False,False,11,34.8762,-92.77461,260.56,119.03,0.859007898665077,0.0310455107281904,0.8657,humid,low-snow,small
07291000,11,complete,0.38973015546798706,0.11804813146591187,0.2716820240020752,1.0,209.64947509765625,True,False,True,08,31.50306,-90.7775,129.13,479.3,0.746843729797645,0.003569389743915,0.9777,humid,low-snow,small
07291000,29,complete,0.4495910406112671,0.0961800217628479,0.3534110188484192,1.0,389.19482421875,True,False,True,08,31.50306,-90.7775,129.13,479.3,0.746843729797645,0.003569389743915,0.9777,humid,low-snow,small
07291000,47,complete,0.5082240104675293,0.06612825393676758,0.4420957565307617,1.0,163.442138671875,True,True,True,08,31.50306,-90.7775,129.13,479.3,0.746843729797645,0.003569389743915,0.9777,humid,low-snow,small
07299670,11,complete,-0.039626479148864746,-7.090105056762695,7.050478577613831,1.0,244.4120330810547,True,False,True,11,34.35452,-99.74037,497.04,828.36,2.33652699692291,0.02913235345217,0.0012,water-limited,low-snow,medium
07299670,29,complete,-0.03987681865692139,-14.622142791748047,14.582265973091125,1.0,367.51446533203125,True,False,True,11,34.35452,-99.74037,497.04,828.36,2.33652699692291,0.02913235345217,0.0012,water-limited,low-snow,medium
07299670,47,complete,-0.30261528491973877,-24.707677841186523,24.405062556266785,1.0,278.3468322753906,True,False,True,11,34.35452,-99.74037,497.04,828.36,2.33652699692291,0.02913235345217,0.0012,water-limited,low-snow,medium
07301410,11,complete,-347.3693542480469,-837.3180541992188,489.9486999511719,0.9904162102957283,83.98878479003906,True,False,True,11,35.4731,-100.12095,787.71,769.67,1.72085929084126,0.0754167591358171,0.0,water-limited,low-snow,medium
07301410,29,complete,-469.6141052246094,-1032.066650390625,562.4525451660156,0.8170865279299014,45.35338592529297,True,False,True,11,35.4731,-100.12095,787.71,769.67,1.72085929084126,0.0754167591358171,0.0,water-limited,low-snow,medium
07301410,47,complete,-518.9619750976562,-1330.462646484375,811.5006713867188,0.9926067907995619,20.1055908203125,True,False,True,11,35.4731,-100.12095,787.71,769.67,1.72085929084126,0.0754167591358171,0.0,water-limited,low-snow,medium
07315200,11,complete,0.42341530323028564,-2.718181610107422,3.1415969133377075,1.0,212.5696563720703,True,False,True,11,33.81288,-98.08504,310.11,501.62,1.70766093969166,0.0162560388991893,0.0923,water-limited,low-snow,medium
07315200,29,complete,-0.0010925531387329102,-1.8583917617797852,1.8572992086410522,1.0,271.7569274902344,True,False,True,11,33.81288,-98.08504,310.11,501.62,1.70766093969166,0.0162560388991893,0.0923,water-limited,low-snow,medium
07315200,47,complete,0.05454939603805542,-8.885052680969238,8.939602077007294,1.0,254.9717559814453,True,False,True,11,33.81288,-98.08504,310.11,501.62,1.70766093969166,0.0162560388991893,0.0923,water-limited,low-snow,medium
07315700,11,complete,0.40048253536224365,-1.3454527854919434,1.745935320854187,0.9939759036144579,323.8948974609375,True,False,True,11,34.00426,-97.56697,286.95,1488.69,1.22670685204901,0.0208161228801737,0.0437,water-limited,low-snow,medium
07315700,29,complete,0.2767527103424072,-3.366868019104004,3.643620729446411,0.9983570646221248,212.00071716308594,True,False,True,11,34.00426,-97.56697,286.95,1488.69,1.22670685204901,0.0208161228801737,0.0437,water-limited,low-snow,medium
07315700,47,complete,-0.8315514326095581,-4.4173150062561035,3.5857635736465454,0.7100219058050383,69.62613677978516,True,False,True,11,34.00426,-97.56697,286.95,1488.69,1.22670685204901,0.0208161228801737,0.0437,water-limited,low-snow,medium
07335700,11,complete,0.3320326805114746,0.32296162843704224,0.009071052074432373,0.6656626506024096,100.01444244384766,True,False,True,11,34.63844,-94.61272,450.35,102.57,0.669954865647405,0.0430162960741129,0.9722,humid,low-snow,small
07335700,29,complete,0.38834118843078613,0.1647731065750122,0.22356808185577393,0.9197699890470975,439.2283630371094,True,False,True,11,34.63844,-94.61272,450.35,102.57,0.669954865647405,0.0430162960741129,0.9722,humid,low-snow,small
07335700,47,complete,0.3420459032058716,0.20957475900650024,0.13247114419937134,1.0,114.79495239257812,True,False,True,11,34.63844,-94.61272,450.35,102.57,0.669954865647405,0.0430162960741129,0.9722,humid,low-snow,small
07340300,11,complete,0.48450297117233276,0.5719500780105591,-0.08744710683822632,0.9531763417305587,118.83626556396484,True,False,False,11,34.37955,-94.23576,342.71,230.43,0.657004332127709,0.0385678054509223,0.9591,humid,low-snow,small
07340300,29,complete,0.41014719009399414,0.18691742420196533,0.2232297658920288,0.9997261774370209,609.8294067382812,True,False,True,11,34.37955,-94.23576,342.71,230.43,0.657004332127709,0.0385678054509223,0.9591,humid,low-snow,small
07340300,47,complete,0.478266179561615,0.4270336627960205,0.05123251676559448,1.0,104.0548095703125,True,False,True,11,34.37955,-94.23576,342.71,230.43,0.657004332127709,0.0385678054509223,0.9591,humid,low-snow,small
07346045,11,complete,0.5439537763595581,-1.420701503753662,1.9646552801132202,0.9917853231106243,494.3667907714844,True,True,True,11,32.77792,-94.35742,103.75,959.89,0.877246678888312,0.0168897938562348,0.8518,humid,low-snow,medium
07346045,29,complete,0.3845551013946533,-1.3286242485046387,1.713179349899292,0.9203176341730559,195.57591247558594,True,False,True,11,32.77792,-94.35742,103.75,959.89,0.877246678888312,0.0168897938562348,0.8518,humid,low-snow,medium
07346045,47,complete,0.7109622359275818,-2.017268657684326,2.728230893611908,0.9964403066812705,167.36183166503906,True,True,True,11,32.77792,-94.35742,103.75,959.89,0.877246678888312,0.0168897938562348,0.8518,humid,low-snow,medium
07359610,11,complete,0.3190838694572449,0.5056369304656982,-0.18655306100845337,0.7190580503833516,132.3363800048828,True,False,False,08,34.38278,-93.60611,301.25,342.23,0.681704238009044,0.0301790248613661,0.9453,humid,low-snow,small
07359610,29,complete,0.4515377879142761,0.3479766845703125,0.10356110334396362,0.9613910186199343,451.57720947265625,True,False,True,08,34.38278,-93.60611,301.25,342.23,0.681704238009044,0.0301790248613661,0.9453,humid,low-snow,small
07359610,47,complete,0.4481663703918457,0.4390367269515991,0.009129643440246582,0.93921139101862,80.849365234375,True,False,True,08,34.38278,-93.60611,301.25,342.23,0.681704238009044,0.0301790248613661,0.9453,humid,low-snow,small
07362100,11,complete,0.4422226548194885,0.29763293266296387,0.14458972215652466,0.9553669222343921,427.353515625,True,False,True,08,33.37596,-92.77711,82.82,996.08,0.802148357161268,0.0183234657917035,0.9703,humid,low-snow,medium
07362100,29,complete,0.2083529829978943,-0.2829400300979614,0.4912930130958557,0.9994523548740416,929.7808227539062,True,False,True,08,33.37596,-92.77711,82.82,996.08,0.802148357161268,0.0183234657917035,0.9703,humid,low-snow,medium
07362100,47,complete,0.5199059247970581,-0.3185523748397827,0.8384582996368408,1.0,232.15713500976562,True,True,True,08,33.37596,-92.77711,82.82,996.08,0.802148357161268,0.0183234657917035,0.9703,humid,low-snow,medium
07362587,11,complete,0.181876540184021,0.3662639260292053,-0.18438738584518433,0.9852135815991238,202.30050659179688,True,False,False,08,34.79759,-92.93351,287.49,69.77,0.749976777706078,0.0366380668861851,0.9966,humid,low-snow,small
07362587,29,complete,0.32980531454086304,0.33849430084228516,-0.00868898630142212,0.9945235487404163,661.4815063476562,True,False,False,08,34.79759,-92.93351,287.49,69.77,0.749976777706078,0.0366380668861851,0.9966,humid,low-snow,small
07362587,47,complete,0.2284461259841919,0.37785619497299194,-0.14941006898880005,1.0,145.4539031982422,True,False,False,08,34.79759,-92.93351,287.49,69.77,0.749976777706078,0.0366380668861851,0.9966,humid,low-snow,small
07375000,11,complete,0.25523310899734497,-1.1834211349487305,1.4386542439460754,0.9986308871851041,215.4979705810547,True,False,True,08,30.61602,-90.24869,54.03,249.35,0.805556798925254,0.0005081655254214,0.7492,humid,low-snow,small
07375000,29,complete,-0.030502676963806152,-1.87778639793396,1.8472837209701538,1.0,381.2068176269531,True,False,True,08,30.61602,-90.24869,54.03,249.35,0.805556798925254,0.0005081655254214,0.7492,humid,low-snow,small
07375000,47,complete,0.07390838861465454,-3.5004215240478516,3.574329912662506,0.9926067907995619,85.88626098632812,True,False,True,08,30.61602,-90.24869,54.03,249.35,0.805556798925254,0.0005081655254214,0.7492,humid,low-snow,small
08013000,11,complete,0.10209256410598755,-1.434044361114502,1.5361369252204895,1.0,288.9461364746094,True,False,True,08,30.99602,-92.67375,75.95,1293.69,0.745282546959656,0.0032863361803717,0.9144,humid,low-snow,medium
08013000,29,complete,-0.1364511251449585,-3.5677947998046875,3.431343674659729,1.0,477.5193176269531,True,False,True,08,30.99602,-92.67375,75.95,1293.69,0.745282546959656,0.0032863361803717,0.9144,humid,low-snow,medium
08013000,47,complete,-0.5550566911697388,-4.012645244598389,3.45758855342865,1.0,106.3036117553711,True,False,True,08,30.99602,-92.67375,75.95,1293.69,0.745282546959656,0.0032863361803717,0.9144,humid,low-snow,medium
08014500,11,complete,0.03535264730453491,-1.8266263008117676,1.8619789481163025,0.9991785323110625,248.61126708984375,True,False,True,08,30.69875,-92.89319,57.95,1305.15,0.731222355302373,0.0022457658116513,0.8187,humid,low-snow,medium
08014500,29,complete,-0.39237380027770996,-4.70788049697876,4.31550669670105,1.0,501.0621032714844,True,False,True,08,30.69875,-92.89319,57.95,1305.15,0.731222355302373,0.0022457658116513,0.8187,humid,low-snow,medium
08014500,47,complete,-0.8598266839981079,-5.169702529907227,4.309875845909119,0.9909638554216867,87.02192687988281,True,False,True,08,30.69875,-92.89319,57.95,1305.15,0.731222355302373,0.0022457658116513,0.8187,humid,low-snow,medium
08023080,11,complete,0.4266238808631897,0.28139615058898926,0.14522773027420044,0.914841182913472,478.4319763183594,True,False,True,12,31.97933,-93.93408,86.85,187.61,0.800739536656153,0.0072046599774758,0.8629,humid,low-snow,small
08023080,29,complete,0.2510695457458496,-0.10661673545837402,0.35768628120422363,0.9994523548740416,716.1488037109375,True,False,True,12,31.97933,-93.93408,86.85,187.61,0.800739536656153,0.0072046599774758,0.8629,humid,low-snow,small
08023080,47,complete,0.4813579320907593,-0.2973053455352783,0.7786632776260376,1.0,279.5446472167969,True,False,True,12,31.97933,-93.93408,86.85,187.61,0.800739536656153,0.0072046599774758,0.8629,humid,low-snow,small
08050800,11,complete,0.23192793130874634,0.08887320756912231,0.14305472373962402,0.9912376779846659,425.6524353027344,True,False,True,12,33.55455,-96.94723,229.09,100.93,1.11436832312552,0.0196728968786143,0.1279,water-limited,low-snow,small
08050800,29,complete,0.0840727686882019,0.1379501223564148,-0.05387735366821289,0.9983570646221248,322.86663818359375,True,False,False,12,33.55455,-96.94723,229.09,100.93,1.11436832312552,0.0196728968786143,0.1279,water-limited,low-snow,small
08050800,47,complete,0.15225744247436523,-0.32103168964385986,0.4732891321182251,1.0,239.00888061523438,True,False,True,12,33.55455,-96.94723,229.09,100.93,1.11436832312552,0.0196728968786143,0.1279,water-limited,low-snow,small
08066200,11,complete,0.12468641996383667,-0.12921714782714844,0.2539035677909851,1.0,718.83642578125,True,False,True,12,30.71631,-94.95882,86.8,364.12,1.01878315099575,0.0023206818433828,0.8456,water-limited,low-snow,small
08066200,29,complete,0.34761977195739746,-0.13859474658966064,0.4862145185470581,0.9997261774370209,393.98309326171875,True,False,True,12,30.71631,-94.95882,86.8,364.12,1.01878315099575,0.0023206818433828,0.8456,water-limited,low-snow,small
08066200,47,complete,0.5479979515075684,-0.8033334016799927,1.351331353187561,1.0,164.2708282470703,True,True,True,12,30.71631,-94.95882,86.8,364.12,1.01878315099575,0.0023206818433828,0.8456,water-limited,low-snow,small
08066300,11,complete,0.4425920844078064,-3.2520875930786133,3.6946796774864197,0.9906900328587076,268.4096984863281,True,False,True,12,30.48139,-94.77972,67.47,383.57,1.05398794346995,0.0017530511421341,0.8251,water-limited,low-snow,small
08066300,29,complete,-1.0412077903747559,-5.463407039642334,4.422199249267578,1.0,142.94134521484375,True,False,True,12,30.48139,-94.77972,67.47,383.57,1.05398794346995,0.0017530511421341,0.8251,water-limited,low-snow,small
08066300,47,complete,-1.3150348663330078,-8.941325187683105,7.626290321350098,0.9931544359255202,105.7160415649414,True,False,True,12,30.48139,-94.77972,67.47,383.57,1.05398794346995,0.0017530511421341,0.8251,water-limited,low-snow,small
08070000,11,complete,0.5020920038223267,-1.2504627704620361,1.7525547742843628,1.0,420.0275573730469,True,True,True,12,30.3366,-95.1041,84.67,841.06,1.00949499977647,0.0023807368074233,0.8302,water-limited,low-snow,medium
08070000,29,complete,0.5579355955123901,-1.8260414600372314,2.3839770555496216,0.9986308871851041,354.45867919921875,True,True,True,12,30.3366,-95.1041,84.67,841.06,1.00949499977647,0.0023807368074233,0.8302,water-limited,low-snow,medium
08070000,47,complete,-0.06330430507659912,-3.5441346168518066,3.4808303117752075,0.9920591456736035,180.27638244628906,True,False,True,12,30.3366,-95.1041,84.67,841.06,1.00949499977647,0.0023807368074233,0.8302,water-limited,low-snow,medium
08070200,11,complete,0.48841404914855957,-2.6770997047424316,3.165513753890991,1.0,396.2225646972656,True,False,True,12,30.14549,-95.12438,71.08,989.37,1.09493724123552,0.0024550978464837,0.8129,water-limited,low-snow,medium
08070200,29,complete,0.5092723369598389,-3.978111743927002,4.487384080886841,0.9997261774370209,338.1418151855469,True,True,True,12,30.14549,-95.12438,71.08,989.37,1.09493724123552,0.0024550978464837,0.8129,water-limited,low-snow,medium
08070200,47,complete,-0.8549507856369019,-6.720724582672119,5.865773797035217,0.9926067907995619,150.99038696289062,True,False,True,12,30.14549,-95.12438,71.08,989.37,1.09493724123552,0.0024550978464837,0.8129,water-limited,low-snow,medium
08082700,11,complete,-0.002985715866088867,0.20570337772369385,-0.20868909358978271,1.0,236.07180786132812,True,False,False,12,33.32927,-99.46508,453.85,276.04,1.99858819113605,0.0128021384845558,0.0,water-limited,low-snow,small
08082700,29,complete,-0.0003218650817871094,-0.22553515434265137,0.22521328926086426,1.0,194.49359130859375,True,False,True,12,33.32927,-99.46508,453.85,276.04,1.99858819113605,0.0128021384845558,0.0,water-limited,low-snow,small
08082700,47,complete,0.418839693069458,-0.7061370611190796,1.1249767541885376,1.0,138.81527709960938,True,False,True,12,33.32927,-99.46508,453.85,276.04,1.99858819113605,0.0128021384845558,0.0,water-limited,low-snow,small
08086212,11,complete,0.10378313064575195,-4.457679271697998,4.56146240234375,1.0,317.7146301269531,True,False,True,12,32.7329,-99.14063,507.6,1584.82,1.70903656792118,0.0131862313964449,0.0038,water-limited,low-snow,medium
08086212,29,complete,-0.007735729217529297,-4.800421714782715,4.7926859855651855,1.0,410.464599609375,True,False,True,12,32.7329,-99.14063,507.6,1584.82,1.70903656792118,0.0131862313964449,0.0038,water-limited,low-snow,medium
08086212,47,complete,0.4366666078567505,-10.033832550048828,10.470499157905579,1.0,254.1759033203125,True,False,True,12,32.7329,-99.14063,507.6,1584.82,1.70903656792118,0.0131862313964449,0.0038,water-limited,low-snow,medium
08086290,11,complete,0.43273067474365234,-2.3937230110168457,2.826453685760498,1.0,164.7432098388672,True,False,True,12,32.64846,-99.00451,475.58,732.98,1.77122694588562,0.0128799846435909,0.0066,water-limited,low-snow,medium
08086290,29,complete,-0.0029948949813842773,-2.054204225540161,2.051209330558777,1.0,354.18475341796875,True,False,True,12,32.64846,-99.00451,475.58,732.98,1.77122694588562,0.0128799846435909,0.0066,water-limited,low-snow,medium
08086290,47,complete,0.21325665712356567,-6.728764057159424,6.9420207142829895,1.0,300.8863220214844,True,False,True,12,32.64846,-99.00451,475.58,732.98,1.77122694588562,0.0128799846435909,0.0066,water-limited,low-snow,medium
08101000,11,complete,0.30986154079437256,-0.6860146522521973,0.9958761930465698,0.9978094194961665,67.82842254638672,True,False,True,12,31.28489,-97.88502,388.23,1177.1,1.37780685239028,0.0091795525039557,0.0067,water-limited,low-snow,medium
08101000,29,complete,0.21251177787780762,-0.4481405019760132,0.6606522798538208,0.9997261774370209,317.576904296875,True,False,True,12,31.28489,-97.88502,388.23,1177.1,1.37780685239028,0.0091795525039557,0.0067,water-limited,low-snow,medium
08101000,47,complete,0.2058432698249817,-1.4738528728485107,1.6796961426734924,1.0,168.77781677246094,True,False,True,12,31.28489,-97.88502,388.23,1177.1,1.37780685239028,0.0091795525039557,0.0067,water-limited,low-snow,medium
08103900,11,complete,0.39025944471359253,-0.4814640283584595,0.871723473072052,0.9934282584884995,29.60576629638672,True,False,True,12,30.91157,-98.03697,382.97,86.0,1.3600474906175,0.0092842421517583,0.0201,water-limited,low-snow,small
08103900,29,complete,0.2557116150856018,-0.02465987205505371,0.2803714871406555,0.9989047097480832,106.4473876953125,True,False,True,12,30.91157,-98.03697,382.97,86.0,1.3600474906175,0.0092842421517583,0.0201,water-limited,low-snow,small
08103900,47,complete,0.2806510925292969,-0.5914319753646851,0.8720830678939819,1.0,131.19747924804688,True,False,True,12,30.91157,-98.03697,382.97,86.0,1.3600474906175,0.0092842421517583,0.0201,water-limited,low-snow,small
08104900,11,complete,0.22550392150878906,0.355251669883728,-0.12974774837493896,0.9983570646221248,37.76853942871094,True,False,False,12,30.62575,-97.69112,317.44,342.62,1.33003008524243,0.0093596117977168,0.0263,water-limited,low-snow,small
08104900,29,complete,0.07855355739593506,0.1567491888999939,-0.07819563150405884,0.9868565169769989,49.00641632080078,True,False,False,12,30.62575,-97.69112,317.44,342.62,1.33003008524243,0.0093596117977168,0.0263,water-limited,low-snow,small
08104900,47,complete,0.05516535043716431,0.09038794040679932,-0.03522258996963501,1.0,165.48684692382812,True,False,False,12,30.62575,-97.69112,317.44,342.62,1.33003008524243,0.0093596117977168,0.0263,water-limited,low-snow,small
08109700,11,complete,0.18328577280044556,-0.12704694271087646,0.310332715511322,0.9438663745892661,209.57373046875,True,False,True,12,30.33938,-96.9047,143.05,610.13,1.2855030994979,0.0051361625387599,0.0282,water-limited,low-snow,medium
08109700,29,complete,-0.30204319953918457,-1.4987714290618896,1.196728229522705,0.7305585980284776,19.568801879882812,True,False,True,12,30.33938,-96.9047,143.05,610.13,1.2855030994979,0.0051361625387599,0.0282,water-limited,low-snow,medium
08109700,47,complete,-0.26488327980041504,-1.0368406772613525,0.7719573974609375,0.641566265060241,14.115771293640137,True,False,True,12,30.33938,-96.9047,143.05,610.13,1.2855030994979,0.0051361625387599,0.0282,water-limited,low-snow,medium
08150800,11,complete,0.23319721221923828,-11.968143463134766,12.201340675354004,1.0,20.278688430786133,True,False,True,12,30.64352,-99.09588,563.65,557.52,1.59128406204933,0.0082340595135767,0.0386,water-limited,low-snow,medium
08150800,29,complete,-0.07572293281555176,-1.9236114025115967,1.847888469696045,0.9958926615553122,16.590164184570312,True,False,True,12,30.64352,-99.09588,563.65,557.52,1.59128406204933,0.0082340595135767,0.0386,water-limited,low-snow,medium
08150800,47,complete,0.2217736840248108,-15.74073600769043,15.96250969171524,1.0,99.12353515625,True,False,True,12,30.64352,-99.09588,563.65,557.52,1.59128406204933,0.0082340595135767,0.0386,water-limited,low-snow,medium
08158700,11,complete,0.3603058457374573,-1.7204184532165527,2.08072429895401,0.9997261774370209,76.07624816894531,True,False,True,12,30.08299,-98.00779,367.97,320.34,1.31655223457378,0.0064753537654614,0.0414,water-limited,low-snow,small
08158700,29,complete,0.5632327795028687,-2.199122428894043,2.7623552083969116,0.9890470974808324,64.5540771484375,True,True,True,12,30.08299,-98.00779,367.97,320.34,1.31655223457378,0.0064753537654614,0.0414,water-limited,low-snow,small
08158700,47,complete,0.6252020597457886,-1.7443621158599854,2.369564175605774,1.0,361.64141845703125,True,True,True,12,30.08299,-98.00779,367.97,320.34,1.31655223457378,0.0064753537654614,0.0414,water-limited,low-snow,small
08164300,11,complete,0.03774917125701904,-0.04341089725494385,0.08116006851196289,1.0,767.477783203125,True,False,True,12,29.46691,-96.81276,102.72,861.54,1.65573995578224,0.0021354784821483,0.0122,water-limited,low-snow,medium
08164300,29,complete,0.5618172883987427,-0.8143314123153687,1.3761487007141113,0.9920591456736035,102.27410888671875,True,True,True,12,29.46691,-96.81276,102.72,861.54,1.65573995578224,0.0021354784821483,0.0122,water-limited,low-snow,medium
08164300,47,complete,0.2665979862213135,-1.2628164291381836,1.529414415359497,1.0,65.85070037841797,True,False,True,12,29.46691,-96.81276,102.72,861.54,1.65573995578224,0.0021354784821483,0.0122,water-limited,low-snow,medium
08164600,11,complete,0.4310382604598999,-0.01168358325958252,0.4427218437194824,1.0,446.97235107421875,True,False,True,12,28.89138,-96.81915,37.19,253.92,1.21751473896089,0.0008978831137086,0.0573,water-limited,low-snow,small
08164600,29,complete,0.48788756132125854,-0.2089228630065918,0.6968104243278503,0.9808324205914567,61.72187423706055,True,False,True,12,28.89138,-96.81915,37.19,253.92,1.21751473896089,0.0008978831137086,0.0573,water-limited,low-snow,small
08164600,47,complete,0.2364976406097412,-0.9344868659973145,1.1709845066070557,1.0,82.40470886230469,True,False,True,12,28.89138,-96.81915,37.19,253.92,1.21751473896089,0.0008978831137086,0.0573,water-limited,low-snow,small
08165300,11,complete,-0.14545869827270508,-6.127823352813721,5.982364654541016,1.0,29.5169620513916,True,False,True,12,30.0641,-99.38699,669.21,435.99,1.50096873591231,0.0056160383836324,0.1466,water-limited,low-snow,small
08165300,29,complete,0.14913344383239746,-1.0870814323425293,1.2362148761749268,0.9994523548740416,24.943532943725586,True,False,True,12,30.0641,-99.38699,669.21,435.99,1.50096873591231,0.0056160383836324,0.1466,water-limited,low-snow,small
08165300,47,complete,0.11870568990707397,-4.729372978210449,4.848078668117523,1.0,154.47293090820312,True,False,True,12,30.0641,-99.38699,669.21,435.99,1.50096873591231,0.0056160383836324,0.1466,water-limited,low-snow,small
08171300,11,complete,0.5994358062744141,-0.06603872776031494,0.665474534034729,1.0,96.05797576904297,True,True,True,12,29.97938,-97.91,379.23,1067.47,1.82591414268598,0.0043200262623378,0.0569,water-limited,low-snow,medium
08171300,29,complete,0.6503699421882629,-0.0207366943359375,0.6711066365242004,0.9961664841182913,47.356956481933594,True,True,True,12,29.97938,-97.91,379.23,1067.47,1.82591414268598,0.0043200262623378,0.0569,water-limited,low-snow,medium
08171300,47,complete,0.6358975172042847,-0.7618507146835327,1.3977482318878174,1.0,148.10498046875,True,True,True,12,29.97938,-97.91,379.23,1067.47,1.82591414268598,0.0043200262623378,0.0569,water-limited,low-snow,medium
08175000,11,complete,-0.0037729740142822266,-0.17917943000793457,0.17540645599365234,0.9978094194961665,400.83404541015625,True,False,True,12,29.21525,-97.44943,113.27,1421.66,1.42543650438442,0.0022293177664445,0.0703,water-limited,low-snow,medium
08175000,29,complete,0.04909324645996094,-1.6615407466888428,1.7106339931488037,0.9756297918948521,148.7287139892578,True,False,True,12,29.21525,-97.44943,113.27,1421.66,1.42543650438442,0.0022293177664445,0.0703,water-limited,low-snow,medium
08175000,47,complete,0.05442303419113159,-1.749006986618042,1.8034300208091736,0.9403066812705367,76.47674560546875,True,False,True,12,29.21525,-97.44943,113.27,1421.66,1.42543650438442,0.0022293177664445,0.0703,water-limited,low-snow,medium
08176900,11,complete,0.0015810728073120117,-2.008180856704712,2.009761929512024,0.9931544359255202,315.6557312011719,True,False,True,12,28.86165,-97.22638,88.45,925.44,1.55712242331961,0.0018005933498891,0.1949,water-limited,low-snow,medium
08176900,29,complete,-0.5791212320327759,-3.4649548530578613,2.8858336210250854,0.9309967141292442,62.30108642578125,True,False,True,12,28.86165,-97.22638,88.45,925.44,1.55712242331961,0.0018005933498891,0.1949,water-limited,low-snow,medium
08176900,47,complete,-1.4198100566864014,-4.83164644241333,3.4118363857269287,0.8039430449069004,32.24900817871094,True,False,True,12,28.86165,-97.22638,88.45,925.44,1.55712242331961,0.0018005933498891,0.1949,water-limited,low-snow,medium
08178880,11,complete,0.3750683069229126,0.4046105742454529,-0.029542267322540283,1.0,61.34294128417969,True,False,False,12,29.72384,-99.07004,542.56,850.58,1.36621531734618,0.0030449353276083,0.4391,water-limited,low-snow,medium
08178880,29,complete,0.47063004970550537,0.528470516204834,-0.05784046649932861,0.9994523548740416,51.685977935791016,True,False,False,12,29.72384,-99.07004,542.56,850.58,1.36621531734618,0.0030449353276083,0.4391,water-limited,low-snow,medium
08178880,47,complete,0.4424617886543274,0.36436885595321655,0.07809293270111084,1.0,220.50384521484375,True,False,True,12,29.72384,-99.07004,542.56,850.58,1.36621531734618,0.0030449353276083,0.4391,water-limited,low-snow,medium
08189500,11,complete,0.14787518978118896,-0.9440790414810181,1.091954231262207,0.9920591456736035,165.06982421875,True,False,True,12,28.29195,-97.27916,67.31,1808.29,1.99499278745536,0.0016287321026845,0.1046,water-limited,low-snow,medium
08189500,29,complete,0.0009644031524658203,-3.839052677154541,3.840017080307007,0.9950711938663745,112.50086212158203,True,False,True,12,28.29195,-97.27916,67.31,1808.29,1.99499278745536,0.0016287321026845,0.1046,water-limited,low-snow,medium
08189500,47,complete,-0.9389076232910156,-4.233434677124023,3.294527053833008,0.9665936473165389,28.147567749023438,True,False,True,12,28.29195,-97.27916,67.31,1808.29,1.99499278745536,0.0016287321026845,0.1046,water-limited,low-snow,medium
08190000,11,complete,0.28338688611984253,-2.829270839691162,3.1126577258110046,1.0,18.057043075561523,True,False,True,12,29.42857,-99.99729,567.77,1961.43,1.77267488093054,0.0037075564040486,0.2878,water-limited,low-snow,medium
08190000,29,complete,0.4285612106323242,-0.3764239549636841,0.8049851655960083,1.0,65.71566772460938,True,False,True,12,29.42857,-99.99729,567.77,1961.43,1.77267488093054,0.0037075564040486,0.2878,water-limited,low-snow,medium
08190000,47,complete,0.38390153646469116,-10.508522987365723,10.892424523830414,1.0,139.1769561767578,True,False,True,12,29.42857,-99.99729,567.77,1961.43,1.77267488093054,0.0037075564040486,0.2878,water-limited,low-snow,medium
08194200,11,complete,-0.011934518814086914,-0.5561153888702393,0.5441808700561523,1.0,160.02244567871094,True,False,True,12,27.96501,-98.96697,161.27,1220.58,2.59034127716609,0.0005535601264272,0.0008,water-limited,low-snow,medium
08194200,29,complete,-0.013053417205810547,-1.465184211730957,1.4521307945251465,1.0,585.4784545898438,True,False,True,12,27.96501,-98.96697,161.27,1220.58,2.59034127716609,0.0005535601264272,0.0008,water-limited,low-snow,medium
08194200,47,complete,-0.032590270042419434,-2.8862640857696533,2.853673815727234,1.0,312.0752258300781,True,False,True,12,27.96501,-98.96697,161.27,1220.58,2.59034127716609,0.0005535601264272,0.0008,water-limited,low-snow,medium
08195000,11,complete,0.2696118950843811,-2.3638103008270264,2.6334221959114075,1.0,39.89474868774414,True,False,True,12,29.48857,-99.70478,578.2,1028.29,1.53150536935558,0.0043576302166992,0.5043,water-limited,low-snow,medium
08195000,29,complete,0.35925406217575073,-0.49243032932281494,0.8516843914985657,0.9994523548740416,44.226463317871094,True,False,True,12,29.48857,-99.70478,578.2,1028.29,1.53150536935558,0.0043576302166992,0.5043,water-limited,low-snow,medium
08195000,47,complete,0.2780511975288391,-2.879497528076172,3.157548725605011,1.0,207.14642333984375,True,False,True,12,29.48857,-99.70478,578.2,1028.29,1.53150536935558,0.0043576302166992,0.5043,water-limited,low-snow,medium
08196000,11,complete,0.15225845575332642,-1.0673577785491943,1.2196162343025208,1.0,41.73859405517578,True,False,True,12,29.50468,-99.78145,536.77,326.98,1.64015802655172,0.0023896281867178,0.6396,water-limited,low-snow,small
08196000,29,complete,0.2717975378036499,-0.21000194549560547,0.48179948329925537,0.9991785323110625,33.30522537231445,True,False,True,12,29.50468,-99.78145,536.77,326.98,1.64015802655172,0.0023896281867178,0.6396,water-limited,low-snow,small
08196000,47,complete,0.14098995923995972,-0.9095418453216553,1.050531804561615,1.0,234.80413818359375,True,False,True,12,29.50468,-99.78145,536.77,326.98,1.64015802655172,0.0023896281867178,0.6396,water-limited,low-snow,small
08198500,11,complete,0.4131819009780884,-0.1618863344192505,0.5750682353973389,1.0,58.14664077758789,True,False,True,12,29.31431,-99.48047,439.45,624.35,1.51562140321696,0.0030982528891208,0.4132,water-limited,low-snow,medium
08198500,29,complete,0.5904104113578796,0.35283392667770386,0.23757648468017578,0.9972617743702081,22.977941513061523,True,True,True,12,29.31431,-99.48047,439.45,624.35,1.51562140321696,0.0030982528891208,0.4132,water-limited,low-snow,medium
08198500,47,complete,0.45748698711395264,-0.49537134170532227,0.9528583288192749,1.0,204.83749389648438,True,False,True,12,29.31431,-99.48047,439.45,624.35,1.51562140321696,0.0030982528891208,0.4132,water-limited,low-snow,medium
08200000,11,complete,0.37561559677124023,0.37074553966522217,0.004870057106018066,1.0,71.19292449951172,True,False,True,12,29.56967,-99.24671,464.34,249.11,1.41838590132114,0.0026284470487446,0.6625,water-limited,low-snow,small
08200000,29,complete,0.44274842739105225,0.4609101414680481,-0.01816171407699585,0.9975355969331873,38.85990524291992,True,False,False,12,29.56967,-99.24671,464.34,249.11,1.41838590132114,0.0026284470487446,0.6625,water-limited,low-snow,small
08200000,47,complete,0.3439645767211914,0.4167572259902954,-0.072792649269104,1.0,295.0309753417969,True,False,False,12,29.56967,-99.24671,464.34,249.11,1.41838590132114,0.0026284470487446,0.6625,water-limited,low-snow,small
08202700,11,complete,0.42183125019073486,-1.4625847339630127,1.8844159841537476,1.0,84.24517059326172,True,False,True,12,29.37079,-99.28782,399.03,434.75,1.54002888680651,0.002762016493395,0.4827,water-limited,low-snow,small
08202700,29,complete,0.23588991165161133,-0.543068528175354,0.7789584398269653,0.9972617743702081,31.486217498779297,True,False,True,12,29.37079,-99.28782,399.03,434.75,1.54002888680651,0.002762016493395,0.4827,water-limited,low-snow,small
08202700,47,complete,0.4025813937187195,-1.254868984222412,1.6574503779411316,1.0,227.85951232910156,True,False,True,12,29.37079,-99.28782,399.03,434.75,1.54002888680651,0.002762016493395,0.4827,water-limited,low-snow,small
08267500,11,complete,0.1308467984199524,0.3262330889701843,-0.19538629055023193,0.9674151150054765,9.798479080200195,True,False,False,13,36.54169,-105.5564,3006.6,96.26,2.11912415681593,0.471388008193727,0.7348,water-limited,snow-influenced,small
08267500,29,complete,-0.06063342094421387,0.361395001411438,-0.42202842235565186,1.0,6.939106464385986,True,False,False,13,36.54169,-105.5564,3006.6,96.26,2.11912415681593,0.471388008193727,0.7348,water-limited,snow-influenced,small
08267500,47,complete,-0.08340644836425781,0.1479915976524353,-0.23139804601669312,0.9893209200438116,19.151811599731445,True,False,False,13,36.54169,-105.5564,3006.6,96.26,2.11912415681593,0.471388008193727,0.7348,water-limited,snow-influenced,small
08269000,11,complete,0.08971774578094482,-0.041709303855895996,0.13142704963684082,0.7913472070098576,14.391979217529297,True,False,True,13,36.43947,-105.50362,2791.36,163.27,2.45451009065424,0.401645682298287,0.7622,water-limited,snow-influenced,small
08269000,29,complete,0.13200056552886963,0.2386479377746582,-0.10664737224578857,1.0,7.381510257720947,True,False,False,13,36.43947,-105.50362,2791.36,163.27,2.45451009065424,0.401645682298287,0.7622,water-limited,snow-influenced,small
08269000,47,complete,0.052868664264678955,-0.36123478412628174,0.4141034483909607,0.9066265060240963,4.274765491485596,True,False,True,13,36.43947,-105.50362,2791.36,163.27,2.45451009065424,0.401645682298287,0.7622,water-limited,snow-influenced,small
08271000,11,complete,0.07167726755142212,0.27142590284347534,-0.19974863529205322,0.7387732749178533,5.934800624847412,True,False,False,13,36.50836,-105.53084,2722.86,43.77,2.37735047700933,0.48400245009705,0.654,water-limited,snow-influenced,small
08271000,29,complete,-0.12799811363220215,0.35350286960601807,-0.4815009832382202,1.0,7.229736328125,True,False,False,13,36.50836,-105.53084,2722.86,43.77,2.37735047700933,0.48400245009705,0.654,water-limited,snow-influenced,small
08271000,47,complete,0.32386475801467896,0.5450285077095032,-0.22116374969482422,0.8726725082146769,4.940776348114014,True,False,False,13,36.50836,-105.53084,2722.86,43.77,2.37735047700933,0.48400245009705,0.654,water-limited,snow-influenced,small
08324000,11,complete,-23.340951919555664,-30.856822967529297,7.515871047973633,0.40525739320920046,7.163599967956543,True,False,True,13,35.66169,-106.74337,2459.47,1207.95,1.99998022021435,0.365429081915842,0.5803,water-limited,snow-influenced,medium
08324000,29,complete,-30.125839233398438,-34.492488861083984,4.366649627685547,0.3143483023001095,4.289579391479492,True,False,True,13,35.66169,-106.74337,2459.47,1207.95,1.99998022021435,0.365429081915842,0.5803,water-limited,snow-influenced,medium
08324000,47,complete,-14.10712718963623,-38.56700897216797,24.45988178253174,0.8663745892661555,4.425459861755371,True,False,True,13,35.66169,-106.74337,2459.47,1207.95,1.99998022021435,0.365429081915842,0.5803,water-limited,snow-influenced,medium
08377900,11,complete,0.3126137852668762,0.006750226020812988,0.30586355924606323,0.6552573932092004,8.004465103149414,True,False,True,13,35.77725,-105.65807,3017.75,139.03,1.49790476426613,0.466213354634129,0.9747,water-limited,snow-influenced,small
08377900,29,complete,0.4148745536804199,0.3920152187347412,0.02285933494567871,0.9252464403066812,8.04642105102539,True,False,True,13,35.77725,-105.65807,3017.75,139.03,1.49790476426613,0.466213354634129,0.9747,water-limited,snow-influenced,small
08377900,47,complete,0.4678531885147095,0.0989115834236145,0.36894160509109497,0.4351040525739321,4.157660961151123,True,False,True,13,35.77725,-105.65807,3017.75,139.03,1.49790476426613,0.466213354634129,0.9747,water-limited,snow-influenced,small
08378500,11,complete,-0.07484948635101318,-0.8701834678649902,0.795333981513977,0.7475355969331873,11.75782585144043,True,False,True,13,35.70837,-105.68252,2965.23,444.96,1.60277067815171,0.449989328985624,0.965,water-limited,snow-influenced,small
08378500,29,complete,-0.5629537105560303,-0.6281061172485352,0.06515240669250488,0.9145673603504929,8.135164260864258,True,False,True,13,35.70837,-105.68252,2965.23,444.96,1.60277067815171,0.449989328985624,0.965,water-limited,snow-influenced,small
08378500,47,complete,-0.7324532270431519,-1.976907730102539,1.2444545030593872,0.6278751369112815,4.911988735198975,True,False,True,13,35.70837,-105.68252,2965.23,444.96,1.60277067815171,0.449989328985624,0.965,water-limited,snow-influenced,small
08380500,11,complete,-0.7949419021606445,-4.22286319732666,3.4279212951660156,0.8127053669222344,6.985978126525879,True,False,True,13,35.65199,-105.3189,2523.15,198.06,1.74754557719367,0.291104431145414,0.8242,water-limited,snow-influenced,small
08380500,29,complete,0.20726168155670166,0.35888659954071045,-0.1516249179840088,0.9887732749178533,8.235486030578613,True,False,False,13,35.65199,-105.3189,2523.15,198.06,1.74754557719367,0.291104431145414,0.8242,water-limited,snow-influenced,small
08380500,47,complete,0.14513510465621948,-2.180701494216919,2.3258365988731384,0.9953450164293538,23.205997467041016,True,False,True,13,35.65199,-105.3189,2523.15,198.06,1.74754557719367,0.291104431145414,0.8242,water-limited,snow-influenced,small
09035800,11,complete,-0.30569612979888916,-1.5997166633605957,1.2940205335617065,0.48055859802847756,5.9289164543151855,True,False,True,14,39.80054,-106.02641,3271.22,22.94,1.55425496823473,0.703715181667891,0.57,water-limited,snow-influenced,small
09035800,29,complete,0.7880493402481079,0.05880218744277954,0.7292471528053284,0.9622124863088719,25.04370880126953,True,True,True,14,39.80054,-106.02641,3271.22,22.94,1.55425496823473,0.703715181667891,0.57,water-limited,snow-influenced,small
09035800,47,complete,0.7110345363616943,0.3899381160736084,0.32109642028808594,0.42825848849945236,5.53368616104126,True,True,True,14,39.80054,-106.02641,3271.22,22.94,1.55425496823473,0.703715181667891,0.57,water-limited,snow-influenced,small
09035900,11,complete,0.18081849813461304,-0.18275916576385498,0.363577663898468,0.593921139101862,6.763086318969727,True,False,True,14,39.79582,-106.03057,3240.75,72.84,1.43870994561462,0.689823885415144,0.6008,water-limited,snow-influenced,small
09035900,29,complete,0.850561797618866,0.8329401016235352,0.01762169599533081,0.9994523548740416,27.748689651489258,True,True,True,14,39.79582,-106.03057,3240.75,72.84,1.43870994561462,0.689823885415144,0.6008,water-limited,snow-influenced,small
09035900,47,complete,0.8035685420036316,0.8329124450683594,-0.029343903064727783,0.44359255202628695,6.154123783111572,True,True,False,14,39.79582,-106.03057,3240.75,72.84,1.43870994561462,0.689823885415144,0.6008,water-limited,snow-influenced,small
09065500,11,complete,-0.3731350898742676,-0.01531839370727539,-0.3578166961669922,0.7319277108433735,15.376575469970703,True,False,False,14,39.62582,-106.27808,3350.1,37.78,1.44701296024584,0.715530725661926,0.8324,water-limited,snow-influenced,small
09065500,29,complete,0.5832453966140747,0.7556153535842896,-0.17236995697021484,1.0,25.170705795288086,True,True,False,14,39.62582,-106.27808,3350.1,37.78,1.44701296024584,0.715530725661926,0.8324,water-limited,snow-influenced,small
09065500,47,complete,0.4849553108215332,0.5897460579872131,-0.10479074716567993,0.5295728368017525,8.1697359085083,True,False,False,14,39.62582,-106.27808,3350.1,37.78,1.44701296024584,0.715530725661926,0.8324,water-limited,snow-influenced,small
09066000,11,complete,0.6571245193481445,0.5851901173591614,0.07193440198898315,0.3778751369112815,4.985021114349365,True,True,True,14,39.59638,-106.26503,3405.13,32.41,1.53003691051899,0.682272756610747,0.7706,water-limited,snow-influenced,small
09066000,29,complete,0.6954724788665771,0.6660747528076172,0.02939772605895996,0.6191128148959474,9.016743659973145,True,True,True,14,39.59638,-106.26503,3405.13,32.41,1.53003691051899,0.682272756610747,0.7706,water-limited,snow-influenced,small
09066000,47,complete,0.8532257080078125,0.8312147855758667,0.0220109224319458,0.28203723986856516,4.706964015960693,True,True,True,14,39.59638,-106.26503,3405.13,32.41,1.53003691051899,0.682272756610747,0.7706,water-limited,snow-influenced,small
09066200,11,complete,0.3798907399177551,0.4151712656021118,-0.03528052568435669,0.24561883899233297,5.6219587326049805,True,False,False,14,39.64832,-106.32308,3071.97,16.1,1.39822318572433,0.712216418137875,0.6686,water-limited,snow-influenced,small
09066200,29,complete,0.5644199848175049,0.571941614151001,-0.007521629333496094,0.4397590361445783,5.98638391494751,True,True,False,14,39.64832,-106.32308,3071.97,16.1,1.39822318572433,0.712216418137875,0.6686,water-limited,snow-influenced,small
09066200,47,complete,0.4992181062698364,0.6044912338256836,-0.10527312755584717,0.4063526834611172,4.508600234985352,True,False,False,14,39.64832,-106.32308,3071.97,16.1,1.39822318572433,0.712216418137875,0.6686,water-limited,snow-influenced,small
09066300,11,complete,-0.29932618141174316,-0.40423595905303955,0.10490977764129639,0.16210295728368018,4.1400957107543945,True,False,True,14,39.64582,-106.38225,2943.62,15.52,1.48639206321979,0.688317497264152,0.7632,water-limited,snow-influenced,small
09066300,29,complete,0.601680338382721,0.5126319527626038,0.08904838562011719,0.1273274917853231,3.810849666595459,True,True,True,14,39.64582,-106.38225,2943.62,15.52,1.48639206321979,0.688317497264152,0.7632,water-limited,snow-influenced,small
09066300,47,complete,0.4461100101470947,0.26621973514556885,0.17989027500152588,0.07858707557502738,3.20312762260437,True,False,True,14,39.64582,-106.38225,2943.62,15.52,1.48639206321979,0.688317497264152,0.7632,water-limited,snow-influenced,small
09081600,11,complete,0.34040242433547974,0.44909656047821045,-0.10869413614273071,0.5646221248630887,5.507012844085693,True,False,False,14,39.23221,-107.22727,2990.97,432.89,1.50276206476727,0.66474212387336,0.6136,water-limited,snow-influenced,small
09081600,29,complete,0.431127667427063,0.47910696268081665,-0.04797929525375366,0.8937568455640745,7.691102504730225,True,False,False,14,39.23221,-107.22727,2990.97,432.89,1.50276206476727,0.66474212387336,0.6136,water-limited,snow-influenced,small
09081600,47,complete,-0.20144641399383545,-0.16375720500946045,-0.037689208984375,0.5314895947426068,6.439012050628662,True,False,False,14,39.23221,-107.22727,2990.97,432.89,1.50276206476727,0.66474212387336,0.6136,water-limited,snow-influenced,small
09107000,11,complete,0.3272305130958557,0.2352311611175537,0.091999351978302,0.040251916757940855,2.7736074924468994,True,False,True,14,38.86027,-106.5667,3300.29,331.62,1.68527917783876,0.672583021372504,0.6075,water-limited,snow-influenced,small
09107000,29,complete,0.8039896488189697,0.6778872013092041,0.12610244750976562,0.6215772179627601,5.375235557556152,True,True,True,14,38.86027,-106.5667,3300.29,331.62,1.68527917783876,0.672583021372504,0.6075,water-limited,snow-influenced,small
09107000,47,complete,-1.4805419445037842,-1.7743453979492188,0.29380345344543457,0.3940306681270537,4.004640102386475,True,False,True,14,38.86027,-106.5667,3300.29,331.62,1.68527917783876,0.672583021372504,0.6075,water-limited,snow-influenced,small
09210500,11,complete,-1.5531914234161377,-2.2668344974517822,0.7136430740356445,0.417579408543264,6.704440116882324,True,False,True,14,42.09605,-110.41656,2441.13,398.31,1.90175464874652,0.65472507476901,0.2624,water-limited,snow-influenced,small
09210500,29,complete,-2.2449159622192383,-2.3283822536468506,0.0834662914276123,0.865553121577218,3.7068841457366943,True,False,True,14,42.09605,-110.41656,2441.13,398.31,1.90175464874652,0.65472507476901,0.2624,water-limited,snow-influenced,small
09210500,47,complete,-2.7735788822174072,-4.850050926208496,2.076472043991089,0.7710843373493976,3.8917665481567383,True,False,True,14,42.09605,-110.41656,2441.13,398.31,1.90175464874652,0.65472507476901,0.2624,water-limited,snow-influenced,small
09223000,11,complete,-0.21278035640716553,-0.47942185401916504,0.2666414976119995,0.2502738225629792,4.681832313537598,True,False,True,14,42.11049,-110.70962,2448.68,333.15,1.57738701536144,0.698323179997837,0.433,water-limited,snow-influenced,small
09223000,29,complete,0.1311977505683899,0.14480966329574585,-0.013611912727355957,0.7869660460021906,5.513446807861328,True,False,False,14,42.11049,-110.70962,2448.68,333.15,1.57738701536144,0.698323179997837,0.433,water-limited,snow-influenced,small
09223000,47,complete,0.019081056118011475,-0.577951192855835,0.5970322489738464,0.7888828039430449,3.8192813396453857,True,False,True,14,42.11049,-110.70962,2448.68,333.15,1.57738701536144,0.698323179997837,0.433,water-limited,snow-influenced,small
09306242,11,complete,-728.1270141601562,-2626.675537109375,1898.5485229492188,0.9783680175246441,6.235365867614746,True,False,True,14,39.92025,-108.47287,2245.09,81.99,2.90419159117546,0.35800746386243,0.0,water-limited,snow-influenced,small
09306242,29,complete,-258.7568664550781,-335.0687255859375,76.31185913085938,0.9780941949616648,5.6955461502075195,True,False,True,14,39.92025,-108.47287,2245.09,81.99,2.90419159117546,0.35800746386243,0.0,water-limited,snow-influenced,small
09306242,47,complete,-1113.2606201171875,-3959.891357421875,2846.6307373046875,1.0,16.590118408203125,True,False,True,14,39.92025,-108.47287,2245.09,81.99,2.90419159117546,0.35800746386243,0.0,water-limited,snow-influenced,small
09312600,11,complete,-0.9713218212127686,-1.6641535758972168,0.6928317546844482,0.7927163198247535,10.901832580566406,True,False,True,14,39.87579,-111.03739,2434.67,195.29,2.37045884744146,0.604725963590861,0.0454,water-limited,snow-influenced,small
09312600,29,complete,0.02893441915512085,0.008475959300994873,0.020458459854125977,0.9605695509309967,17.955768585205078,True,False,True,14,39.87579,-111.03739,2434.67,195.29,2.37045884744146,0.604725963590861,0.0454,water-limited,snow-influenced,small
09312600,47,complete,-1.2581138610839844,-3.194016933441162,1.9359030723571777,0.9835706462212487,10.855754852294922,True,False,True,14,39.87579,-111.03739,2434.67,195.29,2.37045884744146,0.604725963590861,0.0454,water-limited,snow-influenced,small
09352900,11,complete,0.5995486378669739,0.6357680559158325,-0.03621941804885864,0.20536692223439212,5.09605598449707,True,True,False,14,37.4775,-107.54367,3282.66,188.15,1.24164677274948,0.633893898746821,0.5199,water-limited,snow-influenced,small
09352900,29,complete,0.5150400400161743,0.6383304595947266,-0.12329041957855225,0.9222343921139102,7.094113826751709,True,True,False,14,37.4775,-107.54367,3282.66,188.15,1.24164677274948,0.633893898746821,0.5199,water-limited,snow-influenced,small
09352900,47,complete,-0.03396332263946533,-0.015101790428161621,-0.01886153221130371,0.3885542168674699,5.463020324707031,True,False,False,14,37.4775,-107.54367,3282.66,188.15,1.24164677274948,0.633893898746821,0.5199,water-limited,snow-influenced,small
09378170,11,complete,-2.6442508697509766,-3.1073060035705566,0.4630551338195801,0.37595837897042717,11.135025024414062,True,False,True,14,37.84666,-109.36956,2308.2,21.9,1.79195543700725,0.504005221672301,0.2522,water-limited,snow-influenced,small
09378170,29,complete,-1.4379820823669434,-1.702573537826538,0.2645914554595947,0.4600219058050383,9.741874694824219,True,False,True,14,37.84666,-109.36956,2308.2,21.9,1.79195543700725,0.504005221672301,0.2522,water-limited,snow-influenced,small
09378170,47,complete,-3.573122024536133,-5.8173346519470215,2.2442126274108887,0.7642387732749178,5.540924072265625,True,False,True,14,37.84666,-109.36956,2308.2,21.9,1.79195543700725,0.504005221672301,0.2522,water-limited,snow-influenced,small
09386900,11,complete,-2.4521961212158203,-4.102238655090332,1.6500425338745117,0.621303395399781,15.821173667907715,True,False,True,15,35.28253,-108.55341,2341.65,184.94,2.47512570084394,0.307507544080434,0.3012,water-limited,snow-influenced,small
09386900,29,complete,-1.5939533710479736,-1.9645867347717285,0.3706333637237549,0.6911281489594743,5.447327613830566,True,False,True,15,35.28253,-108.55341,2341.65,184.94,2.47512570084394,0.307507544080434,0.3012,water-limited,snow-influenced,small
09386900,47,complete,-3.09519624710083,-28.730148315429688,25.634952068328857,1.0,24.416358947753906,True,False,True,15,35.28253,-108.55341,2341.65,184.94,2.47512570084394,0.307507544080434,0.3012,water-limited,snow-influenced,small
09430600,11,complete,0.04650193452835083,0.08101105690002441,-0.034509122371673584,0.9690580503833516,80.53065490722656,True,False,False,15,33.16673,-108.64978,2126.66,190.52,2.68197593672729,0.21287165392999,0.7126,water-limited,snow-influenced,small
09430600,29,complete,0.037471890449523926,0.05806136131286621,-0.020589470863342285,0.9600219058050383,10.507493019104004,True,False,False,15,33.16673,-108.64978,2126.66,190.52,2.68197593672729,0.21287165392999,0.7126,water-limited,snow-influenced,small
09430600,47,complete,0.05900228023529053,0.0673336386680603,-0.008331358432769775,0.9989047097480832,24.705121994018555,True,False,False,15,33.16673,-108.64978,2126.66,190.52,2.68197593672729,0.21287165392999,0.7126,water-limited,snow-influenced,small
09447800,11,complete,-3.250746726989746,-29.830108642578125,26.57936191558838,1.0,12.271315574645996,True,False,True,15,32.95562,-109.53119,1395.31,781.96,3.0393345221577,0.0394826699276366,0.1601,water-limited,low-snow,medium
09447800,29,complete,-11.987434387207031,-24.56950569152832,12.582071304321289,0.9986308871851041,5.780412197113037,True,False,True,15,32.95562,-109.53119,1395.31,781.96,3.0393345221577,0.0394826699276366,0.1601,water-limited,low-snow,medium
09447800,47,complete,-2.1678755283355713,-141.81251525878906,139.6446397304535,1.0,23.15499496459961,True,False,True,15,32.95562,-109.53119,1395.31,781.96,3.0393345221577,0.0394826699276366,0.1601,water-limited,low-snow,medium
09484600,11,complete,-5.772227764129639,-29.390531539916992,23.618303775787354,0.9991785323110625,11.539055824279785,True,False,True,15,32.03591,-110.67758,1347.5,1179.59,2.93162559497367,0.0101482581857307,0.0621,water-limited,low-snow,medium
09484600,29,complete,-1.171760082244873,-5.766885280609131,4.595125198364258,0.9978094194961665,5.080468654632568,True,False,True,15,32.03591,-110.67758,1347.5,1179.59,2.93162559497367,0.0101482581857307,0.0621,water-limited,low-snow,medium
09484600,47,complete,-5.2030029296875,-378.73858642578125,373.53558349609375,1.0,6.035691261291504,True,False,True,15,32.03591,-110.67758,1347.5,1179.59,2.93162559497367,0.0101482581857307,0.0621,water-limited,low-snow,medium
09492400,11,complete,-0.8659169673919678,-1.209742784500122,0.3438258171081543,0.35706462212486306,7.29536247253418,True,False,True,15,33.82227,-109.81454,2468.99,128.97,1.87651453731585,0.271766261706385,0.9911,water-limited,snow-influenced,small
09492400,29,complete,-0.299444317817688,-1.161973237991333,0.862528920173645,0.6755202628696605,5.7999491691589355,True,False,True,15,33.82227,-109.81454,2468.99,128.97,1.87651453731585,0.271766261706385,0.9911,water-limited,snow-influenced,small
09492400,47,complete,-1.5263774394989014,-2.826422929763794,1.3000454902648926,0.3614457831325301,4.267032146453857,True,False,True,15,33.82227,-109.81454,2468.99,128.97,1.87651453731585,0.271766261706385,0.9911,water-limited,snow-influenced,small
09494000,11,complete,-8.1322660446167,-10.815580368041992,2.683314323425293,0.5550383351588171,24.73291015625,True,False,True,15,33.73644,-110.16677,2153.94,1628.23,1.81494753246836,0.235554110470522,0.8391,water-limited,snow-influenced,medium
09494000,29,complete,-1.5357351303100586,-2.4348936080932617,0.8991584777832031,0.6360898138006572,5.974639415740967,True,False,True,15,33.73644,-110.16677,2153.94,1628.23,1.81494753246836,0.235554110470522,0.8391,water-limited,snow-influenced,medium
09494000,47,complete,-1.1899311542510986,-8.54214096069336,7.352209806442261,0.9550930996714129,10.44577693939209,True,False,True,15,33.73644,-110.16677,2153.94,1628.23,1.81494753246836,0.235554110470522,0.8391,water-limited,snow-influenced,medium
09497980,11,complete,0.19652336835861206,0.062497735023498535,0.13402563333511353,0.6056955093099672,12.147008895874023,True,False,True,15,33.82783,-110.85623,1655.39,516.8,2.15334872698244,0.0796650506390503,0.8725,water-limited,low-snow,medium
09497980,29,complete,-1.3749721050262451,-2.481933832168579,1.106961727142334,0.3592552026286966,8.091529846191406,True,False,True,15,33.82783,-110.85623,1655.39,516.8,2.15334872698244,0.0796650506390503,0.8725,water-limited,low-snow,medium
09497980,47,complete,0.5162786245346069,-2.1031994819641113,2.6194781064987183,0.9937020810514786,28.161090850830078,True,True,True,15,33.82783,-110.85623,1655.39,516.8,2.15334872698244,0.0796650506390503,0.8725,water-limited,low-snow,medium
09505350,11,complete,0.253518283367157,-0.3064746856689453,0.5599929690361023,0.916210295728368,72.8755874633789,True,False,True,15,34.72863,-111.77571,1736.94,365.66,2.0688973747877,0.198936492502152,0.5015,water-limited,snow-influenced,small
09505350,29,complete,0.20719283819198608,0.14059466123580933,0.06659817695617676,0.8488499452354874,11.253105163574219,True,False,True,15,34.72863,-111.77571,1736.94,365.66,2.0688973747877,0.198936492502152,0.5015,water-limited,snow-influenced,small
09505350,47,complete,0.2824798822402954,-0.4827936887741089,0.7652735710144043,0.9926067907995619,28.46404457092285,True,False,True,15,34.72863,-111.77571,1736.94,365.66,2.0688973747877,0.198936492502152,0.5015,water-limited,snow-influenced,small
09505800,11,complete,-0.49880778789520264,-1.3151648044586182,0.8163570165634155,0.8354326396495071,12.52802562713623,True,False,True,15,34.53864,-111.69404,1865.1,614.94,1.84042815041501,0.284069099376475,0.531,water-limited,snow-influenced,medium
09505800,29,complete,-0.467229962348938,-0.6443990468978882,0.1771690845489502,0.8075027382256298,11.854970932006836,True,False,True,15,34.53864,-111.69404,1865.1,614.94,1.84042815041501,0.284069099376475,0.531,water-limited,snow-influenced,medium
09505800,47,complete,-0.062323570251464844,-1.286912441253662,1.2245888710021973,0.9778203723986857,30.720993041992188,True,False,True,15,34.53864,-111.69404,1865.1,614.94,1.84042815041501,0.284069099376475,0.531,water-limited,snow-influenced,medium
09508300,11,complete,0.24765503406524658,0.31845229864120483,-0.07079726457595825,0.7562979189485214,6.341102600097656,True,False,False,15,34.16087,-111.69292,1243.76,93.0,2.5135428988747,0.0401188085303456,0.5022,water-limited,low-snow,small
09508300,29,complete,0.3105427026748657,0.31623053550720215,-0.005687832832336426,0.4712486308871851,9.267410278320312,True,False,False,15,34.16087,-111.69292,1243.76,93.0,2.5135428988747,0.0401188085303456,0.5022,water-limited,low-snow,small
09508300,47,complete,0.2951071262359619,0.4641077518463135,-0.16900062561035156,1.0,107.57601165771484,True,False,False,15,34.16087,-111.69292,1243.76,93.0,2.5135428988747,0.0401188085303456,0.5022,water-limited,low-snow,small
09510200,11,complete,0.7056269645690918,0.47447317838668823,0.23115378618240356,0.9857612267250822,5.617461681365967,True,True,True,15,33.69421,-111.5418,1034.93,425.31,2.77086082477676,0.0061243701078094,0.158,water-limited,low-snow,small
09510200,29,complete,0.48118436336517334,0.4584236145019531,0.022760748863220215,0.5038335158817087,4.265262603759766,True,False,True,15,33.69421,-111.5418,1034.93,425.31,2.77086082477676,0.0061243701078094,0.158,water-limited,low-snow,small
09510200,47,complete,0.7596208453178406,0.07438153028488159,0.685239315032959,1.0,38.19728469848633,True,True,True,15,33.69421,-111.5418,1034.93,425.31,2.77086082477676,0.0061243701078094,0.158,water-limited,low-snow,small
09512280,11,complete,-0.9275290966033936,-2.025909662246704,1.0983805656433105,0.907447973713034,5.226874828338623,True,False,True,15,33.88726,-111.95404,1040.23,188.71,2.92619766089728,0.0046420695661842,0.1822,water-limited,low-snow,small
09512280,29,complete,-0.9874955415725708,-1.905189037322998,0.9176934957504272,0.9805585980284776,8.903977394104004,True,False,True,15,33.88726,-111.95404,1040.23,188.71,2.92619766089728,0.0046420695661842,0.1822,water-limited,low-snow,small
09512280,47,complete,-0.8438898324966431,-3.658597946166992,2.814708113670349,1.0,13.104401588439941,True,False,True,15,33.88726,-111.95404,1040.23,188.71,2.92619766089728,0.0046420695661842,0.1822,water-limited,low-snow,small
10234500,11,complete,-4.852144718170166,-5.891605377197266,1.0394606590270996,0.4088170865279299,5.83317756652832,True,False,True,16,38.28053,-112.56827,2498.74,236.42,2.06412510868143,0.632069679226265,0.3513,water-limited,snow-influenced,small
10234500,29,complete,-3.6205573081970215,-3.743917942047119,0.12336063385009766,0.421960569550931,7.060860633850098,True,False,True,16,38.28053,-112.56827,2498.74,236.42,2.06412510868143,0.632069679226265,0.3513,water-limited,snow-influenced,small
10234500,47,complete,-4.105621814727783,-5.515024662017822,1.409402847290039,0.5284775465498357,5.786130905151367,True,False,True,16,38.28053,-112.56827,2498.74,236.42,2.06412510868143,0.632069679226265,0.3513,water-limited,snow-influenced,small
10244950,11,complete,-0.32183825969696045,-2.211747407913208,1.8899091482162476,0.9619386637458927,7.280880928039551,True,False,True,16,39.20154,-114.68916,2404.47,28.2,2.60998508002766,0.656356436998628,0.0622,water-limited,snow-influenced,small
10244950,29,complete,-0.04105830192565918,-0.15803444385528564,0.11697614192962646,0.9597480832420592,10.757741928100586,True,False,True,16,39.20154,-114.68916,2404.47,28.2,2.60998508002766,0.656356436998628,0.0622,water-limited,snow-influenced,small
10244950,47,complete,-2.154369592666626,-4.86104154586792,2.706671953201294,0.9123767798466593,5.231048583984375,True,False,True,16,39.20154,-114.68916,2404.47,28.2,2.60998508002766,0.656356436998628,0.0622,water-limited,snow-influenced,small
10336645,11,complete,0.12054908275604248,0.10358959436416626,0.01695948839187622,0.05230010952902519,7.741795539855957,True,False,True,16,39.05185,-120.11852,2357.54,19.6,0.85251498905137,0.665304872565722,0.7136,humid,snow-influenced,small
10336645,29,complete,0.44276630878448486,0.4284933805465698,0.014272928237915039,0.09364731653888281,11.569446563720703,True,False,True,16,39.05185,-120.11852,2357.54,19.6,0.85251498905137,0.665304872565722,0.7136,humid,snow-influenced,small
10336645,47,complete,0.5177938938140869,0.514624297618866,0.0031695961952209473,0.039978094194961664,11.26673412322998,True,True,True,16,39.05185,-120.11852,2357.54,19.6,0.85251498905137,0.665304872565722,0.7136,humid,snow-influenced,small
10336660,11,complete,-0.08641636371612549,-0.08667230606079102,0.00025594234466552734,0.001095290251916758,6.41607141494751,False,False,True,16,39.10741,-120.16214,2113.28,29.8,0.766349594900847,0.668727842270536,0.7908,humid,snow-influenced,small
10336660,29,complete,0.38687461614608765,0.383897602558136,0.00297701358795166,0.0030120481927710845,12.256776809692383,False,False,True,16,39.10741,-120.16214,2113.28,29.8,0.766349594900847,0.668727842270536,0.7908,humid,snow-influenced,small
10336660,47,complete,0.6245713829994202,0.6236840486526489,0.0008873343467712402,0.007667031763417305,11.588142395019531,False,True,True,16,39.10741,-120.16214,2113.28,29.8,0.766349594900847,0.668727842270536,0.7908,humid,snow-influenced,small
10343500,11,complete,-1.8516020774841309,-1.8649096488952637,0.013307571411132812,0.0038335158817086527,5.031815528869629,False,False,True,16,39.43157,-120.23798,2156.91,27.6,1.10048955004278,0.714981248450698,0.899,water-limited,snow-influenced,small
10343500,29,complete,-1.0692925453186035,-1.1202645301818848,0.05097198486328125,0.01588170865279299,10.4625825881958,True,False,True,16,39.43157,-120.23798,2156.91,27.6,1.10048955004278,0.714981248450698,0.899,water-limited,snow-influenced,small
10343500,47,complete,-1.4428730010986328,-1.463374376296997,0.020501375198364258,0.006024096385542169,10.672515869140625,False,False,True,16,39.43157,-120.23798,2156.91,27.6,1.10048955004278,0.714981248450698,0.899,water-limited,snow-influenced,small
11124500,11,complete,-2.0216286182403564,-3.349613666534424,1.3279850482940674,0.8321467688937568,7.0766096115112305,True,False,True,18,34.59666,-119.90875,679.8,191.52,1.5527632585675,0.0230381055615776,0.7047,water-limited,low-snow,small
11124500,29,complete,-2.4901845455169678,-2.9414494037628174,0.4512648582458496,0.5347754654983571,7.862461566925049,True,False,True,18,34.59666,-119.90875,679.8,191.52,1.5527632585675,0.0230381055615776,0.7047,water-limited,low-snow,small
11124500,47,complete,-3.441354751586914,-4.4472575187683105,1.0059027671813965,1.0,11.795955657958984,True,False,True,18,34.59666,-119.90875,679.8,191.52,1.5527632585675,0.0230381055615776,0.7047,water-limited,low-snow,small
11141280,11,complete,-2.0346267223358154,-4.951508522033691,2.916881799697876,0.9222343921139102,5.634748935699463,True,False,True,18,35.23553,-120.47239,292.35,54.01,1.46074849311564,0.0007877803924076,0.4501,water-limited,low-snow,small
11141280,29,complete,-1.1612062454223633,-2.3857436180114746,1.2245373725891113,0.9438663745892661,17.57257652282715,True,False,True,18,35.23553,-120.47239,292.35,54.01,1.46074849311564,0.0007877803924076,0.4501,water-limited,low-snow,small
11141280,47,complete,-2.6729979515075684,-5.530959606170654,2.857961654663086,1.0,70.24846649169922,True,False,True,18,35.23553,-120.47239,292.35,54.01,1.46074849311564,0.0007877803924076,0.4501,water-limited,low-snow,small
11143000,11,complete,0.550624668598175,0.5496084690093994,0.0010161995887756348,0.012048192771084338,5.527129173278809,True,True,True,18,36.2458,-121.77329,764.03,120.61,0.910522429870012,0.0254379399486261,0.9458,humid,low-snow,small
11143000,29,complete,0.6001302003860474,0.5952639579772949,0.004866242408752441,0.566538882803943,6.273645401000977,True,True,True,18,36.2458,-121.77329,764.03,120.61,0.910522429870012,0.0254379399486261,0.9458,humid,low-snow,small
11143000,47,complete,0.6400216817855835,0.6598660945892334,-0.019844412803649902,0.5013691128148959,8.580957412719727,True,True,False,18,36.2458,-121.77329,764.03,120.61,0.910522429870012,0.0254379399486261,0.9458,humid,low-snow,small
11148900,11,complete,0.6665091514587402,0.5168623328208923,0.1496468186378479,0.872946330777656,4.634821891784668,True,True,True,18,35.78858,-121.09381,462.72,403.45,1.20442415926086,0.003526794606684,0.425,water-limited,low-snow,small
11148900,29,complete,0.39270544052124023,0.3815124034881592,0.011193037033081055,0.8964950711938664,12.01863956451416,True,False,True,18,35.78858,-121.09381,462.72,403.45,1.20442415926086,0.003526794606684,0.425,water-limited,low-snow,small
11148900,47,complete,0.5684723854064941,0.46275806427001953,0.10571432113647461,0.9991785323110625,6.095597267150879,True,True,True,18,35.78858,-121.09381,462.72,403.45,1.20442415926086,0.003526794606684,0.425,water-limited,low-snow,small
11176400,11,complete,0.3563668727874756,0.044379472732543945,0.31198740005493164,0.7048192771084337,5.674306869506836,True,False,True,18,37.56132,-121.68384,701.12,338.56,2.20881381268599,0.016307003804813,0.353,water-limited,low-snow,small
11176400,29,complete,0.23202228546142578,-0.2725597620010376,0.5045820474624634,0.452354874041621,5.791635036468506,True,False,True,18,37.56132,-121.68384,701.12,338.56,2.20881381268599,0.016307003804813,0.353,water-limited,low-snow,small
11176400,47,complete,0.39289700984954834,-1.0489718914031982,1.4418689012527466,1.0,44.66095733642578,True,False,True,18,37.56132,-121.68384,701.12,338.56,2.20881381268599,0.016307003804813,0.353,water-limited,low-snow,small
11237500,11,complete,0.2578721046447754,0.25587719678878784,0.001994907855987549,0.017524644030668127,8.064620018005371,True,False,True,18,37.19856,-119.21373,2201.22,59.82,1.00467109371786,0.749856960685691,0.8069,water-limited,snow-influenced,small
11237500,29,complete,0.5688992142677307,0.5656629800796509,0.003236234188079834,0.05230010952902519,12.660140037536621,True,True,True,18,37.19856,-119.21373,2201.22,59.82,1.00467109371786,0.749856960685691,0.8069,water-limited,snow-influenced,small
11237500,47,complete,0.5997437834739685,0.5928943753242493,0.006849408149719238,0.1664841182913472,12.449958801269531,True,True,True,18,37.19856,-119.21373,2201.22,59.82,1.00467109371786,0.749856960685691,0.8069,water-limited,snow-influenced,small
11264500,11,complete,0.7451615333557129,0.7338837385177612,0.01127779483795166,0.05941949616648412,7.688704490661621,True,True,True,18,37.73159,-119.55877,2632.87,467.98,1.15430436685117,0.90632692590849,0.5769,water-limited,snow-influenced,small
11264500,29,complete,0.732664942741394,0.7315058708190918,0.001159071922302246,0.001095290251916758,7.979115962982178,False,True,True,18,37.73159,-119.55877,2632.87,467.98,1.15430436685117,0.90632692590849,0.5769,water-limited,snow-influenced,small
11264500,47,complete,0.7837513089179993,0.7746339440345764,0.009117364883422852,0.07174151150054764,7.196096420288086,True,True,True,18,37.73159,-119.55877,2632.87,467.98,1.15430436685117,0.90632692590849,0.5769,water-limited,snow-influenced,small
11266500,11,complete,0.6530143022537231,0.6394093036651611,0.013604998588562012,0.06380065717415115,7.933793067932129,True,True,True,18,37.71687,-119.66628,2512.58,833.08,1.12767758222952,0.885217452223562,0.6741,water-limited,snow-influenced,medium
11266500,29,complete,0.7279819846153259,0.7273771166801453,0.0006048679351806641,0.0013691128148959474,7.593262195587158,False,True,True,18,37.71687,-119.66628,2512.58,833.08,1.12767758222952,0.885217452223562,0.6741,water-limited,snow-influenced,medium
11266500,47,complete,0.372514545917511,0.35781264305114746,0.014701902866363525,0.08953997809419496,6.643712043762207,True,False,True,18,37.71687,-119.66628,2512.58,833.08,1.12767758222952,0.885217452223562,0.6741,water-limited,snow-influenced,medium
11284400,11,complete,-0.5954362154006958,-0.8812556266784668,0.285819411277771,0.5265607886089814,5.447939872741699,True,False,True,18,37.84187,-120.18491,897.33,41.72,1.23305427619134,0.0365047230850116,0.7577,water-limited,low-snow,small
11284400,29,complete,-0.09230387210845947,-0.2648203372955322,0.17251646518707275,0.46686746987951805,6.9394049644470215,True,False,True,18,37.84187,-120.18491,897.33,41.72,1.23305427619134,0.0365047230850116,0.7577,water-limited,low-snow,small
11284400,47,complete,-0.20011544227600098,-0.9749457836151123,0.7748303413391113,1.0,25.44324493408203,True,False,True,18,37.84187,-120.18491,897.33,41.72,1.23305427619134,0.0365047230850116,0.7577,water-limited,low-snow,small
11381500,11,complete,0.36347466707229614,0.31484514474868774,0.0486295223236084,0.296276013143483,5.4700026512146,True,False,True,18,40.0546,-122.02415,941.68,337.63,1.00081434758684,0.165026130486202,0.589,water-limited,snow-influenced,small
11381500,29,complete,-1.5848393440246582,-1.6749961376190186,0.09015679359436035,0.029025191675794086,9.228243827819824,True,False,True,18,40.0546,-122.02415,941.68,337.63,1.00081434758684,0.165026130486202,0.589,water-limited,snow-influenced,small
11381500,47,complete,0.3359411954879761,0.28185784816741943,0.05408334732055664,0.4923329682365827,7.788793087005615,True,False,True,18,40.0546,-122.02415,941.68,337.63,1.00081434758684,0.165026130486202,0.589,water-limited,snow-influenced,small
11451100,11,complete,0.4988691210746765,0.49016863107681274,0.00870048999786377,0.4249726177437021,3.6655495166778564,True,False,True,18,39.16545,-122.61999,740.46,155.09,0.874677156546198,0.123536359034925,0.8707,humid,snow-influenced,small
11451100,29,complete,0.5506967306137085,0.5306282639503479,0.020068466663360596,0.645947426067908,5.291094779968262,True,True,True,18,39.16545,-122.61999,740.46,155.09,0.874677156546198,0.123536359034925,0.8707,humid,snow-influenced,small
11451100,47,complete,0.4921433925628662,0.45657461881637573,0.03556877374649048,1.0,13.629591941833496,True,False,True,18,39.16545,-122.61999,740.46,155.09,0.874677156546198,0.123536359034925,0.8707,humid,snow-influenced,small
11468500,11,complete,0.781330943107605,0.7382843494415283,0.04304659366607666,0.9403066812705367,309.76153564453125,True,True,True,18,39.42822,-123.73779,276.08,273.51,0.758373198904518,0.000524205133848,1.0,humid,low-snow,small
11468500,29,complete,0.8201873302459717,0.7306993007659912,0.08948802947998047,0.8776013143483024,83.42841339111328,True,True,True,18,39.42822,-123.73779,276.08,273.51,0.758373198904518,0.000524205133848,1.0,humid,low-snow,small
11468500,47,complete,0.8445713520050049,0.7366912364959717,0.1078801155090332,1.0,88.09950256347656,True,True,True,18,39.42822,-123.73779,276.08,273.51,0.758373198904518,0.000524205133848,1.0,humid,low-snow,small
11473900,11,complete,0.31875813007354736,0.3000723719596863,0.018685758113861084,0.3669222343921139,2.8443031311035156,True,False,True,18,39.70627,-123.32529,1037.85,1925.01,0.765788084398152,0.262478357358648,0.9609,humid,snow-influenced,medium
11473900,29,complete,0.4716181755065918,0.39810711145401,0.07351106405258179,0.5128696604600219,10.947911262512207,True,False,True,18,39.70627,-123.32529,1037.85,1925.01,0.765788084398152,0.262478357358648,0.9609,humid,snow-influenced,medium
11473900,47,complete,0.5169521570205688,0.5233020782470703,-0.006349921226501465,0.36938663745892664,8.256621360778809,True,True,False,18,39.70627,-123.32529,1037.85,1925.01,0.765788084398152,0.262478357358648,0.9609,humid,snow-influenced,medium
11476600,11,complete,0.7106952667236328,0.7207704782485962,-0.010075211524963379,0.8220153340635268,133.73452758789062,True,True,False,18,40.35125,-124.00393,478.69,71.85,0.481220231116971,0.0120106292964887,0.9966,humid,low-snow,small
11476600,29,complete,0.7119489908218384,0.7119279503822327,2.104043960571289e-05,0.9871303395399781,62.13628387451172,True,True,True,18,40.35125,-124.00393,478.69,71.85,0.481220231116971,0.0120106292964887,0.9966,humid,low-snow,small
11476600,47,complete,0.7089037895202637,0.6790732145309448,0.029830574989318848,1.0,54.60301208496094,True,True,True,18,40.35125,-124.00393,478.69,71.85,0.481220231116971,0.0120106292964887,0.9966,humid,low-snow,small
11478500,11,complete,0.5380080938339233,0.6616256833076477,-0.12361758947372437,0.5479189485213581,139.28944396972656,True,True,False,18,40.48042,-123.89088,757.76,572.38,0.597842776407168,0.157314421019928,0.9953,humid,snow-influenced,medium
11478500,29,complete,0.6561144590377808,0.6715937852859497,-0.015479326248168945,0.848302300109529,41.357303619384766,True,True,False,18,40.48042,-123.89088,757.76,572.38,0.597842776407168,0.157314421019928,0.9953,humid,snow-influenced,medium
11478500,47,complete,0.6795172691345215,0.6595081686973572,0.020009100437164307,1.0,21.497793197631836,True,True,True,18,40.48042,-123.89088,757.76,572.38,0.597842776407168,0.157314421019928,0.9953,humid,snow-influenced,medium
11480390,11,complete,0.5999903678894043,0.6269863247871399,-0.026995956897735596,0.6095290251916758,208.30184936523438,True,True,False,18,40.28431,-123.3353,1049.64,242.6,0.857180771220159,0.299512506046178,0.9744,humid,snow-influenced,small
11480390,29,complete,0.5902150273323059,0.5546125173568726,0.03560250997543335,0.5777656078860898,50.57354736328125,True,True,True,18,40.28431,-123.3353,1049.64,242.6,0.857180771220159,0.299512506046178,0.9744,humid,snow-influenced,small
11480390,47,complete,0.5926028490066528,0.569779634475708,0.022823214530944824,1.0,31.759822845458984,True,True,True,18,40.28431,-123.3353,1049.64,242.6,0.857180771220159,0.299512506046178,0.9744,humid,snow-influenced,small
11481200,11,complete,0.5365313291549683,0.6431688070297241,-0.10663747787475586,0.8124315443592552,297.9870300292969,True,True,False,18,41.01096,-124.08173,285.23,105.4,0.542955641933983,0.0016368255310898,0.9378,humid,low-snow,small
11481200,29,complete,0.6932463645935059,0.7043247222900391,-0.011078357696533203,0.8244797371303395,39.79023361206055,True,True,False,18,41.01096,-124.08173,285.23,105.4,0.542955641933983,0.0016368255310898,0.9378,humid,low-snow,small
11481200,47,complete,0.665501594543457,0.6515710949897766,0.01393049955368042,1.0,59.41044998168945,True,True,True,18,41.01096,-124.08173,285.23,105.4,0.542955641933983,0.0016368255310898,0.9378,humid,low-snow,small
11482500,11,complete,0.5626032948493958,0.6266285181045532,-0.06402522325515747,0.6785323110624315,287.0374450683594,True,True,False,18,41.29929,-124.05118,546.99,718.04,0.549738949383278,0.0131812044990649,0.983,humid,low-snow,medium
11482500,29,complete,0.7507171034812927,0.7305486798286438,0.020168423652648926,0.7305585980284776,29.768585205078125,True,True,True,18,41.29929,-124.05118,546.99,718.04,0.549738949383278,0.0131812044990649,0.983,humid,low-snow,medium
11482500,47,complete,0.7394667267799377,0.6821041107177734,0.05736261606216431,1.0,12.946968078613281,True,True,True,18,41.29929,-124.05118,546.99,718.04,0.549738949383278,0.0131812044990649,0.983,humid,low-snow,medium
11523200,11,complete,0.5450129508972168,0.5594724416732788,-0.014459490776062012,0.45125958378970427,6.741868019104004,True,True,False,18,41.11126,-122.70558,1614.41,382.94,0.873610510075229,0.431707151976883,0.98,humid,snow-influenced,small
11523200,29,complete,0.4408612847328186,0.43859851360321045,0.0022627711296081543,0.2795728368017525,7.784604072570801,True,False,True,18,41.11126,-122.70558,1614.41,382.94,0.873610510075229,0.431707151976883,0.98,humid,snow-influenced,small
11523200,47,complete,0.4874098300933838,0.48774462938308716,-0.00033479928970336914,0.5087623220153341,5.852220058441162,True,False,False,18,41.11126,-122.70558,1614.41,382.94,0.873610510075229,0.431707151976883,0.98,humid,snow-influenced,small
11528700,11,complete,0.7291160225868225,0.40025728940963745,0.32885873317718506,0.7201533406352684,271.304443359375,True,True,True,18,40.64986,-123.4942,1019.07,1980.08,0.967168980232284,0.271305322327506,0.9905,humid,snow-influenced,medium
11528700,29,complete,0.6284670233726501,0.34041792154312134,0.2880491018295288,0.621303395399781,99.0331039428711,True,True,True,18,40.64986,-123.4942,1019.07,1980.08,0.967168980232284,0.271305322327506,0.9905,humid,snow-influenced,medium
11528700,47,complete,0.6400880813598633,0.4221641421318054,0.21792393922805786,0.7845016429353778,40.65248489379883,True,True,True,18,40.64986,-123.4942,1019.07,1980.08,0.967168980232284,0.271305322327506,0.9905,humid,snow-influenced,medium
11532500,11,complete,0.7755517363548279,0.7895481586456299,-0.013996422290802002,0.5454545454545454,83.02264404296875,True,True,False,18,41.7915,-124.07619,725.07,1577.96,0.415562691364628,0.0485353765496996,0.9993,humid,low-snow,medium
11532500,29,complete,0.7917867302894592,0.8185211420059204,-0.02673441171646118,0.6511500547645126,63.115962982177734,True,True,False,18,41.7915,-124.07619,725.07,1577.96,0.415562691364628,0.0485353765496996,0.9993,humid,low-snow,medium
11532500,47,complete,0.8109256029129028,0.8056761622428894,0.005249440670013428,1.0,16.962324142456055,True,True,True,18,41.7915,-124.07619,725.07,1577.96,0.415562691364628,0.0485353765496996,0.9993,humid,low-snow,medium
12010000,11,complete,0.7983886003494263,0.8028841018676758,-0.004495501518249512,1.0,9.665651321411133,True,True,False,17,46.37399,-123.74348,145.18,142.18,0.248125021368031,0.0236362361738051,0.9981,humid,low-snow,small
12010000,29,complete,0.7554271221160889,0.7469969987869263,0.008430123329162598,0.9997261774370209,56.2614860534668,True,True,True,17,46.37399,-123.74348,145.18,142.18,0.248125021368031,0.0236362361738051,0.9981,humid,low-snow,small
12010000,47,complete,0.8175104856491089,0.7732521295547485,0.04425835609436035,1.0,20.771780014038086,True,True,True,17,46.37399,-123.74348,145.18,142.18,0.248125021368031,0.0236362361738051,0.9981,humid,low-snow,small
12013500,11,complete,0.855472207069397,0.8191080689430237,0.03636413812637329,0.9616648411829135,12.885068893432617,True,True,True,17,46.65093,-123.65266,309.17,337.69,0.307887945024255,0.0174156764185481,0.9896,humid,low-snow,small
12013500,29,complete,0.839329183101654,0.7861213684082031,0.05320781469345093,1.0,89.44232177734375,True,True,True,17,46.65093,-123.65266,309.17,337.69,0.307887945024255,0.0174156764185481,0.9896,humid,low-snow,small
12013500,47,complete,0.8486065864562988,0.7737116813659668,0.07489490509033203,1.0,21.248397827148438,True,True,True,17,46.65093,-123.65266,309.17,337.69,0.307887945024255,0.0174156764185481,0.9896,humid,low-snow,small
12020000,11,complete,0.47867947816848755,0.4731111526489258,0.005568325519561768,1.0,15.550485610961914,True,False,True,17,46.61732,-123.27764,435.98,294.22,0.365324618784107,0.043553396693619,0.9964,humid,low-snow,small
12020000,29,complete,0.43356359004974365,0.41437476873397827,0.01918882131576538,0.5900876232201533,71.10588073730469,True,False,True,17,46.61732,-123.27764,435.98,294.22,0.365324618784107,0.043553396693619,0.9964,humid,low-snow,small
12020000,47,complete,0.4852249026298523,0.4458370804786682,0.03938782215118408,0.9553669222343921,16.86187171936035,True,False,True,17,46.61732,-123.27764,435.98,294.22,0.365324618784107,0.043553396693619,0.9964,humid,low-snow,small
12025700,11,complete,0.7363628149032593,0.7405586242675781,-0.004195809364318848,0.9058050383351588,51.85637664794922,True,True,False,17,46.7726,-122.59401,556.37,103.3,0.401945393510085,0.0905767573548292,0.8684,humid,low-snow,small
12025700,29,complete,0.7404031753540039,0.7331012487411499,0.007301926612854004,0.9989047097480832,59.4517707824707,True,True,True,17,46.7726,-122.59401,556.37,103.3,0.401945393510085,0.0905767573548292,0.8684,humid,low-snow,small
12025700,47,complete,0.7445909976959229,0.7144941091537476,0.030096888542175293,1.0,15.656946182250977,True,True,True,17,46.7726,-122.59401,556.37,103.3,0.401945393510085,0.0905767573548292,0.8684,humid,low-snow,small
12040500,11,complete,0.6963308453559875,0.746332049369812,-0.05000120401382446,0.7727272727272727,35.497989654541016,True,True,False,17,47.53786,-124.31575,437.01,1153.44,0.232886187951406,0.0670917839751389,0.9969,humid,low-snow,medium
12040500,29,complete,0.6919366121292114,0.7587888836860657,-0.06685227155685425,1.0,112.6308822631836,True,True,False,17,47.53786,-124.31575,437.01,1153.44,0.232886187951406,0.0670917839751389,0.9969,humid,low-snow,medium
12040500,47,complete,0.7013061046600342,0.7427060604095459,-0.04139995574951172,1.0,9.60153865814209,True,True,False,17,47.53786,-124.31575,437.01,1153.44,0.232886187951406,0.0670917839751389,0.9969,humid,low-snow,medium
12041200,11,complete,0.5129808783531189,0.6432023644447327,-0.13022148609161377,0.8146221248630887,51.04365921020508,True,True,False,17,47.80675,-124.25103,754.0,655.8,0.309795710452276,0.179574104744132,0.9733,humid,snow-influenced,medium
12041200,29,complete,0.6205757856369019,0.7229399085044861,-0.10236412286758423,1.0,76.57414245605469,True,True,False,17,47.80675,-124.25103,754.0,655.8,0.309795710452276,0.179574104744132,0.9733,humid,snow-influenced,medium
12041200,47,complete,0.5486797094345093,0.6793011426925659,-0.13062143325805664,1.0,6.670431613922119,True,True,False,17,47.80675,-124.25103,754.0,655.8,0.309795710452276,0.179574104744132,0.9733,humid,snow-influenced,medium
12048000,11,complete,-0.25709211826324463,-0.3940056562423706,0.13691353797912598,0.39266155531215774,4.645409107208252,True,False,True,17,48.01426,-123.13268,1263.46,405.01,0.527308755443305,0.498197653251076,0.9881,humid,snow-influenced,small
12048000,29,complete,-0.11775362491607666,-0.33928656578063965,0.221532940864563,0.25355969331872946,6.26842737197876,True,False,True,17,48.01426,-123.13268,1263.46,405.01,0.527308755443305,0.498197653251076,0.9881,humid,snow-influenced,small
12048000,47,complete,-0.48734402656555176,-0.8501448631286621,0.36280083656311035,0.18756845564074479,3.519275188446045,True,False,True,17,48.01426,-123.13268,1263.46,405.01,0.527308755443305,0.498197653251076,0.9881,humid,snow-influenced,small
12054000,11,complete,0.6158545017242432,0.6417694687843323,-0.02591496706008911,0.2634173055859803,5.534192085266113,True,True,False,17,47.68398,-123.01155,776.86,171.68,0.477626564487086,0.379149578248129,0.9947,humid,snow-influenced,small
12054000,29,complete,0.6514600515365601,0.6942791938781738,-0.04281914234161377,0.35870755750273825,9.743877410888672,True,True,False,17,47.68398,-123.01155,776.86,171.68,0.477626564487086,0.379149578248129,0.9947,humid,snow-influenced,small
12054000,47,complete,0.6386164426803589,0.6480163931846619,-0.009399950504302979,0.8973165388828039,6.673205375671387,True,True,False,17,47.68398,-123.01155,776.86,171.68,0.477626564487086,0.379149578248129,0.9947,humid,snow-influenced,small
12056500,11,complete,0.5071192383766174,0.5510992407798767,-0.04398000240325928,0.7866922234392114,6.211671829223633,True,True,False,17,47.51426,-123.32989,775.17,146.97,0.285516505379932,0.338574932035289,1.0,humid,snow-influenced,small
12056500,29,complete,0.4991987347602844,0.5966151356697083,-0.09741640090942383,1.0,31.902536392211914,True,False,False,17,47.51426,-123.32989,775.17,146.97,0.285516505379932,0.338574932035289,1.0,humid,snow-influenced,small
12056500,47,complete,0.5182499885559082,0.6085569262504578,-0.09030693769454956,1.0,7.494973659515381,True,True,False,17,47.51426,-123.32989,775.17,146.97,0.285516505379932,0.338574932035289,1.0,humid,snow-influenced,small
12073500,11,complete,-2.4340577125549316,-2.4611058235168457,0.027048110961914062,0.4194961664841183,3.5946764945983887,True,False,True,17,47.38926,-122.69902,42.92,15.67,0.712378117106727,0.0156016658711511,1.0,humid,low-snow,small
12073500,29,complete,-3.0889272689819336,-3.6906466484069824,0.6017193794250488,0.9416757940854327,70.34181213378906,True,False,True,17,47.38926,-122.69902,42.92,15.67,0.712378117106727,0.0156016658711511,1.0,humid,low-snow,small
12073500,47,complete,-2.4722495079040527,-2.6599390506744385,0.18768954277038574,1.0,6.567318916320801,True,False,True,17,47.38926,-122.69902,42.92,15.67,0.712378117106727,0.0156016658711511,1.0,humid,low-snow,small
12082500,11,complete,0.6780049800872803,0.6821020841598511,-0.004097104072570801,0.9427710843373494,4.982758522033691,True,True,False,17,46.75261,-122.08372,1036.22,350.0,0.419493270074965,0.39878651405721,0.9312,humid,snow-influenced,small
12082500,29,complete,0.6098198294639587,0.6115908622741699,-0.0017710328102111816,0.7560240963855421,12.119915962219238,True,True,False,17,46.75261,-122.08372,1036.22,350.0,0.419493270074965,0.39878651405721,0.9312,humid,snow-influenced,small
12082500,47,complete,0.6930335164070129,0.6896977424621582,0.0033357739448547363,0.7105695509309967,6.734012126922607,True,True,True,17,46.75261,-122.08372,1036.22,350.0,0.419493270074965,0.39878651405721,0.9312,humid,snow-influenced,small
12114500,11,complete,0.45826804637908936,0.47250980138778687,-0.01424175500869751,0.8340635268346112,12.245373725891113,True,False,False,17,47.34205,-121.54899,852.5,66.56,0.273299790140021,0.40651703888364,0.9922,humid,snow-influenced,small
12114500,29,complete,0.6817284822463989,0.5875951051712036,0.09413337707519531,1.0,51.9092903137207,True,True,True,17,47.34205,-121.54899,852.5,66.56,0.273299790140021,0.40651703888364,0.9922,humid,snow-influenced,small
12114500,47,complete,0.5180754661560059,0.4177970886230469,0.10027837753295898,0.7278203723986857,10.099944114685059,True,True,True,17,47.34205,-121.54899,852.5,66.56,0.273299790140021,0.40651703888364,0.9922,humid,snow-influenced,small
12115000,11,complete,0.6064870357513428,0.5935897827148438,0.012897253036499023,0.7261774370208105,11.459903717041016,True,True,True,17,47.37011,-121.6251,900.07,102.8,0.274420154384387,0.338944352402744,0.9948,humid,snow-influenced,small
12115000,29,complete,0.7347173094749451,0.6701933145523071,0.06452399492263794,1.0,24.42089080810547,True,True,True,17,47.37011,-121.6251,900.07,102.8,0.274420154384387,0.338944352402744,0.9948,humid,snow-influenced,small
12115000,47,complete,0.6177133321762085,0.5161571502685547,0.10155618190765381,0.6024096385542169,9.440442085266113,True,True,True,17,47.37011,-121.6251,900.07,102.8,0.274420154384387,0.338944352402744,0.9948,humid,snow-influenced,small
12117000,11,complete,0.6843324899673462,0.5931472182273865,0.09118527173995972,0.526013143483023,6.071489334106445,True,True,True,17,47.38649,-121.84622,640.53,44.85,0.305977750941276,0.12519943348901,1.0,humid,snow-influenced,small
12117000,29,complete,0.6755232810974121,0.335088312625885,0.3404349684715271,0.9978094194961665,28.383934020996094,True,True,True,17,47.38649,-121.84622,640.53,44.85,0.305977750941276,0.12519943348901,1.0,humid,snow-influenced,small
12117000,47,complete,0.6099525690078735,0.357536256313324,0.25241631269454956,0.5936473165388828,4.802088260650635,True,True,True,17,47.38649,-121.84622,640.53,44.85,0.305977750941276,0.12519943348901,1.0,humid,snow-influenced,small
12143600,11,complete,0.6405057311058044,0.6392325162887573,0.0012732148170471191,0.8200985761226726,9.755534172058105,True,True,True,17,47.4526,-121.71788,981.21,165.01,0.273055298374046,0.311622046373118,0.9978,humid,snow-influenced,small
12143600,29,complete,0.6727503538131714,0.6887763738632202,-0.016026020050048828,1.0,17.024967193603516,True,True,False,17,47.4526,-121.71788,981.21,165.01,0.273055298374046,0.311622046373118,0.9978,humid,snow-influenced,small
12143600,47,complete,0.6627404689788818,0.6607707142829895,0.001969754695892334,0.4356516976998905,8.64606761932373,True,True,True,17,47.4526,-121.71788,981.21,165.01,0.273055298374046,0.311622046373118,0.9978,humid,snow-influenced,small
12144000,11,complete,0.72193443775177,0.7202860713005066,0.0016483664512634277,0.8176341730558598,7.6747517585754395,True,True,True,17,47.49288,-121.79011,881.0,210.11,0.306710255194307,0.220551545924003,0.9983,humid,snow-influenced,small
12144000,29,complete,0.6468648910522461,0.6574665307998657,-0.010601639747619629,0.9937020810514786,14.734253883361816,True,True,False,17,47.49288,-121.79011,881.0,210.11,0.306710255194307,0.220551545924003,0.9983,humid,snow-influenced,small
12144000,47,complete,0.6195782423019409,0.5945830345153809,0.02499520778656006,0.36281489594742605,7.314674377441406,True,True,True,17,47.49288,-121.79011,881.0,210.11,0.306710255194307,0.220551545924003,0.9983,humid,snow-influenced,small
12145500,11,complete,0.7815653681755066,0.7352715730667114,0.046293795108795166,0.32201533406352684,4.889898777008057,True,True,True,17,47.53982,-121.909,411.9,78.98,0.373733477983463,0.0448546378807159,1.0,humid,low-snow,small
12145500,29,complete,0.7351070642471313,0.6797377467155457,0.05536931753158569,0.901697699890471,43.19548034667969,True,True,True,17,47.53982,-121.909,411.9,78.98,0.373733477983463,0.0448546378807159,1.0,humid,low-snow,small
12145500,47,complete,0.8368738889694214,0.7494281530380249,0.08744573593139648,0.9994523548740416,5.535138130187988,True,True,True,17,47.53982,-121.909,411.9,78.98,0.373733477983463,0.0448546378807159,1.0,humid,low-snow,small
12147500,11,complete,0.714743971824646,0.7541236281394958,-0.039379656314849854,0.9671412924424972,26.4689884185791,True,True,False,17,47.71232,-121.78873,601.12,102.89,0.24489662606195,0.159041201436992,1.0,humid,snow-influenced,small
12147500,29,complete,0.7607170939445496,0.7603850364685059,0.00033205747604370117,1.0,79.37268829345703,True,True,True,17,47.71232,-121.78873,601.12,102.89,0.24489662606195,0.159041201436992,1.0,humid,snow-influenced,small
12147500,47,complete,0.7599879503250122,0.747228741645813,0.012759208679199219,0.8261226725082147,5.858246803283691,True,True,True,17,47.71232,-121.78873,601.12,102.89,0.24489662606195,0.159041201436992,1.0,humid,snow-influenced,small
12167000,11,complete,0.6942096948623657,0.6984492540359497,-0.004239559173583984,0.35706462212486306,3.9469809532165527,True,True,False,17,48.26149,-122.04764,480.5,683.75,0.290659988765386,0.131187744738816,0.9896,humid,snow-influenced,medium
12167000,29,complete,0.6786801815032959,0.6939110159873962,-0.015230834484100342,0.7472617743702081,8.494919776916504,True,True,False,17,48.26149,-122.04764,480.5,683.75,0.290659988765386,0.131187744738816,0.9896,humid,snow-influenced,medium
12167000,47,complete,0.7401995658874512,0.7343277335166931,0.005871832370758057,0.5501095290251917,3.7275705337524414,True,True,True,17,48.26149,-122.04764,480.5,683.75,0.290659988765386,0.131187744738816,0.9896,humid,snow-influenced,medium
12175500,11,complete,-0.3817857503890991,-0.12427592277526855,-0.25750982761383057,0.7226177437020811,10.41749095916748,True,False,False,17,48.67263,-121.0729,1538.75,273.82,0.400719733521145,0.690360443229126,0.7897,humid,snow-influenced,small
12175500,29,complete,0.2991199493408203,0.3251577615737915,-0.02603781223297119,0.1851040525739321,14.530131340026855,True,False,False,17,48.67263,-121.0729,1538.75,273.82,0.400719733521145,0.690360443229126,0.7897,humid,snow-influenced,small
12175500,47,complete,-0.14922845363616943,-0.11714816093444824,-0.03208029270172119,0.3650054764512596,12.007223129272461,True,False,False,17,48.67263,-121.0729,1538.75,273.82,0.400719733521145,0.690360443229126,0.7897,humid,snow-influenced,small
12178100,11,complete,0.264376699924469,0.521019697189331,-0.25664299726486206,0.9994523548740416,10.185242652893066,True,False,False,17,48.65596,-121.23846,1305.01,69.68,0.329454412703674,0.52956688772688,0.9211,humid,snow-influenced,small
12178100,29,complete,0.6100682020187378,0.7573667168617249,-0.14729851484298706,0.8307776560788609,14.406827926635742,True,True,False,17,48.65596,-121.23846,1305.01,69.68,0.329454412703674,0.52956688772688,0.9211,humid,snow-influenced,small
12178100,47,complete,0.6356579065322876,0.7175376415252686,-0.08187973499298096,0.6076122672508215,8.523279190063477,True,True,False,17,48.65596,-121.23846,1305.01,69.68,0.329454412703674,0.52956688772688,0.9211,humid,snow-influenced,small
12186000,11,complete,0.3876968026161194,0.45004934072494507,-0.062352538108825684,0.78039430449069,5.9520721435546875,True,False,False,17,48.16872,-121.47067,1226.29,398.44,0.307711123089427,0.435652191884185,0.9801,humid,snow-influenced,small
12186000,29,complete,0.4968793988227844,0.5648390650749207,-0.06795966625213623,0.473986856516977,11.37369155883789,True,False,False,17,48.16872,-121.47067,1226.29,398.44,0.307711123089427,0.435652191884185,0.9801,humid,snow-influenced,small
12186000,47,complete,0.488827109336853,0.5382949113845825,-0.04946780204772949,0.49726177437020813,6.60566520690918,True,False,False,17,48.16872,-121.47067,1226.29,398.44,0.307711123089427,0.435652191884185,0.9801,humid,snow-influenced,small
12189500,11,complete,0.2903504967689514,0.4837527275085449,-0.1934022307395935,0.9737130339539978,6.519126892089844,True,False,False,17,48.42456,-121.56846,1206.01,1855.32,0.344164436723721,0.457875714546575,0.9465,humid,snow-influenced,medium
12189500,29,complete,0.580194890499115,0.6164343357086182,-0.036239445209503174,0.35186199342825847,8.599518775939941,True,True,False,17,48.42456,-121.56846,1206.01,1855.32,0.344164436723721,0.457875714546575,0.9465,humid,snow-influenced,medium
12189500,47,complete,0.6277437806129456,0.7212896347045898,-0.09354585409164429,0.5796823658269441,8.140427589416504,True,True,False,17,48.42456,-121.56846,1206.01,1855.32,0.344164436723721,0.457875714546575,0.9465,humid,snow-influenced,medium
12375900,11,complete,0.41570043563842773,0.4689154028892517,-0.053214967250823975,0.16374589266155531,5.425078392028809,True,False,False,17,47.4916,-114.02677,1528.13,19.72,0.696052767514438,0.606515526539202,0.6827,humid,snow-influenced,small
12375900,29,complete,0.43278008699417114,0.6773362755775452,-0.24455618858337402,0.7313800657174151,47.132354736328125,True,False,False,17,47.4916,-114.02677,1528.13,19.72,0.696052767514438,0.606515526539202,0.6827,humid,snow-influenced,small
12375900,47,complete,0.602831244468689,0.6045482158660889,-0.0017169713973999023,0.11774370208105148,2.9660348892211914,True,True,False,17,47.4916,-114.02677,1528.13,19.72,0.696052767514438,0.606515526539202,0.6827,humid,snow-influenced,small
12377150,11,complete,0.3857197165489197,0.5352532863616943,-0.14953356981277466,0.5832420591456736,10.289189338684082,True,False,False,17,47.32299,-113.97955,1512.07,32.18,0.6113163325292,0.719886653780668,0.8676,humid,snow-influenced,small
12377150,29,complete,0.683762788772583,0.6934014558792114,-0.009638667106628418,0.14978094194961664,3.4385721683502197,True,True,False,17,47.32299,-113.97955,1512.07,32.18,0.6113163325292,0.719886653780668,0.8676,humid,snow-influenced,small
12377150,47,complete,0.3346864581108093,0.3436134457588196,-0.008926987648010254,0.09446878422782037,2.6940488815307617,True,False,False,17,47.32299,-113.97955,1512.07,32.18,0.6113163325292,0.719886653780668,0.8676,humid,snow-influenced,small
12381400,11,complete,0.2881360650062561,0.3136841058731079,-0.025548040866851807,0.5889923329682366,6.417593479156494,True,False,False,17,47.19549,-113.85065,1876.96,150.95,0.973110214859788,0.594005153419735,0.9605,humid,snow-influenced,small
12381400,29,complete,-0.8122380971908569,-1.1770284175872803,0.36479032039642334,0.634446878422782,7.892115592956543,True,False,True,17,47.19549,-113.85065,1876.96,150.95,0.973110214859788,0.594005153419735,0.9605,humid,snow-influenced,small
12381400,47,complete,-0.4352320432662964,-0.6550513505935669,0.2198193073272705,0.14403066812705367,2.5304951667785645,True,False,True,17,47.19549,-113.85065,1876.96,150.95,0.973110214859788,0.594005153419735,0.9605,humid,snow-influenced,small
12390700,11,complete,0.36270201206207275,0.41092926263809204,-0.04822725057601929,0.5777656078860898,46.568668365478516,True,False,False,17,47.58605,-115.35515,1415.22,470.23,0.951284933864594,0.519487009712609,0.9955,humid,snow-influenced,small
12390700,29,complete,0.3503364324569702,-0.6797405481338501,1.0300769805908203,0.9846659364731654,103.43233489990234,True,False,True,17,47.58605,-115.35515,1415.22,470.23,0.951284933864594,0.519487009712609,0.9955,humid,snow-influenced,small
12390700,47,complete,0.6997581720352173,-0.2809619903564453,0.9807201623916626,0.6845564074479737,26.122291564941406,True,True,True,17,47.58605,-115.35515,1415.22,470.23,0.951284933864594,0.519487009712609,0.9955,humid,snow-influenced,small
12447390,11,complete,0.5822515487670898,0.5053754448890686,0.07687610387802124,0.3776013143483023,7.097070217132568,True,True,True,17,48.82292,-120.14592,1700.98,58.1,0.855149970177677,0.777311497508566,0.9643,humid,snow-influenced,small
12447390,29,complete,0.5830470323562622,0.4541444778442383,0.12890255451202393,0.5249178532311063,7.4282402992248535,True,True,True,17,48.82292,-120.14592,1700.98,58.1,0.855149970177677,0.777311497508566,0.9643,humid,snow-influenced,small
12447390,47,complete,0.05920630693435669,0.041391074657440186,0.017815232276916504,0.07311062431544359,3.934898614883423,True,False,True,17,48.82292,-120.14592,1700.98,58.1,0.855149970177677,0.777311497508566,0.9643,humid,snow-influenced,small
12451000,11,complete,0.4501885771751404,0.4707069396972656,-0.020518362522125244,0.3181818181818182,7.897565841674805,True,False,False,17,48.32958,-120.69177,1509.63,830.6,0.477409714857793,0.716767081202258,0.8163,humid,snow-influenced,medium
12451000,29,complete,0.5734046697616577,0.5882735848426819,-0.01486891508102417,0.04737130339539978,12.312212944030762,True,True,False,17,48.32958,-120.69177,1509.63,830.6,0.477409714857793,0.716767081202258,0.8163,humid,snow-influenced,medium
12451000,47,complete,0.7107144594192505,0.7295416593551636,-0.018827199935913086,0.17305585980284777,10.596094131469727,True,True,False,17,48.32958,-120.69177,1509.63,830.6,0.477409714857793,0.716767081202258,0.8163,humid,snow-influenced,medium
12488500,11,complete,0.09449189901351929,0.06511867046356201,0.029373228549957275,0.7360350492880613,5.984559059143066,True,False,True,17,46.97762,-121.1687,1452.54,205.17,0.460863112965068,0.641918995401996,0.9985,humid,snow-influenced,small
12488500,29,complete,0.14494574069976807,0.14814192056655884,-0.0031961798667907715,0.1254107338444688,13.624082565307617,True,False,False,17,46.97762,-121.1687,1452.54,205.17,0.460863112965068,0.641918995401996,0.9985,humid,snow-influenced,small
12488500,47,complete,0.3724561333656311,0.33505451679229736,0.03740161657333374,0.8606243154435925,12.609184265136719,True,False,True,17,46.97762,-121.1687,1452.54,205.17,0.460863112965068,0.641918995401996,0.9985,humid,snow-influenced,small
13011500,11,complete,0.775296688079834,0.7629002332687378,0.012396454811096191,0.10898138006571742,3.2152156829833984,True,True,True,17,43.85028,-110.51778,2400.71,404.08,1.10894054860902,0.658713268212353,0.8122,water-limited,snow-influenced,small
13011500,29,complete,0.6669966578483582,0.6645565032958984,0.002440154552459717,0.04901423877327492,4.393754482269287,True,True,True,17,43.85028,-110.51778,2400.71,404.08,1.10894054860902,0.658713268212353,0.8122,water-limited,snow-influenced,small
13011500,47,complete,0.0789099931716919,0.07691580057144165,0.001994192600250244,0.03669222343921139,1.7346469163894653,True,False,True,17,43.85028,-110.51778,2400.71,404.08,1.10894054860902,0.658713268212353,0.8122,water-limited,snow-influenced,small
13011900,11,complete,0.8582668304443359,0.8415743708610535,0.01669245958328247,0.1276013143483023,3.823737859725952,True,True,True,17,43.83806,-110.44111,2683.38,851.8,1.14165396721462,0.704607069419076,0.7746,water-limited,snow-influenced,medium
13011900,29,complete,0.6933916807174683,0.7305023670196533,-0.03711068630218506,0.08023001095290253,5.51092004776001,True,True,False,17,43.83806,-110.44111,2683.38,851.8,1.14165396721462,0.704607069419076,0.7746,water-limited,snow-influenced,medium
13011900,47,complete,0.8160080313682556,0.7851949334144592,0.030813097953796387,0.04134720700985761,2.780869245529175,True,True,True,17,43.83806,-110.44111,2683.38,851.8,1.14165396721462,0.704607069419076,0.7746,water-limited,snow-influenced,medium
13018300,11,complete,-0.21071338653564453,-0.42217087745666504,0.2114574909210205,0.7866922234392114,6.76346492767334,True,False,True,17,43.45215,-110.70409,2197.93,27.9,1.49519893728156,0.65711853695655,0.8095,water-limited,snow-influenced,small
13018300,29,complete,0.13555008172988892,0.12939172983169556,0.006158351898193359,0.4123767798466594,3.2385668754577637,True,False,True,17,43.45215,-110.70409,2197.93,27.9,1.49519893728156,0.65711853695655,0.8095,water-limited,snow-influenced,small
13018300,47,complete,-0.5004240274429321,-1.2103304862976074,0.7099064588546753,0.8055859802847755,4.339656829833984,True,False,True,17,43.45215,-110.70409,2197.93,27.9,1.49519893728156,0.65711853695655,0.8095,water-limited,snow-influenced,small
13023000,11,complete,-0.3819460868835449,-0.4974803924560547,0.11553430557250977,0.23083242059145673,4.080234527587891,True,False,True,17,43.14278,-110.97667,2441.62,1161.93,1.30549121079233,0.646858624758436,0.6753,water-limited,snow-influenced,medium
13023000,29,complete,0.6657564640045166,0.6373651027679443,0.028391361236572266,0.49561883899233294,4.205556869506836,True,True,True,17,43.14278,-110.97667,2441.62,1161.93,1.30549121079233,0.646858624758436,0.6753,water-limited,snow-influenced,medium
13023000,47,complete,-1.736922264099121,-2.118016242980957,0.38109397888183594,0.24890470974808324,2.9733097553253174,True,False,True,17,43.14278,-110.97667,2441.62,1161.93,1.30549121079233,0.646858624758436,0.6753,water-limited,snow-influenced,medium
13161500,11,complete,0.16777169704437256,-1.6058037281036377,1.7735754251480103,0.7316538882803943,6.639531135559082,True,False,True,17,41.93324,-115.67453,2059.26,986.13,1.86837452603498,0.518679342368851,0.0336,water-limited,snow-influenced,medium
13161500,29,complete,0.03330963850021362,-0.19767272472381592,0.23098236322402954,0.7990142387732749,5.033315181732178,True,False,True,17,41.93324,-115.67453,2059.26,986.13,1.86837452603498,0.518679342368851,0.0336,water-limited,snow-influenced,medium
13161500,47,complete,-0.15413784980773926,-5.444234848022461,5.290096998214722,0.8910186199342826,7.770315647125244,True,False,True,17,41.93324,-115.67453,2059.26,986.13,1.86837452603498,0.518679342368851,0.0336,water-limited,snow-influenced,medium
13235000,11,complete,0.30151569843292236,0.25678539276123047,0.044730305671691895,0.27710843373493976,5.114983081817627,True,False,True,17,44.08528,-115.62222,2075.34,1163.23,1.04542058272682,0.677895075896552,0.8604,water-limited,snow-influenced,medium
13235000,29,complete,-0.15420067310333252,-0.24373137950897217,0.08953070640563965,0.12951807228915663,6.820120811462402,True,False,True,17,44.08528,-115.62222,2075.34,1163.23,1.04542058272682,0.677895075896552,0.8604,water-limited,snow-influenced,medium
13235000,47,complete,0.4468023180961609,0.33066457509994507,0.11613774299621582,0.3546002190580504,5.467008113861084,True,False,True,17,44.08528,-115.62222,2075.34,1163.23,1.04542058272682,0.677895075896552,0.8604,water-limited,snow-influenced,medium
13240000,11,complete,0.5869054794311523,0.5866070985794067,0.00029838085174560547,0.3099671412924425,6.648227214813232,True,True,True,17,44.91361,-115.99722,1965.35,125.57,0.748671386862602,0.726533471798391,0.8066,humid,snow-influenced,small
13240000,29,complete,0.5792728662490845,0.5994980335235596,-0.020225167274475098,0.10460021905805038,7.372797966003418,True,True,False,17,44.91361,-115.99722,1965.35,125.57,0.748671386862602,0.726533471798391,0.8066,humid,snow-influenced,small
13240000,47,complete,0.6298012137413025,0.6362904906272888,-0.006489276885986328,0.3702081051478642,5.997000694274902,True,True,False,17,44.91361,-115.99722,1965.35,125.57,0.748671386862602,0.726533471798391,0.8066,humid,snow-influenced,small
13313000,11,complete,-1.2272348403930664,-1.272777795791626,0.04554295539855957,0.255750273822563,5.609078407287598,True,False,True,17,44.96167,-115.5,2155.6,561.94,0.788086019761959,0.744536050209931,0.9807,humid,snow-influenced,medium
13313000,29,complete,-1.2266480922698975,-1.3376116752624512,0.11096358299255371,0.28696604600219056,7.597446918487549,True,False,True,17,44.96167,-115.5,2155.6,561.94,0.788086019761959,0.744536050209931,0.9807,humid,snow-influenced,medium
13313000,47,complete,-1.0368270874023438,-1.1853013038635254,0.14847421646118164,0.17332968236582694,4.792507171630859,True,False,True,17,44.96167,-115.5,2155.6,561.94,0.788086019761959,0.744536050209931,0.9807,humid,snow-influenced,medium
13331500,11,complete,-0.459017276763916,-0.37477850914001465,-0.08423876762390137,0.36829134720700984,5.251527786254883,True,False,False,17,45.61987,-117.72659,1654.85,618.93,0.816008576944525,0.55788094452843,0.6378,humid,snow-influenced,medium
13331500,29,complete,-0.21101665496826172,-0.17969024181365967,-0.03132641315460205,0.24123767798466594,4.188021659851074,True,False,False,17,45.61987,-117.72659,1654.85,618.93,0.816008576944525,0.55788094452843,0.6378,humid,snow-influenced,medium
13331500,47,complete,-0.24874424934387207,-0.29972100257873535,0.05097675323486328,0.589539978094195,3.321584701538086,True,False,True,17,45.61987,-117.72659,1654.85,618.93,0.816008576944525,0.55788094452843,0.6378,humid,snow-influenced,medium
14020000,11,complete,-0.052281737327575684,-0.059801459312438965,0.007519721984863281,0.46276013143483025,4.212746620178223,True,False,True,17,45.71958,-118.32329,1215.85,341.43,0.864898402179714,0.355358222004398,0.8556,humid,snow-influenced,small
14020000,29,complete,-0.23915159702301025,-0.2673584222793579,0.028206825256347656,0.45071193866374587,13.487842559814453,True,False,True,17,45.71958,-118.32329,1215.85,341.43,0.864898402179714,0.355358222004398,0.8556,humid,snow-influenced,small
14020000,47,complete,-0.33142340183258057,-0.39348042011260986,0.0620570182800293,1.0,13.940282821655273,True,False,True,17,45.71958,-118.32329,1215.85,341.43,0.864898402179714,0.355358222004398,0.8556,humid,snow-influenced,small
14096850,11,complete,-39.16147232055664,-40.60132598876953,1.4398536682128906,0.17907995618838993,2.4923815727233887,True,False,True,17,44.95873,-121.39423,958.51,374.62,1.14418979077214,0.244750228496234,0.4959,water-limited,snow-influenced,small
14096850,29,complete,-52.17306900024414,-52.58237075805664,0.4093017578125,0.005750273822562979,3.8844351768493652,False,False,True,17,44.95873,-121.39423,958.51,374.62,1.14418979077214,0.244750228496234,0.4959,water-limited,snow-influenced,small
14096850,47,complete,-34.529239654541016,-34.68836975097656,0.15913009643554688,0.05750273822562979,2.7415997982025146,True,False,True,17,44.95873,-121.39423,958.51,374.62,1.14418979077214,0.244750228496234,0.4959,water-limited,snow-influenced,small
14137000,11,complete,0.6852220296859741,0.5685395002365112,0.11668252944946289,0.6996166484118291,7.168711185455322,True,True,True,17,45.39956,-122.13731,1054.8,674.24,0.321610371458466,0.324496374801996,0.9887,humid,snow-influenced,medium
14137000,29,complete,0.741294264793396,0.5281237959861755,0.21317046880722046,0.8745892661555312,81.41010284423828,True,True,True,17,45.39956,-122.13731,1054.8,674.24,0.321610371458466,0.324496374801996,0.9887,humid,snow-influenced,medium
14137000,47,complete,0.5984851121902466,0.3029727339744568,0.2955123782157898,0.9983570646221248,6.283682346343994,True,True,True,17,45.39956,-122.13731,1054.8,674.24,0.321610371458466,0.324496374801996,0.9887,humid,snow-influenced,medium
14138800,11,complete,0.7696971893310547,0.7580951452255249,0.011602044105529785,0.9389375684556407,5.8123931884765625,True,True,True,17,45.45262,-121.89147,821.62,21.29,0.270945979187767,0.317266212149897,1.0,humid,snow-influenced,small
14138800,29,complete,0.7692239284515381,0.7459902763366699,0.023233652114868164,0.9646768893756845,10.682851791381836,True,True,True,17,45.45262,-121.89147,821.62,21.29,0.270945979187767,0.317266212149897,1.0,humid,snow-influenced,small
14138800,47,complete,0.7514830231666565,0.710161566734314,0.04132145643234253,1.0,6.361113548278809,True,True,True,17,45.45262,-121.89147,821.62,21.29,0.270945979187767,0.317266212149897,1.0,humid,snow-influenced,small
14138900,11,complete,0.777545690536499,0.808085560798645,-0.030539870262145996,1.0,90.23005676269531,True,True,False,17,45.49429,-122.03592,757.32,21.68,0.238185171087227,0.221358389006793,1.0,humid,snow-influenced,small
14138900,29,complete,0.807911217212677,0.8152447938919067,-0.007333576679229736,1.0,130.58795166015625,True,True,False,17,45.49429,-122.03592,757.32,21.68,0.238185171087227,0.221358389006793,1.0,humid,snow-influenced,small
14138900,47,complete,0.800082802772522,0.8100784420967102,-0.009995639324188232,1.0,28.53754234313965,True,True,False,17,45.49429,-122.03592,757.32,21.68,0.238185171087227,0.221358389006793,1.0,humid,snow-influenced,small
14139800,11,complete,0.8379602432250977,0.822758674621582,0.015201568603515625,1.0,15.684117317199707,True,True,True,17,45.44456,-122.10953,641.0,40.7,0.266625319168622,0.183197955663698,0.9977,humid,snow-influenced,small
14139800,29,complete,0.8469902276992798,0.821416437625885,0.025573790073394775,1.0,50.92270278930664,True,True,True,17,45.44456,-122.10953,641.0,40.7,0.266625319168622,0.183197955663698,0.9977,humid,snow-influenced,small
14139800,47,complete,0.8376970887184143,0.7961277365684509,0.04156935214996338,1.0,7.453063488006592,True,True,True,17,45.44456,-122.10953,641.0,40.7,0.266625319168622,0.183197955663698,0.9977,humid,snow-influenced,small
14141500,11,complete,0.7658942937850952,0.7136552333831787,0.052239060401916504,0.9997261774370209,21.31270980834961,True,True,True,17,45.4154,-122.17148,652.09,59.87,0.290755063782449,0.142882264769743,1.0,humid,snow-influenced,small
14141500,29,complete,0.8005222678184509,0.7166260480880737,0.0838962197303772,1.0,104.71479034423828,True,True,True,17,45.4154,-122.17148,652.09,59.87,0.290755063782449,0.142882264769743,1.0,humid,snow-influenced,small
14141500,47,complete,0.7845821976661682,0.6677632331848145,0.11681896448135376,1.0,12.294363975524902,True,True,True,17,45.4154,-122.17148,652.09,59.87,0.290755063782449,0.142882264769743,1.0,humid,snow-influenced,small
14154500,11,complete,0.26454871892929077,0.14951008558273315,0.11503863334655762,0.5906352683461117,198.3304443359375,True,False,True,17,43.73596,-122.8734,922.47,546.81,0.487815409541157,0.135550710091939,1.0,humid,snow-influenced,medium
14154500,29,complete,0.5998350381851196,0.495297372341156,0.10453766584396362,0.7839539978094195,32.833892822265625,True,True,True,17,43.73596,-122.8734,922.47,546.81,0.487815409541157,0.135550710091939,1.0,humid,snow-influenced,medium
14154500,47,complete,0.6812624335289001,0.5023348927497864,0.17892754077911377,1.0,13.763638496398926,True,True,True,17,43.73596,-122.8734,922.47,546.81,0.487815409541157,0.135550710091939,1.0,humid,snow-influenced,medium
14158790,11,complete,0.6459176540374756,0.6008333563804626,0.04508429765701294,0.9756297918948521,27.205181121826172,True,True,True,17,44.33457,-122.04701,1026.81,40.57,0.360883400097528,0.365056630377127,1.0,humid,snow-influenced,small
14158790,29,complete,0.7233019471168518,0.6557426452636719,0.06755930185317993,1.0,71.53547668457031,True,True,True,17,44.33457,-122.04701,1026.81,40.57,0.360883400097528,0.365056630377127,1.0,humid,snow-influenced,small
14158790,47,complete,0.6953040957450867,0.6082836389541626,0.08702045679092407,1.0,15.130387306213379,True,True,True,17,44.33457,-122.04701,1026.81,40.57,0.360883400097528,0.365056630377127,1.0,humid,snow-influenced,small
14166500,11,complete,0.6049861907958984,0.25294697284698486,0.3520392179489136,0.7223439211391018,142.77342224121094,True,True,True,17,44.04984,-123.42621,249.51,226.52,0.60773066728035,0.0106763012784076,0.903,humid,low-snow,small
14166500,29,complete,0.03478974103927612,-0.07366371154785156,0.10845345258712769,0.8674698795180723,39.39619827270508,True,False,True,17,44.04984,-123.42621,249.51,226.52,0.60773066728035,0.0106763012784076,0.903,humid,low-snow,small
14166500,47,complete,0.35186487436294556,0.07404285669326782,0.27782201766967773,1.0,101.80780792236328,True,False,True,17,44.04984,-123.42621,249.51,226.52,0.60773066728035,0.0106763012784076,0.903,humid,low-snow,small
14182500,11,complete,0.7281367778778076,0.7482930421829224,-0.020156264305114746,0.9561883899233297,57.67142868041992,True,True,False,17,44.79151,-122.57897,719.95,286.85,0.348922315497932,0.146759311242181,1.0,humid,snow-influenced,small
14182500,29,complete,0.7204039692878723,0.7471336722373962,-0.026729702949523926,0.9969879518072289,117.16278076171875,True,True,False,17,44.79151,-122.57897,719.95,286.85,0.348922315497932,0.146759311242181,1.0,humid,snow-influenced,small
14182500,47,complete,0.7568559646606445,0.7485517263412476,0.008304238319396973,1.0,22.345916748046875,True,True,True,17,44.79151,-122.57897,719.95,286.85,0.348922315497932,0.146759311242181,1.0,humid,snow-influenced,small
14185000,11,complete,0.8211356401443481,0.7358706593513489,0.08526498079299927,0.5930996714129244,88.40618896484375,True,True,True,17,44.39179,-122.49758,977.23,458.18,0.387958147507602,0.178107252284554,1.0,humid,snow-influenced,small
14185000,29,complete,0.818152129650116,0.7647164463996887,0.053435683250427246,0.9874041621029573,104.31649017333984,True,True,True,17,44.39179,-122.49758,977.23,458.18,0.387958147507602,0.178107252284554,1.0,humid,snow-influenced,small
14185000,47,complete,0.8312273025512695,0.7437863945960999,0.08744090795516968,1.0,14.656185150146484,True,True,True,17,44.39179,-122.49758,977.23,458.18,0.387958147507602,0.178107252284554,1.0,humid,snow-influenced,small
14185900,11,complete,0.7703247666358948,0.7746081352233887,-0.0042833685874938965,0.9600219058050383,90.27953338623047,True,True,False,17,44.54012,-122.43591,823.79,258.2,0.333461204861607,0.187297518505713,1.0,humid,snow-influenced,small
14185900,29,complete,0.745383620262146,0.7763068675994873,-0.03092324733734131,1.0,140.20321655273438,True,True,False,17,44.54012,-122.43591,823.79,258.2,0.333461204861607,0.187297518505713,1.0,humid,snow-influenced,small
14185900,47,complete,0.8015787601470947,0.7814800143241882,0.020098745822906494,1.0,29.122419357299805,True,True,True,17,44.54012,-122.43591,823.79,258.2,0.333461204861607,0.187297518505713,1.0,humid,snow-influenced,small
14187000,11,complete,0.7941530346870422,0.6807788014411926,0.11337423324584961,0.9430449069003286,163.38865661621094,True,True,True,17,44.37235,-122.62314,794.8,134.75,0.413333697112885,0.0895194173938424,1.0,humid,low-snow,small
14187000,29,complete,0.7740997672080994,0.6481959819793701,0.12590378522872925,0.9931544359255202,121.07328796386719,True,True,True,17,44.37235,-122.62314,794.8,134.75,0.413333697112885,0.0895194173938424,1.0,humid,low-snow,small
14187000,47,complete,0.7395880222320557,0.6484842896461487,0.09110373258590698,1.0,33.06270217895508,True,True,True,17,44.37235,-122.62314,794.8,134.75,0.413333697112885,0.0895194173938424,1.0,humid,low-snow,small
14216500,11,complete,0.5318824648857117,0.48879265785217285,0.04308980703353882,0.946604600219058,8.821094512939453,True,True,True,17,46.07567,-121.9987,824.9,349.52,0.281516771919788,0.295816183757834,0.9311,humid,snow-influenced,small
14216500,29,complete,0.43911677598953247,0.34528952836990356,0.0938272476196289,1.0,16.504125595092773,True,False,True,17,46.07567,-121.9987,824.9,349.52,0.281516771919788,0.295816183757834,0.9311,humid,snow-influenced,small
14216500,47,complete,0.5030399560928345,0.40913403034210205,0.09390592575073242,0.7897042716319824,8.38053035736084,True,True,True,17,46.07567,-121.9987,824.9,349.52,0.281516771919788,0.295816183757834,0.9311,humid,snow-influenced,small
14222500,11,complete,0.8026524782180786,0.6992192268371582,0.10343325138092041,1.0,45.539546966552734,True,True,True,17,45.83678,-122.46621,485.85,323.89,0.291730996681997,0.0900274241194852,0.9757,humid,low-snow,small
14222500,29,complete,0.7898660898208618,0.7137279510498047,0.07613813877105713,0.7902519167579408,83.02825164794922,True,True,True,17,45.83678,-122.46621,485.85,323.89,0.291730996681997,0.0900274241194852,0.9757,humid,low-snow,small
14222500,47,complete,0.7795587182044983,0.7048873901367188,0.07467132806777954,1.0,23.65085792541504,True,True,True,17,45.83678,-122.46621,485.85,323.89,0.291730996681997,0.0900274241194852,0.9757,humid,low-snow,small
14236200,11,complete,0.7842437624931335,0.7905561923980713,-0.006312429904937744,0.7116648411829135,20.73641014099121,True,True,False,17,46.59538,-122.45956,490.53,360.99,0.363938726260902,0.11471395531314,0.981,humid,snow-influenced,small
14236200,29,complete,0.7664857506752014,0.7599781155586243,0.0065076351165771484,0.9843921139101862,70.55196380615234,True,True,True,17,46.59538,-122.45956,490.53,360.99,0.363938726260902,0.11471395531314,0.981,humid,snow-influenced,small
14236200,47,complete,0.8129162788391113,0.765587568283081,0.04732871055603027,1.0,14.77204418182373,True,True,True,17,46.59538,-122.45956,490.53,360.99,0.363938726260902,0.11471395531314,0.981,humid,snow-influenced,small
14301000,11,complete,0.8643569946289062,0.7525666356086731,0.11179035902023315,0.6204819277108434,165.93055725097656,True,True,True,17,45.704,-123.7554,375.21,1743.54,0.487712112009161,0.0324798903206775,0.963,humid,low-snow,medium
14301000,29,complete,0.7793043851852417,0.6890178918838501,0.0902864933013916,0.9997261774370209,105.14276123046875,True,True,True,17,45.704,-123.7554,375.21,1743.54,0.487712112009161,0.0324798903206775,0.963,humid,low-snow,medium
14301000,47,complete,0.7148986458778381,0.68602454662323,0.028874099254608154,1.0,18.78955841064453,True,True,True,17,45.704,-123.7554,375.21,1743.54,0.487712112009161,0.0324798903206775,0.963,humid,low-snow,medium
14303200,11,complete,0.75547194480896,0.7344853281974792,0.020986616611480713,0.5106790799561884,39.42633819580078,True,True,True,17,45.32428,-123.5465,572.22,8.06,0.322802335415838,0.088754104072909,1.0,humid,low-snow,small
14303200,29,complete,0.7658091187477112,0.7317501306533813,0.034058988094329834,1.0,57.52669143676758,True,True,True,17,45.32428,-123.5465,572.22,8.06,0.322802335415838,0.088754104072909,1.0,humid,low-snow,small
14303200,47,complete,0.8244215250015259,0.788944661617279,0.035476863384246826,1.0,18.844921112060547,True,True,True,17,45.32428,-123.5465,572.22,8.06,0.322802335415838,0.088754104072909,1.0,humid,low-snow,small
14305500,11,complete,0.8697729110717773,0.8571365475654602,0.012636363506317139,0.42250821467688937,14.798264503479004,True,True,True,17,44.71512,-123.88733,276.16,526.33,0.325769239215451,0.0257414277847911,0.9943,humid,low-snow,medium
14305500,29,complete,0.8686761856079102,0.8655338883399963,0.0031422972679138184,0.9764512595837898,48.240840911865234,True,True,True,17,44.71512,-123.88733,276.16,526.33,0.325769239215451,0.0257414277847911,0.9943,humid,low-snow,medium
14305500,47,complete,0.8794370889663696,0.8596622943878174,0.019774794578552246,1.0,17.82390022277832,True,True,True,17,44.71512,-123.88733,276.16,526.33,0.325769239215451,0.0257414277847911,0.9943,humid,low-snow,medium
14306340,11,complete,0.6455014944076538,0.523730993270874,0.12177050113677979,0.5733844468784228,72.0219497680664,True,True,True,17,44.2479,-123.63649,397.44,14.73,0.376647538583815,0.0693804146431187,0.9933,humid,low-snow,small
14306340,29,complete,0.5900536775588989,0.4788087010383606,0.11124497652053833,1.0,47.810855865478516,True,True,True,17,44.2479,-123.63649,397.44,14.73,0.376647538583815,0.0693804146431187,0.9933,humid,low-snow,small
14306340,47,complete,0.6321707963943481,0.5849536657333374,0.04721713066101074,1.0,20.439661026000977,True,True,True,17,44.2479,-123.63649,397.44,14.73,0.376647538583815,0.0693804146431187,0.9933,humid,low-snow,small
14306500,11,complete,0.6738388538360596,0.037239134311676025,0.6365997195243835,0.6297918948521358,200.7387237548828,True,True,True,17,44.38595,-123.83178,308.31,857.16,0.471445248538521,0.0202982706122534,0.9993,humid,low-snow,medium
14306500,29,complete,0.43866121768951416,0.29456067085266113,0.14410054683685303,1.0,84.50200653076172,True,False,True,17,44.38595,-123.83178,308.31,857.16,0.471445248538521,0.0202982706122534,0.9993,humid,low-snow,medium
14306500,47,complete,0.4802761673927307,0.4309368133544922,0.049339354038238525,1.0,20.339406967163086,True,False,True,17,44.38595,-123.83178,308.31,857.16,0.471445248538521,0.0202982706122534,0.9993,humid,low-snow,medium
14308990,11,complete,0.4551123380661011,-0.6130870580673218,1.0681993961334229,0.5443592552026287,81.22456359863281,True,False,True,17,42.82318,-123.12589,987.04,167.76,0.838265359848173,0.135825515539971,1.0,humid,snow-influenced,small
14308990,29,complete,-0.27797532081604004,-0.5629396438598633,0.28496432304382324,0.49589266155531214,15.88443374633789,True,False,True,17,42.82318,-123.12589,987.04,167.76,0.838265359848173,0.135825515539971,1.0,humid,snow-influenced,small
14308990,47,complete,-0.40125536918640137,-1.2445669174194336,0.8433115482330322,1.0,7.489841461181641,True,False,True,17,42.82318,-123.12589,987.04,167.76,0.838265359848173,0.135825515539971,1.0,humid,snow-influenced,small
14309500,11,complete,0.8017605543136597,0.6033361554145813,0.19842439889907837,0.7037239868565169,167.45114135742188,True,True,True,17,42.804,-123.61091,709.83,224.92,0.627228059860258,0.0612553691709827,1.0,humid,low-snow,small
14309500,29,complete,0.7512058019638062,0.6707603931427002,0.08044540882110596,1.0,11.325602531433105,True,True,True,17,42.804,-123.61091,709.83,224.92,0.627228059860258,0.0612553691709827,1.0,humid,low-snow,small
14309500,47,complete,0.7042775750160217,0.6521282196044922,0.05214935541152954,1.0,23.763429641723633,True,True,True,17,42.804,-123.61091,709.83,224.92,0.627228059860258,0.0612553691709827,1.0,humid,low-snow,small
14316700,11,complete,0.47332966327667236,0.41520458459854126,0.058125078678131104,0.4819277108433735,89.96495819091797,True,False,True,17,43.34984,-122.72894,952.26,587.9,0.501305088892464,0.176336580742005,1.0,humid,snow-influenced,medium
14316700,29,complete,0.714606523513794,0.6226255297660828,0.09198099374771118,0.5988499452354874,75.20126342773438,True,True,True,17,43.34984,-122.72894,952.26,587.9,0.501305088892464,0.176336580742005,1.0,humid,snow-influenced,medium
14316700,47,complete,0.6832320690155029,0.5362493991851807,0.14698266983032227,0.9652245345016429,7.281015872955322,True,True,True,17,43.34984,-122.72894,952.26,587.9,0.501305088892464,0.176336580742005,1.0,humid,snow-influenced,medium
14325000,11,complete,0.8044813871383667,0.7503136396408081,0.054167747497558594,0.6782584884994524,96.54609680175781,True,True,True,17,42.8915,-124.07065,656.53,443.07,0.38660991574857,0.0302033920558714,1.0,humid,low-snow,small
14325000,29,complete,0.7699535489082336,0.715832531452179,0.05412101745605469,1.0,31.711753845214844,True,True,True,17,42.8915,-124.07065,656.53,443.07,0.38660991574857,0.0302033920558714,1.0,humid,low-snow,small
14325000,47,complete,0.782198965549469,0.7620190382003784,0.020179927349090576,1.0,20.302200317382812,True,True,True,17,42.8915,-124.07065,656.53,443.07,0.38660991574857,0.0302033920558714,1.0,humid,low-snow,small
14362250,11,complete,-6.910100936889648,-13.192737579345703,6.282636642456055,0.625684556407448,104.19327545166016,True,False,True,17,42.15401,-123.07532,875.67,41.42,1.19539041561722,0.141500009350329,1.0,water-limited,snow-influenced,small
14362250,29,complete,-10.389881134033203,-12.518708229064941,2.1288270950317383,0.7179627601314348,5.888590335845947,True,False,True,17,42.15401,-123.07532,875.67,41.42,1.19539041561722,0.141500009350329,1.0,water-limited,snow-influenced,small
14362250,47,complete,-9.408164978027344,-12.461080551147461,3.052915573120117,1.0,48.308773040771484,True,False,True,17,42.15401,-123.07532,875.67,41.42,1.19539041561722,0.141500009350329,1.0,water-limited,snow-influenced,small
14400000,11,complete,0.6099807024002075,0.6478021144866943,-0.037821412086486816,0.5616100766703176,94.7243423461914,True,True,False,17,42.12344,-124.18731,625.31,702.63,0.410302083666978,0.0243303906906382,1.0,humid,low-snow,medium
14400000,29,complete,0.6433776021003723,0.6578250527381897,-0.014447450637817383,0.9860350492880613,21.663570404052734,True,True,False,17,42.12344,-124.18731,625.31,702.63,0.410302083666978,0.0243303906906382,1.0,humid,low-snow,medium
14400000,47,complete,0.6709980964660645,0.650962769985199,0.02003532648086548,1.0,27.46051788330078,True,True,True,17,42.12344,-124.18731,625.31,702.63,0.410302083666978,0.0243303906906382,1.0,humid,low-snow,medium
