seed,basin,nse_unconstrained_original,nse_unconstrained_fixed_reachable,nse_feasible_retrained,kge_unconstrained_original,kge_feasible_retrained,rmse_unconstrained_original_mm_day,rmse_feasible_retrained_mm_day,bias_ratio_unconstrained_original,bias_ratio_feasible_retrained,transfer_gap_nse,same_checkpoint_penalty_nse,recovery_fraction,high_skill_unconstrained_original,recovery_eligible,transfer_gap_within_0_10,recovery_at_least_0_80,feasible_retrained_beats_fixed_projection
11,01022500,0.5939282178878784,0.3622589111328125,0.6334139108657837,0.6837325064744686,0.6550906589206147,1.7579820156097412,1.6703250408172607,1.1701529026031494,1.0450819730758667,-0.03948569297790527,0.23166930675506592,1.1704398978482369,True,True,True,True,True
11,01031500,0.6414082646369934,0.5539127588272095,0.4932295083999634,0.6118276998182197,0.44791867894809667,2.052699089050293,2.440230369567871,1.213975429534912,0.9332587122917175,0.14817875623703003,0.08749550580978394,-0.693558484697169,True,True,False,False,False
11,01047000,0.5574759244918823,0.4257700443267822,0.482202410697937,0.5474883573744951,0.4791291855120473,2.2725112438201904,2.4582018852233887,1.1792957782745361,1.0240240097045898,0.07527351379394531,0.1317058801651001,0.4284726414675936,True,True,True,False,True
11,01052500,0.6122169494628906,0.6011868715286255,0.41761982440948486,0.5654434960789838,0.3726504803367322,2.3501996994018555,2.8801400661468506,1.1856216192245483,0.8105730414390564,0.19459712505340576,0.011030077934265137,,True,False,False,False,False
11,01054200,0.46179306507110596,0.42646121978759766,0.48243558406829834,0.4158779646455598,0.42042160680414764,3.585371494293213,3.515942096710205,1.0992584228515625,0.9487965106964111,-0.020642518997192383,0.0353318452835083,,False,False,True,False,True
11,01055000,0.5183446407318115,0.4848766326904297,0.5048207640647888,0.5168236722525494,0.4769310864269819,2.6954972743988037,2.7330775260925293,1.166400671005249,0.9324462413787842,0.013523876667022705,0.033468008041381836,,True,False,True,False,True
11,01057000,0.54804527759552,0.1780044436454773,0.492825984954834,0.6420416576334572,0.5133815565187714,2.045675754547119,2.1670446395874023,1.1681474447250366,1.331034541130066,0.055219292640686035,0.3700408339500427,0.8507751372970344,True,True,True,True,True
11,01073000,0.6328579783439636,0.4789429306983948,0.7457500696182251,0.4279000754653124,0.7552422797850424,2.1362874507904053,1.7777595520019531,1.546570062637329,1.1336811780929565,-0.11289209127426147,0.15391504764556885,1.7334701382429232,True,True,True,True,True
11,01078000,0.4063315987586975,-0.1685270071029663,0.3452381491661072,0.5528112797138616,0.3567792292055638,2.0500245094299316,2.1529242992401123,1.2935848236083984,1.5087158679962158,0.06109344959259033,0.5748586058616638,0.8937243889721083,False,True,True,True,True
11,01123000,0.5423578023910522,0.17360681295394897,0.6422466039657593,0.4062714198163898,0.6053950357657765,1.7737842798233032,1.568301796913147,1.5696954727172852,1.1925101280212402,-0.09988880157470703,0.36875098943710327,1.2708841587847313,True,True,True,True,True
11,01134500,0.41843074560165405,0.37003225088119507,0.4869855046272278,0.4465535965652958,0.5940504034920578,2.2295448780059814,2.094017505645752,1.3594567775726318,1.0735639333724976,-0.06855475902557373,0.048398494720458984,,False,False,True,False,True
11,01137500,0.42939507961273193,0.2915346026420593,0.4861519932746887,0.503254722895476,0.5006102396178308,2.462831735610962,2.3371376991271973,1.1067585945129395,1.0176219940185547,-0.05675691366195679,0.1378604769706726,1.411698224967195,False,True,True,True,True
11,01139000,0.12232834100723267,0.03836590051651001,0.5842823386192322,0.18639838341405468,0.7538765055222985,1.7355953454971313,1.1944876909255981,1.6136616468429565,1.0680124759674072,-0.4619539976119995,0.08396244049072266,6.50191246123965,False,True,True,True,True
11,01139800,-0.09559452533721924,-0.4697835445404053,0.37808316946029663,0.4293277691921592,0.6770369101769619,1.9532361030578613,1.4716209173202515,1.3703949451446533,0.9030801653862,-0.47367769479751587,0.37418901920318604,2.2658781270657946,False,True,True,True,True
11,01142500,0.3052282929420471,0.21685636043548584,0.6241730451583862,0.36360821425089196,0.7034665970079134,1.8475866317749023,1.3588693141937256,1.462905764579773,0.8599820137023926,-0.3189447522163391,0.08837193250656128,4.609118225321809,False,True,True,True,True
11,01144000,0.4806075692176819,0.30679595470428467,0.6323606371879578,0.46932254637861903,0.6330148387438772,1.703097939491272,1.4328569173812866,1.4156874418258667,0.944092869758606,-0.15175306797027588,0.17381161451339722,1.8730893409805989,False,True,True,True,True
11,01162500,0.38670235872268677,-0.17968416213989258,0.4878869652748108,0.5068128779445442,0.44397024800322216,1.9170609712600708,1.751794695854187,1.420831561088562,1.4583544731140137,-0.10118460655212402,0.5663865208625793,1.178649390169146,False,True,True,True,True
11,01169000,0.6911195516586304,0.568747878074646,0.616274893283844,0.7134449441720827,0.5544011462876113,2.0209383964538574,2.252516508102417,1.084442377090454,0.9058830142021179,0.07484465837478638,0.12237167358398438,0.38838248932323327,True,True,True,False,True
11,01170100,0.3424309492111206,0.25848621129989624,0.5474855899810791,0.41160512530241355,0.665907168764625,2.4305083751678467,2.0162417888641357,1.489408254623413,1.0319526195526123,-0.2050546407699585,0.08394473791122437,3.442733706391623,False,True,True,True,True
11,01181000,0.6773389577865601,0.5767651796340942,0.6043039560317993,0.5854420004139138,0.5458949067610791,2.169426679611206,2.402439832687378,1.2642534971237183,0.9996439218521118,0.07303500175476074,0.10057377815246582,0.2738166637824563,True,True,True,False,True
11,01187300,0.6305160522460938,0.47834354639053345,0.5967305898666382,0.5144957953766707,0.5564976704748015,2.3479177951812744,2.452916145324707,1.4217033386230469,0.9917086362838745,0.033785462379455566,0.1521725058555603,0.7779791941421784,True,True,True,False,True
11,01195100,0.5858133435249329,0.15950512886047363,0.6386901140213013,0.45365957575987625,0.6049185540168139,1.7956593036651611,1.6771265268325806,1.5164180994033813,1.2028697729110718,-0.05287677049636841,0.42630821466445923,1.124034134641264,True,True,True,True,True
11,01333000,0.32241153717041016,0.09701651334762573,0.4687952995300293,0.5923642793899137,0.6929317875232173,2.293748617172241,2.0309243202209473,1.2452185153961182,0.9964904189109802,-0.14638376235961914,0.22539502382278442,1.6494542775474605,False,True,True,True,True
11,01350000,0.6916072368621826,0.562915563583374,0.6130281686782837,0.7370372036095743,0.6743214077892308,2.226006031036377,2.493525981903076,1.1179840564727783,0.9129601120948792,0.07857906818389893,0.1286916732788086,0.3894005246659701,True,True,True,False,True
11,01350080,0.47969532012939453,-0.09895431995391846,0.5027958154678345,0.5700334183324129,0.7273241013706984,1.881009817123413,1.838779091835022,1.3598709106445312,1.1280145645141602,-0.02310049533843994,0.578649640083313,1.0399213854779448,False,True,True,True,True
11,01350140,0.5359668731689453,0.1500440239906311,0.46224910020828247,0.6913606317195412,0.6405975708751004,2.1877403259277344,2.3551135063171387,1.124008297920227,1.1584142446517944,0.07371777296066284,0.3859228491783142,0.8089831345368156,True,True,True,True,True
11,01365000,0.6688199043273926,0.548040509223938,0.5666477680206299,0.8122396814744157,0.7280613539586924,2.2720963954925537,2.599053382873535,0.9457836747169495,0.8335958123207092,0.1021721363067627,0.12077939510345459,0.15405987735535265,True,True,False,False,True
11,01411300,-5.471555709838867,-7.72634220123291,-1.1662354469299316,-1.1057938608076068,-0.0574544155764638,2.6500532627105713,1.533215045928955,2.0944314002990723,1.0181761980056763,-4.3053202629089355,2.254786491394043,2.909413720253012,False,True,True,True,True
11,01413500,0.5842533111572266,0.16082537174224854,0.4762226939201355,0.7598589019071644,0.7425447658017759,1.8330315351486206,2.057447910308838,1.1209490299224854,0.947162926197052,0.10803061723709106,0.423427939414978,0.7448665825255893,True,True,False,False,True
11,01414500,0.5532452464103699,0.20611709356307983,0.430571973323822,0.749881730123725,0.7206944830574917,2.1463921070098877,2.4232258796691895,1.1250648498535156,1.0422025918960571,0.12267327308654785,0.34712815284729004,0.6466052318709087,True,True,False,False,True
11,01415000,0.5439510345458984,0.08563756942749023,0.4790862798690796,0.7605957285056751,0.7463659326775924,1.839213252067566,1.9656637907028198,1.0881620645523071,0.9763841032981873,0.06486475467681885,0.4583134651184082,0.858470763759776,True,True,True,True,True
11,01423000,0.6173168420791626,0.36985325813293457,0.6049305200576782,0.7623438208953576,0.7078288481030228,1.733662724494934,1.7614961862564087,1.1352007389068604,0.8632979989051819,0.012386322021484375,0.24746358394622803,0.9499468898657193,True,True,True,True,True
11,01435000,0.6392936110496521,0.5822272300720215,0.5402636528015137,0.7407251166554458,0.6712267770629655,2.6948509216308594,3.0423715114593506,0.8992975354194641,0.8167094588279724,0.09902995824813843,0.057066380977630615,-0.7353467409639498,True,True,True,False,False
11,01439500,0.588446855545044,0.4293516278266907,0.5431367754936218,0.7567825655134485,0.6083996421625747,1.6402803659439087,1.7282166481018066,0.8826008439064026,0.72357577085495,0.04531008005142212,0.15909522771835327,0.7152015135762922,True,True,True,False,True
11,01440000,0.6011442542076111,0.17492276430130005,0.636625349521637,0.6117564382413991,0.7173717305546776,1.6319599151611328,1.5576822757720947,1.3455848693847656,0.798024594783783,-0.03548109531402588,0.42622148990631104,1.083245674266272,True,True,True,True,True
11,01440400,0.615957498550415,0.541332483291626,0.5913056135177612,0.6799147352263141,0.5487475183542037,2.0517427921295166,2.116569757461548,0.8793701529502869,0.7550238370895386,0.02465188503265381,0.07462501525878906,0.6696565495207668,True,True,True,False,True
11,01451800,0.47271716594696045,0.22943735122680664,0.5581089854240417,0.6880461791740108,0.7766365571671566,2.095874071121216,1.9186729192733765,1.0576485395431519,0.9709596037864685,-0.0853918194770813,0.2432798147201538,1.3510024848354476,False,True,True,True,True
11,01466500,-34.97713851928711,-68.98572540283203,-41.67671585083008,-4.239829680141448,-4.593337429933859,2.88358473777771,3.1406166553497314,2.4307703971862793,2.7453906536102295,6.699577331542969,34.00858688354492,0.8030033604605734,False,True,False,True,True
11,01484100,-1.6580774784088135,-3.7197976112365723,-1.1390483379364014,-0.25836102859181853,0.15498072131291574,2.4603428840637207,2.2071003913879395,1.702878713607788,0.897074818611145,-0.5190291404724121,2.061720132827759,1.2517456817771557,False,True,True,True,True
11,01487000,-4.022489070892334,-6.461344242095947,-1.4101788997650146,-0.7734735298755504,-0.03267225954351205,2.903965473175049,2.011669397354126,1.7340322732925415,0.6837697625160217,-2.6123101711273193,2.4388551712036133,2.071121484363544,False,True,True,True,True
11,01491000,-0.6190431118011475,-1.324108362197876,0.17905360460281372,-0.04446042473363643,0.5258284975549705,2.7846202850341797,1.9828697443008423,1.8566566705703735,0.7045745849609375,-0.7980967164039612,0.7050652503967285,2.13194731403212,False,True,True,True,True
11,01510000,0.6883881092071533,0.48214268684387207,0.6315129399299622,0.7298724312148793,0.662741131364255,1.5862709283828735,1.7249698638916016,0.9508646130561829,0.8511850237846375,0.05687516927719116,0.20624542236328125,0.7242354830207525,True,True,True,False,True
11,01516500,0.37498629093170166,-0.2503063678741455,0.4431800842285156,0.3859467880088382,0.5123382026063283,1.811334490776062,1.7096658945083618,1.4831196069717407,1.189111351966858,-0.06819379329681396,0.6252926588058472,1.1090590019512576,False,True,True,True,True
11,01518862,0.45200395584106445,0.023364007472991943,0.45803898572921753,0.5619556648253683,0.5195918202298531,1.728510856628418,1.7189664840698242,1.2043615579605103,0.9250027537345886,-0.006035029888153076,0.4286399483680725,1.0140794853842479,False,True,True,True,True
11,01532000,0.467359721660614,0.26461243629455566,0.5700678825378418,0.43383860712904265,0.48880889153949814,1.8158468008041382,1.631406307220459,1.3546252250671387,0.8638739585876465,-0.10270816087722778,0.20274728536605835,1.5065821754002238,False,True,True,True,True
11,01539000,0.5613698363304138,0.49365168809890747,0.5835145711898804,0.5549099759060705,0.4835311398926354,1.9759937524795532,1.925467610359192,1.053498387336731,0.7825623154640198,-0.022144734859466553,0.06771814823150635,1.3270132961072842,True,True,True,True,True
11,01542810,0.477027952671051,0.43570756912231445,0.4522882103919983,0.40061824151410663,0.3283611302027678,2.245016574859619,2.297504186630249,0.7901087999343872,0.7708229422569275,0.024739742279052734,0.04132038354873657,,False,False,True,False,True
11,01543000,0.5608437657356262,0.5359060764312744,0.5614601969718933,0.5028697472193447,0.4092654390368148,1.7900201082229614,1.788763403892517,0.8566147685050964,0.7388548254966736,-0.0006164312362670898,0.024937689304351807,,True,False,True,False,True
11,01543500,0.47067755460739136,0.3907608389854431,0.5406638979911804,0.42556428510734445,0.42795888722933817,1.8124161958694458,1.688352346420288,0.9519781470298767,0.7701625823974609,-0.06998634338378906,0.07991671562194824,1.8757409865898955,False,True,True,True,True
11,01544500,0.5623515844345093,0.42852532863616943,0.5798295140266418,0.6686259965491899,0.5287214382765559,1.5260226726531982,1.495240569114685,0.887692391872406,0.7944443821907043,-0.01747792959213257,0.13382625579833984,1.1306016482929158,True,True,True,True,True
11,01545600,0.5264978408813477,0.22141575813293457,0.5205785036087036,0.6761488685821804,0.5663139118106588,1.3875948190689087,1.3962411880493164,1.2197589874267578,0.9775962829589844,0.005919337272644043,0.3050820827484131,0.9805975584691238,True,True,True,True,True
11,01547700,0.5564571619033813,0.43145817518234253,0.5534083247184753,0.5660015535945666,0.47586009195856294,1.9079886674880981,1.9145350456237793,0.9430519938468933,0.8833512663841248,0.003048837184906006,0.12499898672103882,0.9756091048025044,True,True,True,True,True
11,01548500,0.6172385215759277,0.4346666932106018,0.6298834085464478,0.6856463236624522,0.5403598549049732,1.2678157091140747,1.2466981410980225,1.1139518022537231,0.7929480671882629,-0.01264488697052002,0.18257182836532593,1.0692597926182654,True,True,True,True,True
11,01549500,0.5177779197692871,0.141157865524292,0.6263855695724487,0.5203625854328279,0.6403357685749123,1.6186836957931519,1.4247881174087524,1.3804014921188354,0.9894729852676392,-0.10860764980316162,0.3766200542449951,1.2883745795769848,True,True,True,True,True
11,01550000,0.6403216123580933,0.3644164800643921,0.615365743637085,0.7119874092360151,0.5470749604627958,1.467719316482544,1.517783522605896,1.1641197204589844,0.8181762099266052,0.0249558687210083,0.27590513229370117,0.9095490956853867,True,True,True,True,True
11,01552000,0.6210000514984131,0.5010900497436523,0.6171137690544128,0.6379624090012993,0.5268278224901808,1.5223441123962402,1.530129313468933,1.044377088546753,0.8075094819068909,0.003886282444000244,0.11991000175476074,0.967590005945055,True,True,True,True,True
11,01552500,0.5478495359420776,0.5295085310935974,0.5084107518196106,0.5170106464268278,0.38999537496411596,2.2090227603912354,2.303349733352661,0.829776406288147,0.7355795502662659,0.03943878412246704,0.018341004848480225,,True,False,True,False,False
11,01557500,0.6485809087753296,0.5054618716239929,0.6086170077323914,0.6578537213662428,0.5102305198613928,1.4324560165405273,1.5117138624191284,0.8399967551231384,0.7543300986289978,0.03996390104293823,0.14311903715133667,0.7207646037984473,True,True,True,False,True
11,01567500,0.3452334403991699,-0.010072469711303711,0.4302307367324829,0.34115926404309094,0.6083287331791253,1.6324716806411743,1.522831678390503,0.7345861196517944,0.8591077327728271,-0.08499729633331299,0.35530591011047363,1.239222860961939,False,True,True,True,True
11,01568000,0.44232696294784546,0.2557132840156555,0.5723757743835449,0.5728837443755956,0.6169848293943787,1.7530596256256104,1.5351048707962036,1.1256742477416992,0.888774573802948,-0.13004881143569946,0.18661367893218994,1.696887881852195,False,True,True,True,True
11,01580000,0.08292937278747559,-1.9262487888336182,0.12047761678695679,0.5314235547539523,0.461599284645138,1.3737598657608032,1.3453425168991089,1.1563746929168701,1.0219693183898926,-0.0375482439994812,2.0091781616210938,1.0186883596072862,False,True,True,True,True
11,01583500,-0.21815001964569092,-3.2632155418395996,-0.17513906955718994,0.400622200184816,0.4353581402210769,1.2734684944152832,1.2507843971252441,1.3053916692733765,0.9612002968788147,-0.04301095008850098,3.0450655221939087,1.0141248028244438,False,True,True,True,True
11,01586610,-0.12164366245269775,-2.0031700134277344,-0.06393158435821533,0.3012127733641754,0.44848305621100537,1.6824942827224731,1.6386380195617676,1.5233100652694702,1.23984956741333,-0.05771207809448242,1.8815263509750366,1.0306730108056021,False,True,True,True,True
11,01591400,0.2308121919631958,-1.5890634059906006,0.181321918964386,0.5931722471663667,0.5027704720022887,1.5376776456832886,1.5863744020462036,1.2054489850997925,1.3427298069000244,0.049490272998809814,1.8198755979537964,0.9728056835014135,False,True,True,True,True
11,01594950,0.4582626223564148,0.2642882466316223,0.3942265510559082,0.649100753022976,0.6636536310752998,2.16664981842041,2.291128635406494,0.8647939562797546,1.0794490575790405,0.06403607130050659,0.19397437572479248,0.6698735538586814,False,True,True,False,True
11,01596500,0.6728788018226624,0.3541162610054016,0.6438663005828857,0.7430551076385659,0.7799558518604155,1.523597240447998,1.5897263288497925,1.199747085571289,0.9450240731239319,0.02901250123977661,0.31876254081726074,0.9089839691784587,True,True,True,True,True
11,01605500,-0.8066344261169434,-1.0137977600097656,0.08515721559524536,-0.5507505317880719,0.3075371499756865,2.314347982406616,1.6468981504440308,2.4626917839050293,1.5849510431289673,-0.8917916417121887,0.20716333389282227,5.304775487797299,False,True,True,True,True
11,01606500,0.3354141116142273,-0.11537730693817139,0.4611824154853821,0.21867707967553351,0.5737806496260054,1.4519143104553223,1.30733323097229,1.749752402305603,1.237281084060669,-0.12576830387115479,0.4507914185523987,1.278994449972068,False,True,True,True,True
11,01632000,0.4724641442298889,-0.07505536079406738,0.433172345161438,0.4054463191521095,0.4775958307085374,1.4048315286636353,1.4562091827392578,1.5065866708755493,1.3310476541519165,0.03929179906845093,0.5475195050239563,0.9282367135637811,False,True,True,True,True
11,01632900,0.5552272796630859,0.3483842611312866,0.3926049470901489,0.5834750698309192,0.4999531654881967,0.883645236492157,1.0326294898986816,1.166442632675171,0.7099246382713318,0.162622332572937,0.20684301853179932,0.2137886319429436,True,True,False,False,True
11,01634500,0.3543628454208374,-0.46719932556152344,0.4385356307029724,0.36934044006215916,0.5722311969157262,1.4291174411773682,1.3327072858810425,1.5689020156860352,1.3304673433303833,-0.08417278528213501,0.8215621709823608,1.102454553355941,False,True,True,True,True
11,01638480,0.299561083316803,-0.029047608375549316,0.3918026089668274,0.32560773071572635,0.44233418458650664,2.1594269275665283,2.012220859527588,1.229708194732666,0.960773229598999,-0.09224152565002441,0.3286086916923523,1.2807032436512122,False,True,True,True,True
11,01639500,0.3370336890220642,-0.7849335670471191,0.44527536630630493,0.42540786658543306,0.6590261558704513,1.4315816164016724,1.3095108270645142,1.5064018964767456,0.9603830575942993,-0.10824167728424072,1.1219672560691833,1.096474898620006,False,True,True,True,True
11,01644000,0.31222134828567505,-0.09099888801574707,0.49414247274398804,0.3915789189245825,0.46352775805880175,1.7377549409866333,1.4903156757354736,1.210925817489624,0.8115833401679993,-0.181921124458313,0.4032202363014221,1.451170621115157,False,True,True,True,True
11,01664000,0.4443816542625427,-0.318229079246521,0.6647744178771973,0.489232305647057,0.6838815503132283,1.1872442960739136,0.9221898913383484,1.443757176399231,0.9983140230178833,-0.22039276361465454,0.7626107335090637,1.288997720502232,False,True,True,True,True
11,01666500,0.36351484060287476,-0.08041548728942871,0.4253470301628113,0.4852667337460598,0.4866425874466409,1.4375122785568237,1.3659042119979858,0.9663094282150269,0.8796746134757996,-0.06183218955993652,0.44393032789230347,1.1392835444550589,False,True,True,True,True
11,01667500,0.4310150146484375,-0.3086364269256592,0.5214225053787231,0.6158123078547587,0.6985305879542449,1.209954857826233,1.1096726655960083,1.1774015426635742,1.0053409337997437,-0.09040749073028564,0.7396514415740967,1.1222298580773182,False,True,True,True,True
11,01669000,0.45993155241012573,-2.71488881111145,0.3640247583389282,0.6218238057892458,0.6881299258230033,0.952273428440094,1.0333735942840576,1.088401436805725,1.0698953866958618,0.09590679407119751,3.174820363521576,0.9697914265723003,False,True,True,True,True
11,01669520,0.28210747241973877,-1.903367519378662,0.28191494941711426,0.6634572219203171,0.6506505268957441,1.316253423690796,1.3164299726486206,0.9863861203193665,1.0469850301742554,0.00019252300262451172,2.185474991798401,0.9999119079361022,False,True,True,True,True
11,02011400,-0.11133027076721191,-0.7050400972366333,-0.05947864055633545,-0.06880613456725859,0.15693453756417064,1.5198428630828857,1.4839634895324707,2.007260799407959,1.7419097423553467,-0.051851630210876465,0.5937098264694214,1.0873349705515563,False,True,True,True,True
11,02013000,0.559016227722168,0.17785096168518066,0.5392873287200928,0.48675149518133154,0.4882092148935905,1.3303122520446777,1.3597445487976074,1.4082719087600708,1.415107250213623,0.019728899002075195,0.3811652660369873,0.948240564500542,True,True,True,True,True
11,02014000,0.5089008212089539,0.22283101081848145,0.4366113543510437,0.6111757056428626,0.5756886181780574,1.3293523788452148,1.4238346815109253,1.2561906576156616,1.2954471111297607,0.07228946685791016,0.2860698103904724,0.747301308169365,True,True,True,False,True
11,02015700,0.15175724029541016,-0.1171027421951294,0.2758416533470154,0.25734692938269943,0.4827705311753654,1.7486250400543213,1.6156725883483887,1.682207465171814,1.373420238494873,-0.12408441305160522,0.26885998249053955,1.461520572538055,False,True,True,True,True
11,02016000,0.4386606812477112,0.3775373697280884,0.35816025733947754,0.4750861427853825,0.45926564234923983,1.4772529602050781,1.5796302556991577,1.3240045309066772,1.3766669034957886,0.08050042390823364,0.0611233115196228,-0.31701673071803516,False,True,True,False,False
11,02017500,0.5421899557113647,0.2277500033378601,0.45760488510131836,0.6298261285102473,0.5825839989155805,1.2792227268218994,1.3923916816711426,1.266670823097229,1.2904940843582153,0.08458507061004639,0.31443995237350464,0.7309976993331535,True,True,True,False,True
11,02018000,0.5239663124084473,0.3212171792984009,0.36433207988739014,0.5758816788103025,0.5356692251669493,1.2854769229888916,1.4854587316513062,1.2797777652740479,1.280886173248291,0.15963423252105713,0.2027491331100464,0.2126514670007873,True,True,False,False,True
11,02027000,0.5486665964126587,0.26960402727127075,0.4217996597290039,0.5803568587329053,0.668143302258762,1.6671192646026611,1.8869357109069824,1.195496678352356,1.034159779548645,0.12686693668365479,0.27906256914138794,0.5453817505013464,True,True,False,False,True
11,02027500,0.36574918031692505,-0.16635632514953613,0.13404804468154907,0.6187476546342816,0.5955998968119994,1.783005714416504,2.083383083343506,1.230389952659607,1.0891339778900146,0.23170113563537598,0.5321055054664612,0.5645579058005439,False,True,False,False,True
11,02028500,0.5813956260681152,0.2183559536933899,0.5291198492050171,0.6263399147358998,0.6906436076395699,1.3198662996292114,1.3998557329177856,0.9873975515365601,0.9048119783401489,0.052275776863098145,0.36303967237472534,0.8560053326372009,True,True,True,True,True
11,02038850,-0.1809682846069336,0.03927725553512573,0.292152464389801,-0.5844989472346263,0.42197851442064416,1.8378342390060425,1.4228432178497314,0.009925938211381435,1.0951204299926758,-0.4731207489967346,-0.22024554014205933,,False,False,True,False,True
11,02046000,0.39566105604171753,0.07394051551818848,0.5085121393203735,0.4178282638749121,0.5078648133493322,1.830583930015564,1.6508429050445557,0.8676364421844482,1.0931698083877563,-0.112851083278656,0.32172054052352905,1.3507736344562142,False,True,True,True,True
11,02051500,0.23304343223571777,-0.18813788890838623,0.5642976760864258,0.026794567595170404,0.6113843311983297,1.4296972751617432,1.0775902271270752,0.3060326874256134,1.0214895009994507,-0.331254243850708,0.421181321144104,1.7864884486113568,False,True,True,True,True
11,02053200,-1.5441689491271973,-4.366361141204834,0.05259966850280762,-0.4658036679811792,0.5292311955839654,2.3583672046661377,1.4391471147537231,2.1643776893615723,0.7987294793128967,-1.5967686176300049,2.8221921920776367,1.565790176201465,False,True,True,True,True
11,02053800,0.24446707963943481,-0.5438339710235596,0.5081136226654053,0.3929302681478214,0.6277040916014403,1.3267340660095215,1.0705071687698364,0.7888571619987488,1.1579338312149048,-0.26364654302597046,0.7883010506629944,1.3344490569995215,False,True,True,True,True
11,02055100,0.3805697560310364,0.13927322626113892,0.40032660961151123,0.33475431405257794,0.45405632231298254,1.294714331626892,1.2738994359970093,0.6383049488067627,0.7135626077651978,-0.019756853580474854,0.24129652976989746,1.0818779018468072,False,True,True,True,True
11,02056900,0.42278581857681274,0.061450421810150146,0.44180864095687866,0.41141815498022305,0.5230604908557189,1.1726199388504028,1.1531355381011963,0.6197859644889832,0.9334571361541748,-0.019022822380065918,0.3613353967666626,1.05264588675864,False,True,True,True,True
11,02059500,0.22526001930236816,-0.04338645935058594,0.3474293351173401,0.09281798989546297,0.38802013067196206,1.3380026817321777,1.2279841899871826,0.41120073199272156,0.9315643310546875,-0.12216931581497192,0.2686464786529541,1.4547586717963055,False,True,True,True,True
11,02064000,-0.07033324241638184,-0.31301605701446533,0.36403191089630127,-0.2982835958301653,0.2853717040706305,1.5097575187683105,1.1637651920318604,0.10035154223442078,0.5894935727119446,-0.4343651533126831,0.2426828145980835,2.7898471881169344,False,True,True,True,True
11,02065500,-0.21161627769470215,-0.2607229948043823,0.31504857540130615,-0.42480990718847744,0.27796110853697464,1.5564905405044556,1.1702909469604492,0.03889550641179085,0.5983466506004333,-0.5266648530960083,0.049106717109680176,,False,False,True,False,True
11,02069700,0.3629409670829773,-0.5502138137817383,0.5427054166793823,0.526561370267195,0.753502442289306,1.1101876497268677,0.9405991435050964,0.6304624080657959,0.8893902897834778,-0.17976444959640503,0.9131547808647156,1.196860875465358,False,True,True,True,True
11,02070000,-0.13437104225158691,0.20366793870925903,0.5028942823410034,-0.21867990269657933,0.663235611193028,1.5851649045944214,1.0493521690368652,0.10076427459716797,0.9349038600921631,-0.6372653245925903,-0.33803898096084595,,False,False,True,False,True
11,02074500,0.05123776197433472,0.21567046642303467,0.1969394087791443,-0.1858778116716131,0.37858285052731977,1.6310302019119263,1.5005741119384766,0.16209140419960022,1.1359026432037354,-0.14570164680480957,-0.16443270444869995,,False,False,True,False,False
11,02077200,0.28080105781555176,0.054119884967803955,0.4033581614494324,-0.4579903383714563,0.3391821606109451,2.2758829593658447,2.0729188919067383,2.413810968399048,0.7634152173995972,-0.12255710363388062,0.2266811728477478,1.5406585032811573,False,True,True,True,True
11,02081500,0.37698858976364136,0.057514488697052,0.4384952783584595,0.4006229386982595,0.32442570965040296,1.7153736352920532,1.628498911857605,0.8622952103614807,0.7326019406318665,-0.061506688594818115,0.31947410106658936,1.1925248036991831,False,True,True,True,True
11,02082950,0.20693063735961914,-1.3634090423583984,0.41613441705703735,0.05542460688491502,0.4547335854569019,1.1309279203414917,0.9703664779663086,0.3231970965862274,1.486873745918274,-0.2092037796974182,1.5703396797180176,1.133221991648956,False,True,True,True,True
11,02092500,-0.6764158010482788,-2.3905372619628906,-0.1342390775680542,-0.33143377409921015,0.11083887444897533,2.6500587463378906,2.1798014640808105,2.191290855407715,1.7567075490951538,-0.5421767234802246,1.7141214609146118,1.316300061485102,False,True,True,True,True
11,02096846,0.2758685350418091,-0.5724179744720459,0.35355132818222046,0.1738517245352309,0.2457903399495629,1.909855842590332,1.8045083284378052,0.6333643198013306,1.5066884756088257,-0.07768279314041138,0.848286509513855,1.0915761270150703,False,True,True,True,True
11,02102908,-0.09517800807952881,-4.154139518737793,-0.1744014024734497,0.49922643635017283,0.39463131304762555,1.1633254289627075,1.204667329788208,0.8306414484977722,1.2249846458435059,0.0792233943939209,4.058961510658264,0.9804818562122624,False,True,True,True,True
11,02108000,-0.5405285358428955,-3.928860664367676,-0.3157532215118408,0.07176222848207758,0.4347176444406634,1.8475794792175293,1.707479476928711,1.7073850631713867,0.9164561033248901,-0.2247753143310547,3.3883321285247803,1.0663380406066976,False,True,True,True,True
11,02111180,0.6499199867248535,-0.390846848487854,0.4028588533401489,0.8158096831661419,0.7073890968801161,1.1896581649780273,1.5537351369857788,1.03480064868927,1.0592509508132935,0.2470611333847046,1.0407668352127075,0.7626162508010632,True,True,False,False,True
11,02111500,0.3332242965698242,-1.3342206478118896,0.26967233419418335,0.6675561764909131,0.6322234675702612,1.0135022401809692,1.0607028007507324,0.9073933959007263,0.9746695756912231,0.06355196237564087,1.6674449443817139,0.9618866202510777,False,True,True,True,True
11,02112120,0.2985319495201111,-1.2777678966522217,0.2520579695701599,0.6521129599892506,0.5604808976044741,1.0156930685043335,1.0487996339797974,1.0991042852401733,1.1026978492736816,0.04647397994995117,1.5762998461723328,0.9705170434021153,False,True,True,True,True
11,02112360,0.1856907606124878,-1.1464030742645264,0.20023763179779053,0.5598653096483717,0.5612798912437584,1.138688325881958,1.1284717321395874,1.0543065071105957,0.86578768491745,-0.014546871185302734,1.3320938348770142,1.010920305165023,False,True,True,True,True
11,02118500,0.444364070892334,-0.10843968391418457,0.5240812301635742,0.5358156479296146,0.6633446750145606,1.2813466787338257,1.185872197151184,0.6912764310836792,1.040041208267212,-0.07971715927124023,0.5528037548065186,1.1442051696974114,False,True,True,True,True
11,02125000,0.17929953336715698,0.17488253116607666,0.39209580421447754,-0.004079942667554848,0.2751509270740301,3.1101760864257812,2.676764965057373,0.5406769514083862,0.7485861778259277,-0.21279627084732056,0.004417002201080322,,False,False,True,False,True
11,02128000,0.2959928512573242,-0.10176563262939453,0.38975799083709717,0.14771585389105013,0.3778096218874003,1.8206894397735596,1.6951119899749756,0.5090348720550537,1.0402169227600098,-0.09376513957977295,0.39775848388671875,1.2357338520187973,False,True,True,True,True
11,02137727,0.7242934703826904,0.34214162826538086,0.5945139527320862,0.6925496786068119,0.6879625870810309,1.3824007511138916,1.6764800548553467,0.8581972122192383,0.8707862496376038,0.12977951765060425,0.38215184211730957,0.660398032018996,True,True,False,False,True
11,02140991,0.6097508072853088,0.39062970876693726,0.5514886379241943,0.6907371713009026,0.6272324333373671,1.4530715942382812,1.5577679872512817,0.9836357235908508,0.8514702916145325,0.0582621693611145,0.21912109851837158,0.7341097240061998,True,True,True,False,True
11,02143000,0.5380274057388306,0.11197757720947266,0.5478933453559875,0.6844665553045317,0.6833103066115778,1.409302830696106,1.3941729068756104,1.0514822006225586,1.1032474040985107,-0.009865939617156982,0.4260498285293579,1.0231567740590632,True,True,True,True,True
11,02143040,0.5737137198448181,0.41724085807800293,0.5433688163757324,0.6148565259186813,0.5871140444922998,1.7975596189498901,1.8604388236999512,0.9469112157821655,0.9968085885047913,0.030344903469085693,0.15647286176681519,0.8060692242319476,True,True,True,True,True
11,02149000,0.6382606029510498,-0.579824686050415,0.47801387310028076,0.7927404445758983,0.7390863029489527,1.0676461458206177,1.282504677772522,0.8880084156990051,0.9718137383460999,0.16024672985076904,1.2180852890014648,0.8684437524221866,True,True,False,True,True
11,02152100,0.5016531944274902,0.24151474237442017,0.48049110174179077,0.5673033438192348,0.5746384422326893,1.7156583070755005,1.7517070770263672,0.9111112356185913,1.0459566116333008,0.021162092685699463,0.26013845205307007,0.9186506549928181,True,True,True,True,True
11,02177000,0.3487263321876526,-0.4762077331542969,0.5407310724258423,0.5540350505212823,0.7739345857500437,2.256574869155884,1.89496648311615,1.0407720804214478,0.9738283753395081,-0.1920047402381897,0.8249340653419495,1.2327516201656679,False,True,True,True,True
11,02178400,0.3803556561470032,-0.4222615957260132,0.4495510458946228,0.5513243074125646,0.6884643318454303,1.9566659927368164,1.8441828489303589,1.0673044919967651,0.811367928981781,-0.06919538974761963,0.8026172518730164,1.0862121884200007,False,True,True,True,True
11,02193340,-0.0036336183547973633,-0.32897353172302246,0.29936426877975464,-0.40444857455561367,0.30384304838847553,2.014906167984009,1.68350088596344,0.1257002204656601,1.2196972370147705,-0.302997887134552,0.3253399133682251,1.9313271279801871,False,True,True,True,True
11,02196000,0.2013300657272339,-0.4822648763656616,0.15839660167694092,-0.04454887663898477,-0.7626882848182122,1.3176469802856445,1.3525992631912231,0.36155128479003906,2.722031831741333,0.04293346405029297,0.6835949420928955,0.9371945849703806,False,True,True,True,True
11,02198100,0.344077467918396,-1.9734697341918945,0.3444973826408386,0.49109960717294787,0.37764859090220515,1.3849321603775024,1.384488821029663,1.40976083278656,1.5413304567337036,-0.00041991472244262695,2.3175472021102905,1.0001811892858365,False,True,True,True,True
11,02202600,-0.07106256484985352,-5.666702747344971,-0.1862095594406128,0.31268194727642185,-0.27757069150559066,1.4088993072509766,1.4826998710632324,1.4696061611175537,2.1982061862945557,0.11514699459075928,5.595640182495117,0.9794220159203634,False,True,False,True,True
11,02212600,0.05710554122924805,0.06877750158309937,0.4794319272041321,-0.2901550583315471,-0.047615957150689114,1.851912260055542,1.376029133796692,0.14129142463207245,2.014357566833496,-0.42232638597488403,-0.011671960353851318,,False,False,True,False,True
11,02215100,0.30523574352264404,-0.6432458162307739,0.1308600902557373,0.13699727759996683,-0.002864795714178303,1.5500338077545166,1.7336734533309937,1.8185319900512695,1.9396988153457642,0.17437565326690674,0.948481559753418,0.816152827143798,False,True,False,True,True
11,02216180,0.4436056613922119,-2.0254695415496826,0.1971796751022339,0.4312799519764785,0.0015024620211502304,1.3823723793029785,1.660515308380127,1.455553650856018,1.894499659538269,0.24642598628997803,2.4690752029418945,0.9001950260581928,False,True,False,True,True
11,02221525,0.21738946437835693,-0.724622368812561,0.4242474436759949,-0.012853929897096883,0.3240699118767133,1.1366400718688965,0.9749179482460022,0.23155948519706726,1.6338615417480469,-0.20685797929763794,0.942011833190918,1.2195916993918632,False,True,True,True,True
11,02231000,-1.0888328552246094,-4.953385829925537,-2.043797731399536,-0.3678298704904257,-0.9998284503512844,2.5671896934509277,3.0989458560943604,2.0824947357177734,2.7339682579040527,0.9549648761749268,3.8645529747009277,0.7528912444915236,False,True,False,False,True
11,02245500,-0.14656388759613037,-3.241776943206787,-1.5422427654266357,0.12358689645541454,-0.883722175493866,2.130058765411377,3.171764612197876,1.606385588645935,2.5874242782592773,1.3956788778305054,3.0952130556106567,0.5490847147660565,False,True,False,False,True
11,02246000,0.07744228839874268,-2.63531231880188,-0.7934043407440186,0.40610586891595235,-0.5209444160103296,2.167941093444824,3.0226635932922363,1.3700141906738281,2.3067092895507812,0.8708466291427612,2.7127546072006226,0.678980683755463,False,True,False,False,True
11,02296500,-1.7238755226135254,-7.093993186950684,-2.0099315643310547,-0.2996682773426358,-0.40652289856540413,2.7990763187408447,2.9423844814300537,1.827703595161438,1.9685770273208618,0.2860560417175293,5.370117664337158,0.9467318856684982,False,True,False,True,True
11,02297155,-1.0319502353668213,-5.974061965942383,-1.4017179012298584,-0.5154134034811111,-0.7979596835969907,2.6371989250183105,2.8671298027038574,2.13674259185791,2.500595808029175,0.3697676658630371,4.9421117305755615,0.9251802294198691,False,True,False,True,True
11,02297310,0.17692464590072632,-3.1285300254821777,-0.5925459861755371,0.618262047412421,3.882202113547617e-05,2.0846173763275146,2.8996963500976562,0.9535052180290222,1.7863010168075562,0.7694706320762634,3.305454671382904,0.7672118638509904,False,True,False,False,True
11,02298123,-4.284163475036621,-8.13843059539795,-3.014665126800537,-1.0884343412719524,-0.6708801686251538,3.8456382751464844,3.3520073890686035,2.3989055156707764,2.116952657699585,-1.269498348236084,3.854267120361328,1.3293747705055459,False,True,True,True,True
11,02298608,0.07821613550186157,-1.4293992519378662,-0.06710159778594971,0.4715262562685233,0.3708053350185989,2.92419171333313,3.146256685256958,1.3264223337173462,1.427755355834961,0.14531773328781128,1.5076153874397278,0.9036108715137262,False,True,False,True,True
11,02299950,0.5706695318222046,-0.2991609573364258,0.4238678812980652,0.590313749866922,0.403449566433117,2.2670950889587402,2.6262433528900146,1.3548760414123535,1.537166714668274,0.1468016505241394,0.8698304891586304,0.8312295874266977,True,True,False,True,True
11,02342933,0.361081600189209,0.005022168159484863,0.3201385736465454,0.19137725974609654,0.3236614194467258,2.7832138538360596,2.8710057735443115,0.571672260761261,1.2188022136688232,0.040943026542663574,0.3560594320297241,0.8850106952390869,False,True,True,True,True
11,02349900,0.263522207736969,-0.981489896774292,-0.28737401962280273,-0.1395090631119571,-0.4246706063586003,1.5325984954833984,2.0262868404388428,2.0827014446258545,2.2784698009490967,0.5508962273597717,1.245012104511261,0.5575173724306638,False,True,False,False,True
11,02350900,0.065132737159729,-5.138858318328857,-0.5063028335571289,0.23925702490289535,0.13407872633064521,1.115496277809143,1.41595458984375,1.3165795803070068,1.1985059976577759,0.5714355707168579,5.203991055488586,0.8901928222735564,False,True,False,True,True
11,02361000,0.697683572769165,-1.0449800491333008,0.5500929355621338,0.8372819114496136,0.7118789226858107,0.9359269738197327,1.141753911972046,0.9762597680091858,1.0862579345703125,0.14759063720703125,1.7426636219024658,0.9153074435295169,True,True,False,True,True
11,02369800,0.34846317768096924,-1.9941020011901855,0.1458640694618225,0.57046317101206,0.4397233397856346,1.6332179307937622,1.8699851036071777,1.1000603437423706,1.3463960886001587,0.20259910821914673,2.342565178871155,0.9135139931018799,False,True,False,True,True
11,02371500,0.3671666383743286,-1.6178016662597656,0.500841498374939,0.5158354206049003,0.7488802352860554,1.3881522417068481,1.2328540086746216,1.3696374893188477,0.9757491946220398,-0.13367486000061035,1.9849683046340942,1.067343574045255,False,True,True,True,True
11,02372250,0.5106077790260315,-1.0075829029083252,0.6302090883255005,0.6525574908012726,0.7737433259183809,1.415808916091919,1.230705738067627,1.261773943901062,1.014699101448059,-0.119601309299469,1.5181906819343567,1.078778845584194,True,True,True,True,True
11,02374500,0.26675552129745483,-0.8085083961486816,0.4146379828453064,0.2052772440814964,0.6682066406334806,1.6039682626724243,1.4331235885620117,0.3485933244228363,0.9215788841247559,-0.14788246154785156,1.0752639174461365,1.137531315938777,False,True,True,True,True
11,02381600,-0.8241250514984131,-1.740952968597412,0.12978756427764893,-0.3846227283316688,0.4676064273011252,2.7576844692230225,1.9047147035598755,2.267850637435913,1.2975986003875732,-0.953912615776062,0.916827917098999,2.0404489195686857,False,True,True,True,True
11,02384540,0.4603844881057739,0.19064444303512573,0.38864612579345703,0.5735948704755172,0.5193189550399102,2.5722312927246094,2.7378780841827393,1.1992137432098389,1.0799446105957031,0.0717383623123169,0.2697400450706482,0.7340463026410197,False,True,True,False,True
11,02395120,0.48354971408843994,-0.23534417152404785,0.4709208607673645,0.5272812558650015,0.4903858799645072,1.552995204925537,1.5718684196472168,0.8163190484046936,0.8004484176635742,0.01262885332107544,0.7188938856124878,0.9824329381932135,False,True,True,True,True
11,02415000,0.5296496152877808,0.026226580142974854,0.6281778216362,0.5900689113424409,0.6708238818963805,1.7868096828460693,1.5886754989624023,1.3496770858764648,0.8320350646972656,-0.09852820634841919,0.5034230351448059,1.1957165236193021,True,True,True,True,True
11,02427250,0.5296566486358643,0.618741512298584,0.4240356683731079,0.3709884703600884,0.3675432146191049,2.183234930038452,2.415966033935547,0.6223266124725342,0.9205573201179504,0.10562098026275635,-0.08908486366271973,,True,False,False,False,False
11,02430085,0.3393179178237915,-0.7347617149353027,0.3722231388092041,0.533895240568601,0.49353256863129036,2.1955411434173584,2.1401684284210205,0.7699646949768066,0.8494758009910583,-0.0329052209854126,1.0740796327590942,1.0306357368502423,False,True,True,True,True
11,02450250,0.3589692711830139,0.1771901249885559,0.4825313687324524,-0.003992684690633519,0.5492824274975991,3.2395589351654053,2.910639762878418,1.9771801233291626,1.3218441009521484,-0.12356209754943848,0.181779146194458,1.679737473391244,False,True,True,True,True
11,02464000,0.46111857891082764,0.19013172388076782,0.5531896948814392,0.295434481586351,0.5352685895889742,2.5994086265563965,2.366952657699585,1.6404404640197754,0.777649462223053,-0.09207111597061157,0.2709868550300598,1.3397622957039683,False,True,True,True,True
11,02464360,0.2854520082473755,-0.3520292043685913,0.6130056381225586,0.1722911602542223,0.7376302874450595,2.031597852706909,1.4951142072677612,0.41603735089302063,0.8755936026573181,-0.3275536298751831,0.6374812126159668,1.5138247581148856,False,True,True,True,True
11,02465493,0.27109724283218384,-3.0244593620300293,0.008522331714630127,0.47528468038262106,0.4708592329778388,1.3681819438934326,1.5956974029541016,0.6489683389663696,1.203155517578125,0.2625749111175537,3.295556604862213,0.9203245634651959,False,True,False,True,True
11,02469800,0.49571144580841064,0.11039954423904419,0.6174126863479614,0.2953607959393355,0.7544124010188358,1.9536806344985962,1.7016854286193848,0.511137068271637,1.0364524126052856,-0.12170124053955078,0.38531190156936646,1.3158512364758639,False,True,True,True,True
11,02472000,0.7434073686599731,-0.03623950481414795,0.5648797154426575,0.7789896214917693,0.703634832263958,1.2203919887542725,1.5892122983932495,1.1156789064407349,1.1534491777420044,0.17852765321731567,0.7796468734741211,0.7710147256516362,True,True,False,False,True
11,02472500,0.48775190114974976,-1.0259504318237305,0.39781004190444946,0.5151408117294493,0.42390222370206665,1.5991206169128418,1.733835220336914,1.372642993927002,1.4195033311843872,0.08994185924530029,1.5137023329734802,0.9405815415051778,False,True,True,True,True
11,02479155,0.6471976041793823,-0.034276485443115234,0.4678197503089905,0.7607970133759092,0.6617582253005354,2.070315361022949,2.542729139328003,1.1411784887313843,1.2078806161880493,0.17937785387039185,0.6814740896224976,0.7367796419526996,True,True,False,False,True
11,02479300,0.3284032940864563,-1.10141921043396,0.4305213689804077,0.6667427690041963,0.7243670747608546,2.293527841567993,2.111973285675049,1.023865818977356,0.9958611130714417,-0.10211807489395142,1.4298225045204163,1.0714201060419057,False,True,True,True,True
11,02479560,0.37774503231048584,-0.9837175607681274,0.2692943215370178,0.6113819596720216,0.6025455561731867,2.01090407371521,2.1791064739227295,1.1803699731826782,1.122970700263977,0.10845071077346802,1.3614625930786133,0.920342496867113,False,True,False,True,True
11,02481000,0.724220871925354,0.4006842374801636,0.5711921453475952,0.8207961675564417,0.600107971521317,2.3883824348449707,2.9782047271728516,1.0543533563613892,1.0924415588378906,0.1530287265777588,0.32353663444519043,0.5270126771264197,True,True,False,False,True
11,02481510,0.7865893840789795,0.17723548412322998,0.6875429153442383,0.8115375372755407,0.8207941767185971,1.5888937711715698,1.9225693941116333,1.1556075811386108,1.066646933555603,0.09904646873474121,0.6093538999557495,0.837456576971225,True,True,True,True,True
11,03010655,0.5540081262588501,0.2654908299446106,0.5638408660888672,0.644003039005943,0.4850629255608585,1.4176499843597412,1.4019355773925781,0.9324718713760376,0.7708743214607239,-0.00983273983001709,0.2885172963142395,1.0340802439078305,True,True,True,True,True
11,03011800,0.6087180972099304,0.4270464777946472,0.48685258626937866,0.7192801514551665,0.44481554901567333,1.421101689338684,1.6274263858795166,0.993837833404541,0.7388133406639099,0.12186551094055176,0.1816716194152832,0.32919896166071294,True,True,False,False,True
11,03015500,0.5061638355255127,0.4047551155090332,0.5047543048858643,0.47744834234599265,0.37867722062015463,1.901553750038147,1.9042655229568481,0.7713578939437866,0.6756259799003601,0.0014095306396484375,0.10140872001647949,0.986100498661068,True,True,True,True,True
11,03021350,0.3989338278770447,0.3818013668060303,0.3928563594818115,0.264291159445597,0.26702337933852094,3.2547214031219482,3.271134376525879,0.6130180358886719,0.6399131417274475,0.006077468395233154,0.017132461071014404,,False,False,True,False,True
11,03026500,0.5898264646530151,0.41607779264450073,0.5208523273468018,0.7186247890337996,0.47582130229082964,1.475401759147644,1.5946344137191772,0.9882640242576599,0.776104748249054,0.06897413730621338,0.1737486720085144,0.6030235137403908,True,True,True,False,True
11,03028000,0.6061127185821533,0.5325695276260376,0.4844211935997009,0.6358883548141692,0.3834787862416762,1.588770866394043,1.8177025318145752,0.8774621486663818,0.666437029838562,0.12169152498245239,0.07354319095611572,-0.6546946549418486,True,True,False,False,False
11,03049000,0.4911324977874756,-0.00251924991607666,0.5463382005691528,0.5387702475820497,0.7413708021566401,1.5833395719528198,1.4949884414672852,1.396131157875061,1.112177848815918,-0.055205702781677246,0.49365174770355225,1.111831271819642,False,True,True,True,True
11,03049800,0.2811022996902466,-0.01235044002532959,0.287988543510437,0.385106163197545,0.32500082616332493,2.688839912414551,2.675930976867676,1.2169733047485352,1.2537317276000977,-0.00688624382019043,0.29345273971557617,1.0234662788524818,False,True,True,True,True
11,03050000,0.48339200019836426,0.43245673179626465,0.4747302532196045,0.46193326345547314,0.4592041290601173,2.2490286827087402,2.2678046226501465,0.7814445495605469,0.7997530102729797,0.008661746978759766,0.05093526840209961,0.8299459833924676,False,True,True,True,True
11,03069500,0.4923054575920105,0.6206629276275635,0.48737090826034546,0.44671784843574247,0.3923268535539558,2.278186798095703,2.289231538772583,0.7260087728500366,0.6707209944725037,0.004934549331665039,-0.12835747003555298,,False,False,True,False,False
11,03070500,0.5288755297660828,0.5405054092407227,0.49013012647628784,0.48601822960078267,0.3952627939046881,2.104796886444092,2.189636707305908,0.6838424801826477,0.6465119123458862,0.03874540328979492,-0.011629879474639893,,True,False,True,False,False
11,03076600,0.5155516862869263,0.18365854024887085,0.4977555274963379,0.728390270564992,0.6984205862165519,1.9474835395812988,1.9829312562942505,1.142289400100708,0.8497931957244873,0.01779615879058838,0.3318931460380554,0.94637985447115,True,True,True,True,True
11,03078000,0.6174525022506714,0.47015029191970825,0.5692713260650635,0.75271688958346,0.6726967488028683,1.7835161685943604,1.892501711845398,0.8735249042510986,0.8270384669303894,0.04818117618560791,0.14730221033096313,0.6729093468634791,True,True,True,False,True
11,03140000,0.4258444905281067,-0.16460609436035156,0.6198456287384033,0.41556871806433837,0.607821062532199,1.5608243942260742,1.270045518875122,0.7460559010505676,0.8675255179405212,-0.19400113821029663,0.5904505848884583,1.3285645626838447,False,True,True,True,True
11,03144000,0.48549187183380127,0.01679670810699463,0.5993311405181885,0.3950186031297128,0.5165712471583338,1.7983709573745728,1.5869964361190796,0.7488254308700562,0.859268069267273,-0.11383926868438721,0.46869516372680664,1.2428855202584124,False,True,True,True,True
11,03170000,0.2529727816581726,-0.932960033416748,0.3101678490638733,0.566881689254086,0.6365095661533214,0.9970950484275818,0.9581645131111145,1.2693912982940674,1.1836241483688354,-0.057195067405700684,1.1859328150749207,1.0482279153411296,False,True,True,True,True
11,03173000,0.45813649892807007,0.22228652238845825,0.5836862325668335,0.4777498841634037,0.65265146891658,1.1883655786514282,1.0416346788406372,0.8527070879936218,0.9353256821632385,-0.12554973363876343,0.23584997653961182,1.5323287942650141,False,True,True,True,True
11,03180500,0.58564293384552,0.5010477304458618,0.5786393880844116,0.5556292478472102,0.5773254809670109,1.8595997095108032,1.8752496242523193,0.7252693772315979,0.770465075969696,0.0070035457611083984,0.0845952033996582,0.9172110772283255,True,True,True,True,True
11,03182500,0.585620105266571,0.519460916519165,0.5723069310188293,0.5868477420743445,0.5411075832572974,1.7309156656265259,1.7585012912750244,0.9262311458587646,0.8719578385353088,0.0133131742477417,0.066159188747406,0.7987705940807249,True,True,True,False,True
11,03186500,0.4752007722854614,0.6212047934532166,0.5495753884315491,0.38519237451029675,0.48103960278086055,2.7279739379882812,2.527287721633911,0.6100615859031677,0.7023229002952576,-0.07437461614608765,-0.14600402116775513,,False,False,True,False,False
11,03237280,0.09809613227844238,0.18685108423233032,0.28354811668395996,-0.17575941897716274,0.21800812892789767,3.106938123703003,2.7691469192504883,0.24812600016593933,0.8054363131523132,-0.18545198440551758,-0.08875495195388794,,False,False,True,False,True
11,03237500,0.36928820610046387,0.26751792430877686,0.5377103090286255,0.2784486352699592,0.44443247659100027,2.3044228553771973,1.972894310951233,0.7157074809074402,0.7864360809326172,-0.16842210292816162,0.10177028179168701,2.654924207372284,False,True,True,True,True
11,03238500,0.4387643337249756,0.3442574739456177,0.5662415623664856,0.3315780745345682,0.5407121652641393,2.7331857681274414,2.402815818786621,0.6308635473251343,0.9891341924667358,-0.12747722864151,0.09450685977935791,2.3488674678126746,False,True,True,True,True
11,03241500,0.7609720826148987,-0.6124693155288696,0.6546932458877563,0.8275038167219217,0.8295747391652833,1.0945641994476318,1.315586805343628,0.8928156495094299,0.9987403154373169,0.10627883672714233,1.3734413981437683,0.922618586515027,True,True,False,True,True
11,03280700,0.42554348707199097,0.26258325576782227,0.42231935262680054,0.3205413435184643,0.4278929302474961,2.4167909622192383,2.4235637187957764,0.7091243267059326,1.128783106803894,0.0032241344451904297,0.1629602313041687,0.980215206990149,False,True,True,True,True
11,03281500,0.2308536171913147,0.3430284857749939,0.456587553024292,0.012789024000326332,0.4132098976850366,2.463994026184082,2.0710947513580322,0.3815826177597046,0.8918063044548035,-0.2257339358329773,-0.1121748685836792,,False,False,True,False,True
11,03285000,0.5491844415664673,0.3636847734451294,0.47354525327682495,0.47914673496881555,0.36061663629035634,2.2803359031677246,2.4642224311828613,0.9361089468002319,0.7472764849662781,0.07563918828964233,0.1854996681213379,0.5922408430393218,True,True,True,False,True
11,03291780,0.5657591223716736,0.3502621650695801,0.577734112739563,0.6135743893139376,0.564962412390361,2.663677215576172,2.626692533493042,1.0465319156646729,1.010271430015564,-0.011974990367889404,0.2154969573020935,1.0555691853741689,True,True,True,True,True
11,03338780,0.4388124942779541,-0.243566632270813,0.5004007816314697,0.15369963573496181,0.6871709536507355,1.8213552236557007,1.7185078859329224,0.3074969947338104,0.8141167759895325,-0.061588287353515625,0.6823791265487671,1.0902552334286768,False,True,True,True,True
11,03340800,0.7235379219055176,-0.09658622741699219,0.7083082795143127,0.6846400586302823,0.8112266929675993,1.4984986782073975,1.539219856262207,0.7469541430473328,0.9454166293144226,0.015229642391204834,0.8201241493225098,0.9814300768928877,True,True,True,True,True
11,03346000,0.615659236907959,-0.12741303443908691,0.4522930383682251,0.4075250872418451,0.5742065133036198,2.047999143600464,2.4448132514953613,0.5446978807449341,1.2738789319992065,0.1633661985397339,0.7430722713470459,0.7801476318802979,True,True,False,False,True
11,03366500,0.7713272571563721,0.31191158294677734,0.7723031044006348,0.6953373738401737,0.7288558953675803,1.8858656883239746,1.8818376064300537,1.11484956741333,1.049943447113037,-0.0009758472442626953,0.4594156742095947,1.0021241052472614,True,True,True,True,True
11,03368000,0.47300606966018677,0.28166210651397705,0.4441543221473694,0.46274624275749254,0.44115144715901367,3.6656978130340576,3.764704942703247,0.8963709473609924,0.9662562608718872,0.028851747512817383,0.19134396314620972,0.8492152716060805,False,True,True,True,True
11,03384450,0.3369590640068054,0.3582364320755005,0.48645126819610596,0.15672298420852482,0.4203744801809226,3.82798171043396,3.3689184188842773,0.5520133376121521,0.9850268959999084,-0.14949220418930054,-0.02127736806869507,,False,False,True,False,True
11,03439000,0.31774044036865234,-0.17600393295288086,0.1367393136024475,0.491386753106261,0.4382518924685892,2.4654414653778076,2.773261547088623,1.2164888381958008,1.179791808128357,0.18100112676620483,0.4937443733215332,0.6334112618872633,False,True,False,False,True
11,03456500,0.6908963918685913,0.5361937284469604,0.5877599716186523,0.7296232897110182,0.5571879064589561,2.125725269317627,2.4548797607421875,0.9975449442863464,0.8852455615997314,0.10313642024993896,0.15470266342163086,0.33332485705919523,True,True,False,False,True
11,03460000,-0.10542857646942139,-0.7872614860534668,0.4778364300727844,0.23984522952112663,0.6850225748476557,1.9707322120666504,1.3544580936431885,1.6508272886276245,1.1857703924179077,-0.5832650065422058,0.6818329095840454,1.8554368648735784,False,True,True,True,True
11,03463300,0.6151107549667358,0.6474196910858154,0.5791751146316528,0.49271200707717,0.4893783249181669,3.7446606159210205,3.9155726432800293,0.8153841495513916,0.8697492480278015,0.03593564033508301,-0.03230893611907959,,True,False,True,False,False
11,03471500,0.25688302516937256,-0.43884968757629395,0.4446682929992676,0.41732636614375074,0.6882222947807141,1.2990167140960693,1.122955083847046,1.500771164894104,1.0340577363967896,-0.18778526782989502,0.6957327127456665,1.2699100737822318,False,True,True,True,True
11,03473000,0.15703940391540527,-0.4139314889907837,0.5752465724945068,0.3718355644277598,0.7593174940356612,1.3757461309432983,0.976569414138794,1.5462915897369385,1.0276963710784912,-0.41820716857910156,0.570970892906189,1.7324491909744573,False,True,True,True,True
11,03479000,0.6472965478897095,0.4178032875061035,0.5686430931091309,0.6256258895578701,0.5113749117962012,1.7462472915649414,1.9311645030975342,1.2103588581085205,1.0686532258987427,0.07865345478057861,0.22949326038360596,0.657273356746483,True,True,True,False,True
11,03488000,0.4732048511505127,0.3398454189300537,0.6001509428024292,0.4739686846686346,0.6803083527383922,1.461001992225647,1.2728520631790161,0.9265914559364319,0.9896130561828613,-0.1269460916519165,0.13335943222045898,1.9519093590775007,False,True,True,True,True
11,03498500,0.3131343722343445,-0.14315009117126465,0.6045410633087158,0.20461512936971304,0.7755056661497663,2.2269084453582764,1.6897293329238892,1.7306045293807983,1.0922284126281738,-0.29140669107437134,0.45628446340560913,1.638651355558711,False,True,True,True,True
11,03500000,-0.10276269912719727,-1.4961140155792236,-0.33709728717803955,0.23843912681983048,0.16201162153042992,2.1460840702056885,2.3631277084350586,1.341147541999817,1.2521440982818604,0.23433458805084229,1.3933513164520264,0.8318194519329537,False,True,False,True,True
11,03500240,0.5145338773727417,-1.2813994884490967,-0.0066269636154174805,0.6369013782866645,0.36113162461650994,1.4074199199676514,2.026648759841919,1.0238784551620483,1.2453588247299194,0.5211608409881592,1.7959333658218384,0.7098105915807904,True,True,False,False,True
11,03504000,0.4806417226791382,0.1376967430114746,0.4547465443611145,0.6747880711635602,0.6121162378421554,1.9808831214904785,2.02966570854187,0.7823393940925598,0.7091754078865051,0.02589517831802368,0.3429449796676636,0.924491741085938,False,True,True,True,True
11,03574500,0.43775874376296997,0.2592077851295471,0.4655936360359192,0.3747115092932337,0.4927137738156516,3.0078415870666504,2.9324417114257812,1.411628007888794,0.9685553312301636,-0.02783489227294922,0.17855095863342285,1.1558932670313808,False,True,True,True,True
11,03592718,0.39550626277923584,0.01469510793685913,0.3347017168998718,0.4865712140137177,0.3923759634308821,2.8585686683654785,2.9988925457000732,0.8131207227706909,1.0472798347473145,0.060804545879364014,0.3808111548423767,0.8403288740201639,False,True,True,True,True
11,03604000,0.409635066986084,0.3611453175544739,0.42047119140625,0.3771597139362063,0.4117612931198451,2.915761709213257,2.888878345489502,0.7283320426940918,1.0657176971435547,-0.010836124420166016,0.04848974943161011,,False,False,True,False,True
11,04015330,0.5519441962242126,0.3252507448196411,0.5795419216156006,0.4858797783665223,0.5538066125126341,1.4836796522140503,1.437260389328003,0.8058229088783264,1.055165410041809,-0.02759772539138794,0.22669345140457153,1.1217402850430616,True,True,True,True,True
11,04027000,0.6778683066368103,-0.048404574394226074,0.6150745153427124,0.7787102794404908,0.35198279336543914,0.955622136592865,1.0446187257766724,1.1260795593261719,1.6256362199783325,0.0627937912940979,0.7262728810310364,0.9135396722992684,True,True,True,True,True
11,04040500,0.43520987033843994,-0.0426408052444458,0.6203948855400085,0.23538945073800177,0.7631411736909056,1.311379075050354,1.0751045942306519,1.6766437292099,1.082749605178833,-0.1851850152015686,0.47785067558288574,1.3875374142260626,False,True,True,True,True
11,04043050,0.3498452305793762,0.08970928192138672,0.4872261881828308,0.33643468494514517,0.4707887760038044,1.8741414546966553,1.6643970012664795,0.6186826825141907,0.9362281560897827,-0.1373809576034546,0.2601359486579895,1.5281121594773297,False,True,True,True,True
11,04045500,-5.132624626159668,-5.114336013793945,-6.321213722229004,-0.9461455545382724,-1.03795965285255,2.557959794998169,2.794872760772705,2.3122918605804443,1.5041550397872925,1.188589096069336,-0.018288612365722656,,False,False,False,False,False
11,04057510,-11.233641624450684,-11.132922172546387,-9.08303165435791,-1.8827292743588373,-1.535869488158835,2.9695329666137695,2.6959128379821777,2.545621871948242,1.9233695268630981,-2.1506099700927734,-0.10071945190429688,,False,False,True,False,True
11,04057800,0.1746785044670105,-0.4587963819503784,0.4951707124710083,0.15963846575415497,0.6169846059378868,1.4799052476882935,1.157429575920105,1.6806187629699707,1.297730803489685,-0.3204922080039978,0.6334748864173889,1.5059272512230728,False,True,True,True,True
11,04059500,-1.9655992984771729,-3.238729953765869,-1.0689494609832764,-0.8212194130007642,-0.2828740954824984,1.6336644887924194,1.3645251989364624,2.5226247310638428,1.9876735210418701,-0.8966498374938965,1.2731306552886963,1.704287367340606,False,True,True,True,True
11,04063700,-6.561662197113037,-9.082334518432617,-2.809574842453003,-1.7150020381798279,-0.6669071965803754,1.991973638534546,1.4138821363449097,3.0842411518096924,2.0387444496154785,-3.752087354660034,2.52067232131958,2.4885264232583015,False,True,True,True,True
11,04074950,-11.18332290649414,-24.261829376220703,-7.670701026916504,-2.0923094161302447,-1.4767488144272929,1.5459678173065186,1.304201364517212,1.8418644666671753,1.8365509510040283,-3.5126218795776367,13.078506469726562,1.2685797409443096,False,True,True,True,True
11,04105700,-11.97241497039795,-22.878936767578125,-8.658106803894043,-2.109172147230482,-1.7662387996319762,1.7075245380401611,1.4733386039733887,1.6496671438217163,1.366381287574768,-3.3143081665039062,10.906521797180176,1.303883146995663,False,True,True,True,True
11,04115265,-14.343634605407715,-20.3843994140625,-5.740476608276367,-2.388915432435022,-1.2409215622343313,2.0104763507843018,1.3325397968292236,2.423290729522705,1.7794809341430664,-8.603157997131348,6.040764808654785,2.424183571061291,False,True,True,True,True
11,04122200,-7.577327728271484,-14.255675315856934,-3.1767163276672363,-1.3553755142783466,-0.6450607430922375,1.514197587966919,1.0566326379776,1.6470515727996826,1.3473471403121948,-4.400611400604248,6.678347587585449,1.6589371611601433,False,True,True,True,True
11,04122500,-11.246495246887207,-19.679319381713867,-4.174064636230469,-1.9009166564521647,-0.7778684961510847,1.6913882493972778,1.0993938446044922,1.5243078470230103,1.3397245407104492,-7.072430610656738,8.43282413482666,1.8386787744627993,False,True,True,True,True
11,04127918,-3.35225248336792,-3.8279380798339844,-1.4844086170196533,-0.9389414204265083,-0.29529409984758637,2.260857343673706,1.7081563472747803,2.592902660369873,1.6916694641113281,-1.8678438663482666,0.47568559646606445,4.926635324308204,False,True,True,True,True
11,04127997,-25.77745246887207,-39.587894439697266,-12.893896102905273,-3.3252256310445185,-2.2026625614148014,1.4139752388000488,1.0185191631317139,1.693663477897644,1.3465884923934937,-12.883556365966797,13.810441970825195,1.9328851598800052,False,True,True,True,True
11,04161580,-6.121365070343018,-12.436702728271484,-3.429957389831543,-1.3506283790069076,-0.7094944821621156,1.7560248374938965,1.3849968910217285,2.3401434421539307,1.820338487625122,-2.6914076805114746,6.315337657928467,1.4261700365510306,False,True,True,True,True
11,04185000,0.40802139043807983,-1.3375129699707031,-0.04016125202178955,0.5864479912363738,0.5281835818349525,1.0859135389328003,1.439436674118042,0.6888844966888428,0.942157506942749,0.4481826424598694,1.745534360408783,0.7432404353501753,False,True,False,False,True
11,04196800,0.33994060754776,-0.31719207763671875,0.3876262903213501,0.1878460798761995,0.448333043642954,1.8685102462768555,1.7997503280639648,0.45529356598854065,0.9202888011932373,-0.04768568277359009,0.6571326851844788,1.0725662926965855,False,True,True,True,True
11,04197100,0.46402883529663086,-0.38179290294647217,0.5473942756652832,0.19900641936986818,0.7306451220654735,1.7048314809799194,1.566645622253418,0.38174787163734436,1.0840123891830444,-0.08336544036865234,0.845821738243103,1.0985614776723696,False,True,True,True,True
11,04197170,0.503485918045044,0.19925934076309204,0.6253267526626587,0.25843877582641206,0.5728126396783386,2.1055848598480225,1.8290824890136719,0.5357409119606018,1.0669503211975098,-0.12184083461761475,0.3042265772819519,1.4004937231525791,True,True,True,True,True
11,04213000,0.38334983587265015,0.1486082673072815,0.3684307336807251,0.34203864927889316,0.31521043382253344,2.3554863929748535,2.38381028175354,0.8218642473220825,0.7709753513336182,0.014919102191925049,0.23474156856536865,0.936444566324134,False,True,True,True,True
11,04213075,0.19666147232055664,-0.2049417495727539,0.34490978717803955,0.25712528754555386,0.3557128638089746,2.5406558513641357,2.294283628463745,0.6486005783081055,0.9286642670631409,-0.1482483148574829,0.40160322189331055,1.3691412488141501,False,True,True,True,True
11,04216418,0.5101984739303589,0.2276080846786499,0.5067082643508911,0.46447409422334585,0.5592598856174387,1.6367135047912598,1.642534613609314,0.6477863788604736,0.7894077301025391,0.0034902095794677734,0.282590389251709,0.9876492276021497,True,True,True,True,True
11,04221000,0.5786303877830505,0.19096320867538452,0.5858725309371948,0.6791098883822597,0.5562330321362949,1.3002707958221436,1.2890483140945435,1.0638659000396729,0.840792715549469,-0.007242143154144287,0.387667179107666,1.018681341997572,True,True,True,True,True
11,04224775,0.5055173635482788,-0.30413830280303955,0.5272992849349976,0.6314801878121474,0.5968967206915359,1.2728465795516968,1.2444965839385986,1.2582314014434814,1.298256278038025,-0.02178192138671875,0.8096556663513184,1.026902697395892,True,True,True,True,True
11,04233000,0.5880550146102905,-0.12243390083312988,0.5204426050186157,0.6641816068021305,0.7032555384293877,1.0557936429977417,1.1391469240188599,0.9962018132209778,1.1166566610336304,0.0676124095916748,0.7104889154434204,0.9048367847519796,True,True,True,True,True
11,04256000,0.38511937856674194,0.16579002141952515,0.46463942527770996,0.5877186342500442,0.5232895076999174,2.0216445922851562,1.886394739151001,1.2062275409698486,0.9675424098968506,-0.07952004671096802,0.2193293571472168,1.362559977128794,False,True,True,True,True
11,04296000,-0.07580673694610596,-0.10274183750152588,0.507303774356842,0.22325834284624613,0.6703687537888723,2.235111951828003,1.51259183883667,1.6215959787368774,1.0544930696487427,-0.583110511302948,0.026935100555419922,,False,False,True,False,True
11,05057200,-4.138797760009766,-10.233091354370117,-1.1942813396453857,-2.721035394337771,-0.7153185253411176,1.1116739511489868,0.7264283895492554,4.406124114990234,2.5110957622528076,-2.94451642036438,6.094293594360352,1.483159594261955,False,True,True,True,True
11,05120500,-61.41657638549805,-85.1431884765625,-39.01184844970703,-8.870806858869214,-6.515864499526333,1.9326726198196411,1.5474001169204712,7.764247417449951,6.0309882164001465,-22.404727935791016,23.726612091064453,1.9442868560332192,False,True,True,True,True
11,05291000,-0.5289454460144043,-3.9330053329467773,-0.5579842329025269,-0.11253877906656262,-0.49034424226221973,1.0290312767028809,1.03875732421875,1.9060863256454468,2.3653085231781006,0.02903878688812256,3.404059886932373,0.9914693666231909,False,True,True,True,True
11,05362000,0.011157691478729248,-0.732979416847229,0.6086429357528687,-0.17961323247677674,0.5443391894020246,1.6844404935836792,1.0596897602081299,2.1247076988220215,1.4186546802520752,-0.5974852442741394,0.7441371083259583,1.8029235978007696,False,True,True,True,True
11,05393500,0.45190900564193726,-0.00659489631652832,0.5394617319107056,0.273761208395908,0.47108530422160766,1.523707628250122,1.3967161178588867,1.6551319360733032,1.0737097263336182,-0.08755272626876831,0.4585039019584656,1.1909530669091217,False,True,True,True,True
11,05399500,0.4383121132850647,0.13622719049453735,0.512903094291687,0.1252698586207167,0.3921235737773995,1.7359169721603394,1.6165497303009033,1.7529735565185547,1.4889072179794312,-0.07459098100662231,0.30208492279052734,1.2469205689498957,False,True,True,True,True
11,05408000,-0.5272055864334106,-2.340176582336426,0.2969396710395813,0.15291550505897422,0.6573010552587122,1.3124808073043823,0.8905134797096252,1.5488393306732178,0.9025501012802124,-0.8241452574729919,1.8129709959030151,1.4545827039348178,False,True,True,True,True
11,05413500,-0.07507240772247314,-1.5508363246917725,0.21134495735168457,0.4333004170736463,0.43788411745011535,1.0552135705947876,0.9037848114967346,1.1970996856689453,0.5329490303993225,-0.2864173650741577,1.4757639169692993,1.1940807481337248,False,True,True,True,True
11,05414000,0.04732125997543335,-1.027397632598877,0.12963002920150757,0.562373953764268,0.3798005865449795,1.2530828714370728,1.1977287530899048,1.066681981086731,0.5588594675064087,-0.08230876922607422,1.0747188925743103,1.0765863239166824,False,True,True,True,True
11,05444000,0.08260613679885864,-4.8701887130737305,-0.4798628091812134,0.4567464205498686,0.36533051401488126,1.218843936920166,1.5480356216430664,0.6312161087989807,1.107823133468628,0.562468945980072,4.952794849872589,0.8864340310815536,False,True,False,True,True
11,05454000,0.642568051815033,-0.9757872819900513,0.5196355581283569,0.7344782508756449,0.6193637891261985,1.1741684675216675,1.3611911535263062,0.8660693168640137,1.0921820402145386,0.12293249368667603,1.6183553338050842,0.9240386266731444,True,True,False,True,True
11,05458000,-0.27096736431121826,-1.9828834533691406,0.01142430305480957,0.25613622817940973,0.5332580987699099,2.1052651405334473,1.8567122220993042,1.511438250541687,1.1472021341323853,-0.28239166736602783,1.7119160890579224,1.1649564889137936,False,True,True,True,True
11,05466500,0.4027928113937378,-2.188830614089966,-0.8335316181182861,0.46655380743189645,0.2539763387220435,1.1233023405075073,1.9682412147521973,0.5393617749214172,1.1242173910140991,1.236324429512024,2.5916234254837036,0.5229536755397729,False,True,False,False,True
11,05487980,0.4038262367248535,0.13758105039596558,0.5365079641342163,0.30104838546050106,0.5207421494767305,1.9241899251937866,1.6966124773025513,0.6553815603256226,0.8405280113220215,-0.1326817274093628,0.26624518632888794,1.4983441362408836,False,True,True,True,True
11,05488200,0.46244627237319946,0.1568778157234192,0.48269736766815186,0.4643276895015408,0.4589099359259353,2.2157297134399414,2.1735928058624268,0.8326893448829651,0.9441000819206238,-0.020251095294952393,0.3055684566497803,1.066273513689807,False,True,True,True,True
11,05489000,0.43099600076675415,0.2010175585746765,0.4817129969596863,0.36538575016090813,0.4395276693467801,2.117706060409546,2.021125078201294,0.7659740447998047,0.8625254034996033,-0.05071699619293213,0.22997844219207764,1.2205293492273217,False,True,True,True,True
11,05495000,0.5085244178771973,0.1737607717514038,0.4815651774406433,0.3656180531921125,0.4742799098535242,1.9242366552352905,1.97630774974823,0.6388270854949951,0.829677164554596,0.026959240436553955,0.33476364612579346,0.9194678372381464,True,True,True,True,True
11,05495500,0.6083959341049194,0.005480349063873291,0.57783043384552,0.40204374709151214,0.5920356482171028,1.7192771434783936,1.7851130962371826,0.6218078136444092,1.0280975103378296,0.030565500259399414,0.6029155850410461,0.9493038478059602,True,True,True,True,True
11,05501000,0.7098063826560974,0.1680612564086914,0.5668842196464539,0.6407989142276447,0.529861921382859,1.6205741167068481,1.979825735092163,1.1050468683242798,1.1937049627304077,0.14292216300964355,0.541745126247406,0.7361819127019273,True,True,False,False,True
11,05503800,0.46268194913864136,0.15126371383666992,0.6664713621139526,0.20954839322585406,0.6132774199289432,2.298680543899536,1.8110458850860596,0.44281384348869324,1.2590876817703247,-0.20378941297531128,0.31141823530197144,1.6543913935473424,False,True,True,True,True
11,05507600,0.3086240291595459,0.4419562816619873,0.5337154865264893,-0.02302654551587091,0.41963321231435335,3.497274160385132,2.8720901012420654,0.31678271293640137,1.1376912593841553,-0.22509145736694336,-0.1333322525024414,,False,False,True,False,True
11,05508805,0.480721116065979,0.39933866262435913,0.5313727855682373,0.3736927894926376,0.4617477002971432,2.3325042724609375,2.215827226638794,0.7596616744995117,1.1499698162078857,-0.0506516695022583,0.08138245344161987,1.622390544401485,False,True,True,True,True
11,05525500,0.426141619682312,-1.337524652481079,0.01165914535522461,0.29555035679189,0.5517444200188505,1.5604270696640015,2.047832727432251,0.4265936613082886,1.0715206861495972,0.4144824743270874,1.7636662721633911,0.7649881494764512,False,True,False,False,True
11,05556500,0.5811123847961426,-1.5104968547821045,0.22535240650177002,0.41839351753310017,0.5464849348223373,1.224771499633789,1.6655528545379639,0.49059271812438965,1.277976393699646,0.35575997829437256,2.091609239578247,0.8299108783980568,True,True,False,True,True
11,05584500,0.4275957942008972,-1.2300662994384766,-0.08250463008880615,0.4640412111073471,0.46040465413628184,1.5441240072250366,2.1234676837921143,0.6261960864067078,1.114801287651062,0.5101004242897034,1.6576620936393738,0.6922771979603002,False,True,False,False,True
11,05591550,0.5487315654754639,0.0626794695854187,0.5872663855552673,0.1925618647416356,0.6595550478710579,1.933632493019104,1.8492319583892822,0.3427339792251587,0.9315568804740906,-0.03853482007980347,0.48605209589004517,1.079281254840059,True,True,True,True,True
11,05592050,0.6099667549133301,0.029139697551727295,0.6378061771392822,0.327175827339785,0.6895205097737915,1.7338180541992188,1.6707953214645386,0.48660847544670105,1.0737892389297485,-0.02783942222595215,0.5808270573616028,1.0479306565923638,True,True,True,True,True
11,05592575,0.5756868124008179,0.2108287811279297,0.5402688980102539,0.5267345746668757,0.47788697778803313,2.2537894248962402,2.3459677696228027,0.850814938545227,1.2557458877563477,0.035417914390563965,0.3648580312728882,0.9029268609848036,True,True,True,True,True
11,05593575,0.36638176441192627,0.17251718044281006,0.6441115736961365,0.056175297463848306,0.5381285893618712,2.4638311862945557,1.846520185470581,0.34423694014549255,1.0992863178253174,-0.2777298092842102,0.1938645839691162,2.432596937501768,False,True,True,True,True
11,05593900,0.2782171368598938,0.33188098669052124,0.5313666462898254,-0.040774891202823405,0.44207907028653004,3.2022833824157715,2.5803170204162598,0.27318939566612244,1.040917158126831,-0.25314950942993164,-0.05366384983062744,,False,False,True,False,True
11,05595730,0.6798478364944458,0.26093119382858276,0.5951272249221802,0.5148791704307911,0.4721158786131816,2.1630923748016357,2.432518482208252,0.819450855255127,1.1667817831039429,0.08472061157226562,0.41891664266586304,0.7977626025236705,True,True,True,False,True
11,06221400,0.10494500398635864,0.3666841387748718,0.3473629951477051,0.029544892594787764,0.2693034203910004,1.8048309087753296,1.5411591529846191,0.3796972334384918,0.4973154366016388,-0.24241799116134644,-0.2617391347885132,,False,False,True,False,False
11,06224000,0.2983373999595642,0.4962945580482483,0.43653613328933716,0.18727700893660526,0.3258239184433196,1.5334059000015259,1.3741241693496704,0.4406576156616211,0.5147375464439392,-0.13819873332977295,-0.19795715808868408,,False,False,True,False,False
11,06278300,0.0872160792350769,0.17318826913833618,0.6167090535163879,0.08693976020509908,0.5503237220041395,2.728264331817627,1.7679368257522583,0.6311279535293579,0.8961558938026428,-0.529492974281311,-0.08597218990325928,,False,False,True,False,True
11,06289000,-0.3684558868408203,-0.0026781558990478516,-0.12572455406188965,-0.20619129410315296,0.03243079498456014,1.0067323446273804,0.913092315196991,0.25992611050605774,0.31011253595352173,-0.24273133277893066,-0.36577773094177246,,False,False,True,False,False
11,06311000,0.5510141253471375,0.3988003134727478,0.5626348853111267,0.5708212312230809,0.5385690875509754,0.7023100852966309,0.6931618452072144,0.898148238658905,1.41301429271698,-0.011620759963989258,0.15221381187438965,1.076344976982634,True,True,True,True,True
11,06332515,-0.09261679649353027,-16.504247665405273,0.004168212413787842,0.22077424508261834,-0.3767260783368507,0.2182239443063736,0.20833462476730347,1.2851992845535278,2.181166410446167,-0.09678500890731812,16.411630868911743,1.0058973425420294,False,True,True,True,True
11,06339100,0.016919076442718506,-3.9608817100524902,0.18520480394363403,0.1995338960994576,0.07157404403461587,0.39719316363334656,0.36160242557525635,1.4115898609161377,1.5978525876998901,-0.16828572750091553,3.9778007864952087,1.0423062230949958,False,True,True,True,True
11,06344600,0.12084907293319702,-2.3034439086914062,0.18232953548431396,0.15448136995789175,0.1473238991717536,0.41874346137046814,0.4038364291191101,1.3266347646713257,1.2550636529922485,-0.06148046255111694,2.4242929816246033,1.025360161918184,False,True,True,True,True
11,06352000,0.4097912907600403,-1.100304126739502,0.4673299193382263,0.2912752516259106,0.34477635532478446,0.365045964717865,0.34679585695266724,0.7686780691146851,0.8859702944755554,-0.057538628578186035,1.5100954174995422,1.038102644317311,False,True,True,True,True
11,06404000,-8.672127723693848,-18.167339324951172,-1.8608503341674805,-4.310213564194765,-1.588374822346125,0.8733375668525696,0.47497275471687317,5.791781425476074,3.3691296577453613,-6.811277389526367,9.495211601257324,1.7173381358478037,False,True,True,True,True
11,06406000,-10.201582908630371,-23.445554733276367,0.06584376096725464,-3.8145234772830054,0.37163235188062627,0.5839571356773376,0.1686362773180008,5.2124738693237305,1.2972100973129272,-10.267426669597626,13.243971824645996,1.775252832423786,False,True,True,True,True
11,06409000,-80.29412078857422,-307.9139709472656,-45.60307312011719,-6.840450470680049,-5.016430674284961,0.666022777557373,0.5042742490768433,3.1301190853118896,2.1496267318725586,-34.69104766845703,227.6198501586914,1.1524078310581052,False,True,True,True,True
11,06431500,-34.06021499633789,-55.73981857299805,-2.308814287185669,-4.29373392972516,-0.2891686569630907,1.1334831714630127,0.34821218252182007,2.094527244567871,0.6925671696662903,-31.75140070915222,21.679603576660156,2.464574783246275,False,True,True,True,True
11,06440200,-1.4148612022399902,-20.132619857788086,-0.1476837396621704,-0.7948199350403868,0.06156682995276497,0.3718428313732147,0.256344735622406,2.5694425106048584,1.633948802947998,-1.2671774625778198,18.717758655548096,1.0676992093923712,False,True,True,True,True
11,06447500,-304.4114685058594,-532.1614379882812,-66.18021392822266,-15.999062356561957,-6.676184179761254,1.1041828393936157,0.517867922782898,9.677902221679688,4.64040994644165,-238.23125457763672,227.74996948242188,2.0460210164639507,False,True,True,True,True
11,06470800,-0.8183510303497314,-2.734201431274414,-0.6843316555023193,-0.47524129374453894,-0.2648952958026056,1.3122282028198242,1.2629445791244507,2.291577100753784,1.9901564121246338,-0.1340193748474121,1.9158504009246826,1.0699529434984736,False,True,True,True,True
11,06477500,-9.078947067260742,-31.572673797607422,-6.658202171325684,-3.5858298146225307,-5.108617668634537,1.2248395681381226,1.0676651000976562,4.920971393585205,6.835298538208008,-2.4207448959350586,22.49372673034668,1.1076186674157995,False,True,True,True,True
11,06479215,-2.9497900009155273,-12.622637748718262,-2.219228506088257,-1.4574505787946306,-1.6831617808560004,1.2229845523834229,1.104103684425354,3.026749610900879,3.4596335887908936,-0.7305614948272705,9.672847747802734,1.0755270333902676,False,True,True,True,True
11,06601000,-1.5495562553405762,-23.861358642578125,-13.066556930541992,0.022875852518111972,-2.276840754252853,0.7268326878547668,1.7072458267211914,0.5956056714057922,2.145075559616089,11.517000675201416,22.31180238723755,0.4838157637238132,False,True,False,False,True
11,06614800,0.5315619707107544,0.5337281227111816,0.6547964215278625,0.5222384859832672,0.5640973623498623,2.2491836547851562,1.9307963848114014,0.955822765827179,0.9652359485626221,-0.12323445081710815,-0.002166152000427246,,True,False,True,False,True
11,06622700,0.6583573818206787,0.6227877140045166,0.7006692886352539,0.6653298911400863,0.6300374850743893,1.5518696308135986,1.4525959491729736,1.2604440450668335,0.8623146414756775,-0.042311906814575195,0.03556966781616211,,True,False,True,False,True
11,06623800,0.6203519701957703,0.5551279187202454,0.7457213401794434,0.6725913310687164,0.7841335195458581,1.692107081413269,1.3848166465759277,1.2662429809570312,1.113806128501892,-0.1253693699836731,0.0652240514755249,2.922134046375784,True,True,True,True,True
11,06632400,0.7108117341995239,0.6722208857536316,0.7890210747718811,0.6789187692425991,0.7683661169105549,1.3022892475128174,1.112337589263916,1.2700865268707275,0.9229041934013367,-0.07820934057235718,0.038590848445892334,,True,False,True,False,True
11,06746095,0.12024998664855957,0.19361084699630737,0.3691897392272949,0.05393477407171643,0.09036051005989398,5.899040222167969,4.995179176330566,0.5388868451118469,0.41984671354293823,-0.24893975257873535,-0.0733608603477478,,False,False,True,False,True
11,06803510,0.31191784143447876,-2.6233534812927246,0.07088571786880493,0.44342514199929317,-0.19206226680434657,0.8871939778327942,1.0309391021728516,0.8197969198226929,2.067293643951416,0.24103212356567383,2.9352713227272034,0.9178842099878769,False,True,False,True,True
11,06803530,0.16036570072174072,-3.310506820678711,0.03516829013824463,0.1736095803680755,-0.24791852766988542,0.9888401627540588,1.0600022077560425,0.5418045520782471,2.173245906829834,0.1251974105834961,3.4708725214004517,0.9639291245035468,False,True,False,True,True
11,06814000,0.11220192909240723,-0.5675779581069946,0.45705801248550415,0.0854654892512885,0.48844123230441616,1.3734252452850342,1.0740504264831543,0.5334325432777405,1.2697445154190063,-0.3448560833930969,0.6797798871994019,1.507305511514699,False,True,True,True,True
11,06847900,-365.4268493652344,-1516.817138671875,-964.0821533203125,-40.78042351563319,-108.00651410437439,0.846879780292511,1.374390959739685,38.909263610839844,106.95391082763672,598.6553039550781,1151.3902893066406,0.48005875200182185,False,True,False,False,True
11,06853800,-2.8381447792053223,-54.85548782348633,-6.095849990844727,-1.7030251386556134,-6.897812572820559,0.7328963875770569,0.9965155720710754,3.332759141921997,8.725631713867188,3.2577052116394043,52.017343044281006,0.9373727103119011,False,True,False,True,True
11,06876700,-0.08510112762451172,-11.252542495727539,-4.792081832885742,0.4053838970461249,-3.3004602461742767,0.2960766553878784,0.6840476989746094,0.8546933531761169,5.067525386810303,4.7069807052612305,11.167441368103027,0.5785085813205583,False,True,False,False,True
11,06878000,0.20965653657913208,-1.3491346836090088,0.30933934450149536,0.033142833001254646,0.037389909742582494,0.7227216362953186,0.6756090521812439,0.4039888083934784,1.8792234659194946,-0.09968280792236328,1.5587912201881409,1.0639487871315647,False,True,True,True,True
11,06879650,0.08972090482711792,-0.5453957319259644,0.12418395280838013,-0.1724885151184219,-0.12678631745635283,1.823285460472107,1.7884377241134644,0.3534447252750397,2.0077850818634033,-0.03446304798126221,0.6351166367530823,1.05426254956483,False,True,True,True,True
11,06885500,0.22823888063430786,-0.5733035802841187,0.40307873487472534,0.1454574698584543,0.3508073631559919,1.3449881076812744,1.1828659772872925,0.5527311563491821,1.4149409532546997,-0.17483985424041748,0.8015424609184265,1.2181292480002641,False,True,True,True,True
11,06888500,0.10084342956542969,0.06876564025878906,0.4318937063217163,-0.22053525732302326,0.5057037017179629,1.7106558084487915,1.3597522974014282,0.22622306644916534,1.2986176013946533,-0.3310502767562866,0.032077789306640625,,False,False,True,False,True
11,06889200,0.08996456861495972,0.10192614793777466,0.2833007574081421,-0.16734115164133967,0.24477315008688072,3.0837466716766357,2.7366421222686768,0.42612409591674805,1.1047742366790771,-0.19333618879318237,-0.011961579322814941,,False,False,True,False,True
11,06889500,0.22449243068695068,0.1139073371887207,0.3779149651527405,0.006983210044112287,0.3620777109014651,2.2858452796936035,2.0472867488861084,0.44877564907073975,1.1535968780517578,-0.1534225344657898,0.11058509349822998,2.3873708436865,False,True,True,True,True
11,06892000,0.4180184602737427,0.0007306337356567383,0.2917501926422119,0.3636194708433791,0.4624948456251906,1.7532634735107422,1.9341306686401367,0.7818174958229065,1.034396767616272,0.12626826763153076,0.41728782653808594,0.6974072580092239,False,True,False,False,True
11,06903400,0.5340627431869507,-0.26174795627593994,0.5038580894470215,0.5270208722457554,0.5511508755781601,1.7415385246276855,1.797100305557251,0.7687512040138245,1.0054373741149902,0.0302046537399292,0.7958106994628906,0.96204542894395,True,True,True,True,True
11,06906800,0.34077519178390503,0.21771901845932007,0.4333499073982239,0.26302348404366993,0.33035179661952485,2.4141008853912354,2.2381858825683594,0.788469672203064,0.7301777601242065,-0.09257471561431885,0.12305617332458496,1.7522963953229291,False,True,True,True,True
11,06910800,0.10871177911758423,0.15324729681015015,0.5053204894065857,-0.25234313240202066,0.3929632072600997,2.265048027038574,1.6874475479125977,0.2005702257156372,1.4388545751571655,-0.39660871028900146,-0.04453551769256592,,False,False,True,False,True
11,06911900,0.08434325456619263,0.1903173327445984,0.487309992313385,-0.313453525778455,0.40031518571900915,2.8053767681121826,2.0991923809051514,0.16620388627052307,1.4055672883987427,-0.4029667377471924,-0.10597407817840576,,False,False,True,False,True
11,06917000,0.44956672191619873,0.48648786544799805,0.5313537120819092,0.2096577785448498,0.3611524625281659,2.5439887046813965,2.347391128540039,0.5870791077613831,0.777353823184967,-0.08178699016571045,-0.036921143531799316,,False,False,True,False,True
11,06918460,0.5378419756889343,-0.896220326423645,0.4157754182815552,0.6706749557110131,0.7001074938338869,1.3017857074737549,1.4636396169662476,0.7563245892524719,0.8892391324043274,0.12206655740737915,1.4340623021125793,0.9148805758107178,True,True,False,True,True
11,06919500,0.5072420835494995,0.03487050533294678,0.47020459175109863,0.5133407141406603,0.4654280709104519,1.5983411073684692,1.6573214530944824,1.2906419038772583,0.8387917280197144,0.03703749179840088,0.47237157821655273,0.9215924634199276,True,True,True,True,True
11,06921070,0.7371419072151184,0.029663681983947754,0.6099695563316345,0.7278192908789123,0.5470812433711951,1.4556639194488525,1.7731672525405884,1.0058070421218872,1.279788851737976,0.1271723508834839,0.7074782252311707,0.8202455618447763,True,True,False,True,True
11,06921200,0.6137411594390869,0.07780838012695312,0.528400182723999,0.5773119643440425,0.3998647317539419,2.102278709411621,2.32293963432312,0.9189850687980652,1.423519253730774,0.08534097671508789,0.5359327793121338,0.8407617895202781,True,True,True,True,True
11,07057500,0.37861520051956177,-0.3723869323730469,0.6780064702033997,0.5834997612746806,0.7906531086502853,1.4451580047607422,1.0403000116348267,1.2670347690582275,0.9423452615737915,-0.2993912696838379,0.7510021328926086,1.3986556849455047,False,True,True,True,True
11,07060710,0.3977651000022888,0.10388875007629395,0.4434964060783386,0.2569433801335056,0.18124391560594233,3.1685574054718018,3.0458786487579346,1.5121643543243408,1.658223032951355,-0.045731306076049805,0.2938763499259949,1.1556141080681248,False,True,True,True,True
11,07066000,0.56001877784729,0.2118433713912964,0.5067510604858398,0.44846246726483097,0.40464316840380365,1.4674376249313354,1.5537303686141968,0.5732848644256592,0.5804479718208313,0.053267717361450195,0.34817540645599365,0.8470089605016867,True,True,True,True,True
11,07083000,0.7289714813232422,0.6483063697814941,0.7546198964118958,0.701860135680207,0.7497583457879919,0.8113342523574829,0.7719905972480774,1.252434253692627,1.1491482257843018,-0.025648415088653564,0.08066511154174805,1.3179616887454408,True,True,True,True,True
11,07142300,-312.93023681640625,-631.685546875,-112.45509338378906,-32.11742262409438,-18.91680171285283,1.4747283458709717,0.8865585923194885,30.819072723388672,19.082538604736328,-200.4751434326172,318.75531005859375,1.6289311490866325,False,True,True,True,True
11,07145700,0.3622892498970032,0.4582560062408447,0.425076425075531,0.2552385015578048,0.3503118571781414,2.0920181274414062,1.9863630533218384,0.6319091320037842,1.1839649677276611,-0.06278717517852783,-0.09596675634384155,,False,False,True,False,False
11,07167500,0.22875875234603882,0.49578261375427246,0.5453609228134155,-0.07984945557437428,0.4700372907530448,4.346187591552734,3.3369271755218506,0.3059932291507721,1.0079654455184937,-0.3166021704673767,-0.26702386140823364,,False,False,True,False,True
11,07180500,0.20846915245056152,0.33128905296325684,0.3333214521408081,-0.12132018140402834,0.2841058548850325,2.710797071456909,2.4878334999084473,0.2570716440677643,1.3913419246673584,-0.12485229969024658,-0.12281990051269531,,False,False,True,False,True
11,07184000,0.23915475606918335,0.36144495010375977,0.357697069644928,-0.0485158300284485,0.22266673123649816,3.446930408477783,3.1670455932617188,0.35847973823547363,0.6938700675964355,-0.11854231357574463,-0.12229019403457642,,False,False,True,False,False
11,07195800,0.44001829624176025,-1.8976798057556152,0.11994397640228271,0.6531311209299818,0.4544180752564917,1.437272310256958,1.8018029928207397,0.7808681130409241,1.3805315494537354,0.32007431983947754,2.3376981019973755,0.8630814134784984,False,True,False,True,True
11,07196900,0.3639203906059265,0.11393678188323975,0.4023236036300659,0.4435143265593292,0.282704905498237,2.6003129482269287,2.520594358444214,1.2185667753219604,0.6239397525787354,-0.038403213024139404,0.24998360872268677,1.1536229244003797,False,True,True,True,True
11,07197000,0.5702652335166931,0.09343218803405762,0.5657224655151367,0.5670894784819184,0.42970172384623584,1.6191282272338867,1.6276637315750122,0.9980297684669495,0.6934996843338013,0.0045427680015563965,0.4768330454826355,0.9904730428299944,True,True,True,True,True
11,07261000,0.5577602386474609,0.5195717215538025,0.5122050046920776,0.3217530506469629,0.38057718099810156,2.5747721195220947,2.704136371612549,1.5779287815093994,0.806943953037262,0.0455552339553833,0.03818851709365845,,True,False,True,False,False
11,07263295,0.2520027756690979,0.460161030292511,0.3778786063194275,0.054290579100058745,0.3072482562565878,4.512208938598633,4.115065574645996,0.48968756198883057,1.045148491859436,-0.1258758306503296,-0.20815825462341309,,False,False,True,False,False
11,07291000,0.38973015546798706,0.11804813146591187,0.3525892496109009,0.4120470917713238,0.13964901916762673,4.0864434242248535,4.208957195281982,1.1027045249938965,1.6011667251586914,0.03714090585708618,0.2716820240020752,0.8632927371860183,False,True,True,True,True
11,07299670,-0.039626479148864746,-7.090105056762695,-0.4463855028152466,-0.6467845586115752,-0.6266631923594594,0.37432166934013367,0.4415179193019867,0.022954752668738365,2.511101007461548,0.40675902366638184,7.050478577613831,0.9423076009396165,False,True,False,True,True
11,07301410,-347.3693542480469,-837.3180541992188,-397.529052734375,-19.570697051743384,-21.99487352923233,1.260198712348938,1.3478732109069824,13.350619316101074,16.597309112548828,50.159698486328125,489.9486999511719,0.8976225500928423,False,True,False,True,True
11,07315200,0.42341530323028564,-2.718181610107422,0.12467813491821289,0.3566074992851329,-1.2684860176868926,0.6241880655288696,0.769073486328125,0.6386725902557373,3.184110164642334,0.29873716831207275,3.1415969133377075,0.90490913489131,False,True,False,True,True
11,07315700,0.40048253536224365,-1.3454527854919434,0.18446588516235352,0.44198035476584674,0.41851673996566174,0.9699404835700989,1.1312673091888428,0.7997793555259705,1.3531967401504517,0.21601665019989014,1.745935320854187,0.8762745402881217,False,True,False,True,True
11,07335700,0.3320326805114746,0.32296162843704224,0.3939083218574524,0.3041198675261154,0.38404859154446247,4.80156946182251,4.573774814605713,0.8908939957618713,1.0967265367507935,-0.06187564134597778,0.009071052074432373,,False,False,True,False,True
11,07340300,0.48450297117233276,0.5719500780105591,0.5618603229522705,0.42546553604230064,0.5069541659487096,3.3677711486816406,3.1048150062561035,0.7773650288581848,1.2189377546310425,-0.07735735177993774,-0.08744710683822632,,False,False,True,False,False
11,07346045,0.5439537763595581,-1.420701503753662,0.08372849225997925,0.45260409274457136,0.46660868962567714,1.187688946723938,1.6834893226623535,0.6099482774734497,1.3477363586425781,0.46022528409957886,1.9646552801132202,0.7657475645941019,True,True,False,False,True
11,07359610,0.3190838694572449,0.5056369304656982,0.5157367587089539,0.2662250171287883,0.4930387639031282,4.052786827087402,3.4178082942962646,0.7096222639083862,1.0480268001556396,-0.19665288925170898,-0.18655306100845337,,False,False,True,False,True
11,07362100,0.4422226548194885,0.29763293266296387,0.5124510526657104,0.3017770716341016,0.4693179338392085,2.366978406906128,2.2129569053649902,0.6058216094970703,1.284185767173767,-0.07022839784622192,0.14458972215652466,1.485708090442256,False,True,True,True,True
11,07362587,0.181876540184021,0.3662639260292053,0.279624879360199,-0.004376189509921469,0.20737000110948822,6.111482620239258,5.734776973724365,0.5244584679603577,1.1009042263031006,-0.09774833917617798,-0.18438738584518433,,False,False,True,False,False
11,07375000,0.25523310899734497,-1.1834211349487305,0.05546635389328003,0.627936801175097,0.2863930429914915,2.9964492321014404,3.374469041824341,1.1187654733657837,1.5834119319915771,0.19976675510406494,1.4386542439460754,0.8611433178300535,False,True,False,True,True
11,08013000,0.10209256410598755,-1.434044361114502,0.2733178734779358,0.5690736661278994,0.16628130126202256,2.771836519241333,2.493584156036377,1.0613765716552734,1.7788535356521606,-0.17122530937194824,1.5361369252204895,1.1114648743616207,False,True,True,True,True
11,08014500,0.03535264730453491,-1.8266263008117676,0.10146945714950562,0.5132148683330624,-0.10393482789911568,2.6248786449432373,2.533327579498291,1.2190468311309814,2.056929588317871,-0.0661168098449707,1.8619789481163025,1.0355088922524385,False,True,True,True,True
11,08023080,0.4266238808631897,0.28139615058898926,0.4777349829673767,0.2987533928675058,0.374370797921149,2.6806585788726807,2.558392286300659,0.6901679635047913,1.3643314838409424,-0.05111110210418701,0.14522773027420044,1.3519376224339907,False,True,True,True,True
11,08050800,0.23192793130874634,0.08887320756912231,0.16969668865203857,0.21518556119214394,-0.3294482355211825,2.942183256149292,3.059053659439087,1.0051838159561157,2.0515968799591064,0.062231242656707764,0.14305472373962402,0.5649829587593643,False,True,True,False,True
11,08066200,0.12468641996383667,-0.12921714782714844,0.37196481227874756,-0.19294568835752446,0.024915890205545188,3.14609432220459,2.6649060249328613,0.26998552680015564,1.9210585355758667,-0.2472783923149109,0.2539035677909851,1.9739067255583895,False,True,True,True,True
11,08066300,0.4425920844078064,-3.2520875930786133,-0.11484479904174805,0.6834488778809884,-0.1629513964785314,1.2925130128860474,1.8279131650924683,1.135636329650879,2.0172512531280518,0.5574368834495544,3.6946796774864197,0.8491244351042653,False,True,False,True,True
11,08070000,0.5020920038223267,-1.2504627704620361,0.5315160155296326,0.5291968849616211,0.38304962128336273,1.5186055898666382,1.4730511903762817,0.8716881275177002,1.561888337135315,-0.029424011707305908,1.7525547742843628,1.016789210893178,True,True,True,True,True
11,08070200,0.48841404914855957,-2.6770997047424316,0.2879919409751892,0.6783340513879383,0.314035600710149,1.2384532690048218,1.4610422849655151,0.9996962547302246,1.6117762327194214,0.20042210817337036,3.165513753890991,0.9366857566399719,False,True,False,True,True
11,08082700,-0.002985715866088867,0.20570337772369385,0.41201192140579224,-0.6883144414608142,-2.131850107372619,1.4011695384979248,1.0728217363357544,0.03711400181055069,4.091847896575928,-0.4149976372718811,-0.20868909358978271,,False,False,True,False,True
11,08086212,0.10378313064575195,-4.457679271697998,-0.5481376647949219,-0.2732048964813505,-3.612448836766835,0.5749260187149048,0.7556317448616028,0.20003186166286469,5.5635504722595215,0.6519207954406738,4.56146240234375,0.8570807478089248,False,True,False,True,True
11,08086290,0.43273067474365234,-2.3937230110168457,0.38468486070632935,0.24613777710246865,-0.9650978605962264,0.6223586201667786,0.6481788158416748,0.40981507301330566,2.9456465244293213,0.048045814037323,2.826453685760498,0.9830013793329164,False,True,True,True,True
11,08101000,0.30986154079437256,-0.6860146522521973,0.2986423373222351,0.33075583124733265,0.3576704833916857,1.253257155418396,1.2634028196334839,0.7210534811019897,1.0023733377456665,0.011219203472137451,0.9958761930465698,0.988734339117179,False,True,True,True,True
11,08103900,0.39025944471359253,-0.4814640283584595,0.29597795009613037,0.4964836499287536,0.3940940231911052,1.413809895515442,1.519188404083252,1.1407710313796997,0.950797438621521,0.09428149461746216,0.871723473072052,0.8918447219446741,False,True,True,True,True
11,08104900,0.22550392150878906,0.355251669883728,0.24509680271148682,0.137436454387187,0.06786759355260708,2.492534637451172,2.4608051776885986,0.7999445199966431,0.5710013508796692,-0.019592881202697754,-0.12974774837493896,,False,False,True,False,False
11,08109700,0.18328577280044556,-0.12704694271087646,0.31739354133605957,-0.04563509508920949,0.17558943297779306,1.1800955533981323,1.0788655281066895,0.422650545835495,1.560182809829712,-0.134107768535614,0.310332715511322,1.432141897494276,False,True,True,True,True
11,08150800,0.23319721221923828,-11.968143463134766,-0.17174267768859863,0.5977455304469129,0.3833010079392587,0.6003440022468567,0.7421205639839172,1.1432796716690063,1.3440428972244263,0.4049398899078369,12.201340675354004,0.9668118528379597,False,True,False,True,True
11,08158700,0.3603058457374573,-1.7204184532165527,0.12113022804260254,0.4783488537852475,0.5043448219589391,1.0733156204223633,1.2580662965774536,1.4209413528442383,1.2200288772583008,0.23917561769485474,2.08072429895401,0.885051749616665,False,True,False,True,True
11,08164300,0.03774917125701904,-0.04341089725494385,0.475013792514801,-0.41608718842596604,0.3238216817773867,2.135190963745117,1.5771265029907227,0.1162993311882019,1.5518968105316162,-0.437264621257782,0.08116006851196289,6.387681766105579,False,True,True,True,True
11,08164600,0.4310382604598999,-0.01168358325958252,0.576936662197113,0.45167907437221,0.24082525503859542,2.478015422821045,2.1368064880371094,0.8731347322463989,1.691253662109375,-0.14589840173721313,0.4427218437194824,1.3295486857198249,False,True,True,True,True
11,08165300,-0.14545869827270508,-6.127823352813721,-0.2931116819381714,0.0032250401781200866,0.3224285233911337,1.0192104578018188,1.0829094648361206,0.4504639804363251,0.8801725506782532,0.1476529836654663,5.982364654541016,0.975318625294199,False,True,False,True,True
11,08171300,0.5994358062744141,-0.06603872776031494,0.6376603841781616,0.40343061976354166,0.5879154620545103,1.1303925514221191,1.0751056671142578,0.6017960906028748,0.6560444831848145,-0.03822457790374756,0.665474534034729,1.0574395802525973,True,True,True,True,True
11,08175000,-0.0037729740142822266,-0.17917943000793457,0.3595966696739197,-0.49042757796600966,0.058679310628003356,1.3384360074996948,1.0690712928771973,0.10540904104709625,1.8355263471603394,-0.3633696436882019,0.17540645599365234,3.0715864853990986,False,True,True,True,True
11,08176900,0.0015810728073120117,-2.008180856704712,0.05788964033126831,0.10672936453663984,-0.7389850770740314,1.4657979011535645,1.4238642454147339,1.6493115425109863,2.6903223991394043,-0.0563085675239563,2.009761929512024,1.0280175311797395,False,True,True,True,True
11,08178880,0.3750683069229126,0.4046105742454529,0.4816786050796509,0.046849693318482655,0.1494897339070379,4.434001922607422,4.038119792938232,0.3983878791332245,0.4488822817802429,-0.10661029815673828,-0.029542267322540283,,False,False,True,False,True
11,08189500,0.14787518978118896,-0.9440790414810181,0.537138819694519,0.038544984934717696,-0.44227405611931125,1.2942757606506348,0.953895092010498,1.8189030885696411,2.427539110183716,-0.3892636299133301,1.091954231262207,1.3564834667689085,False,True,True,True,True
11,08190000,0.28338688611984253,-2.829270839691162,0.3528609871864319,-0.0033842914858361883,0.18613211145238373,0.7361901998519897,0.6995945572853088,0.2306920886039734,0.31585603952407837,-0.06947410106658936,3.1126577258110046,1.0223198652683496,False,True,True,True,True
11,08194200,-0.011934518814086914,-0.5561153888702393,0.0989956259727478,-0.6973058230069091,-0.14503858064181507,1.0659821033477783,1.005859136581421,0.007515026722103357,1.927595853805542,-0.11093014478683472,0.5441808700561523,1.2038479316176407,False,True,True,True,True
11,08195000,0.2696118950843811,-2.3638103008270264,0.13093042373657227,0.23980129742105505,0.2848929806267554,1.144905924797058,1.2488785982131958,0.4476921260356903,0.4626891016960144,0.13868147134780884,2.6334221959114075,0.9473379272176248,False,True,False,True,True
11,08196000,0.15225845575332642,-1.0673577785491943,0.11797070503234863,0.08427877603478318,0.1975557645318351,1.525311827659607,1.5558524131774902,0.5476700663566589,0.5999817848205566,0.03428775072097778,1.2196162343025208,0.9718864428361874,False,True,True,True,True
11,08198500,0.4131819009780884,-0.1618863344192505,0.6418050527572632,-0.3901022225746025,-0.0372417188606482,1.7404431104660034,1.3597774505615234,2.261852264404297,1.987961769104004,-0.2286231517791748,0.5750682353973389,1.3975583030093977,False,True,True,True,True
11,08200000,0.37561559677124023,0.37074553966522217,0.47626572847366333,0.1507901975196182,0.1879043150766463,4.438202857971191,4.0647759437561035,0.5792331099510193,0.5005353689193726,-0.1006501317024231,0.004870057106018066,,False,False,True,False,True
11,08202700,0.42183125019073486,-1.4625847339630127,0.32122117280960083,-2.359453604915858,-1.508261497236378,1.3544551134109497,1.4675788879394531,4.332032680511475,3.477419853210449,0.10061007738113403,1.8844159841537476,0.9466094120262326,False,True,False,True,True
11,08267500,0.1308467984199524,0.3262330889701843,-0.1467348337173462,0.17311252276477163,-0.15146760474760423,1.0044358968734741,1.1537336111068726,0.4037456810474396,0.24323010444641113,0.2775816321372986,-0.19538629055023193,,False,False,False,False,False
11,08269000,0.08971774578094482,-0.041709303855895996,0.16141360998153687,0.41537449397928394,0.21179409274549366,0.5031068325042725,0.4828876256942749,0.6107916831970215,0.4904044270515442,-0.07169586420059204,0.13142704963684082,1.5455183266968409,False,True,True,True,True
11,08271000,0.07167726755142212,0.27142590284347534,0.273404061794281,0.12333355343476515,0.32149341762577643,1.1990721225738525,1.060821533203125,0.3358776569366455,0.5446823239326477,-0.2017267942428589,-0.19974863529205322,,False,False,True,False,True
11,08324000,-23.340951919555664,-30.856822967529297,-3.0999326705932617,-5.001701089741757,-1.0868241135844094,0.8818893432617188,0.36193758249282837,5.706623077392578,2.370166301727295,-20.241019248962402,7.515871047973633,3.6931035830397354,False,True,True,True,True
11,08377900,0.3126137852668762,0.006750226020812988,0.5321255922317505,0.4318430644896972,0.7259819952319722,0.7009108662605286,0.5782651901245117,1.280418038368225,1.158348560333252,-0.21951180696487427,0.30586355924606323,1.717678848392266,False,True,True,True,True
11,08378500,-0.07484948635101318,-0.8701834678649902,-0.04868161678314209,0.2698638337528906,0.11990686998962674,0.653611958026886,0.6456066370010376,1.1734908819198608,1.4585800170898438,-0.026167869567871094,0.795333981513977,1.0329017371017628,False,True,True,True,True
11,08380500,-0.7949419021606445,-4.22286319732666,0.26161181926727295,-0.12168429418856608,0.3999583103262013,0.5056309103965759,0.32430288195610046,1.850351333618164,1.0870769023895264,-1.0565537214279175,3.4279212951660156,1.3082199474409895,False,True,True,True,True
11,09035800,-0.30569612979888916,-1.5997166633605957,0.5268402695655823,0.1868223069689443,0.3735166054183654,1.3653597831726074,0.8219207525253296,1.5369058847427368,1.418297290802002,-0.8325363993644714,1.2940205335617065,1.6433718613977242,False,True,True,True,True
11,09035900,0.18081849813461304,-0.18275916576385498,0.8221511840820312,0.6126255194658428,0.7192573256305292,1.4615819454193115,0.6810179948806763,0.9377279877662659,0.7632454037666321,-0.6413326859474182,0.363577663898468,2.763949630653096,False,True,True,True,True
11,09065500,-0.3731350898742676,-0.01531839370727539,0.5305666327476501,0.1043260996713874,0.26676426689801946,4.02060604095459,2.3508334159851074,0.4691910445690155,0.541262686252594,-0.9037017226219177,-0.3578166961669922,,False,False,True,False,True
11,09066000,0.6571245193481445,0.5851901173591614,0.8170109987258911,0.7094227061442295,0.6779203403269842,1.2545887231826782,0.9165279269218445,0.9958150386810303,0.8333485722541809,-0.15988647937774658,0.07193440198898315,3.222670585379071,True,True,True,True,True
11,09066200,0.3798907399177551,0.4151712656021118,0.593208372592926,0.41139694524935877,0.4641425673087394,2.5469861030578613,2.062901496887207,0.8616846799850464,0.8499202132225037,-0.2133176326751709,-0.03528052568435669,,False,False,True,False,True
11,09066300,-0.29932618141174316,-0.40423595905303955,0.6535354852676392,-0.097220489852055,0.5015173448232026,1.919538140296936,0.9912130832672119,1.9864581823349,1.4718459844589233,-0.9528616666793823,0.10490977764129639,10.082677402456914,False,True,True,True,True
11,09081600,0.34040242433547974,0.44909656047821045,0.45912349224090576,0.47974636137753546,0.5047209531024508,1.851218581199646,1.67635977268219,0.6267278790473938,0.593248724937439,-0.11872106790542603,-0.10869413614273071,,False,False,True,False,True
11,09107000,0.3272305130958557,0.2352311611175537,0.23153823614120483,0.46257985765401954,0.35238563902958897,0.7570662498474121,0.8091179728507996,1.4538946151733398,1.5197081565856934,0.09569227695465088,0.091999351978302,-0.040140771613476706,False,True,True,False,False
11,09210500,-1.5531914234161377,-2.2668344974517822,-7.396827697753906,-0.3459720223439402,-1.6108700580159776,0.7010813355445862,1.2714061737060547,1.9119678735733032,2.1168038845062256,5.8436362743377686,0.7136430740356445,-7.188457909767222,False,True,False,False,False
11,09223000,-0.21278035640716553,-0.47942185401916504,0.6718490123748779,-0.05209204916586674,0.7424697335285584,1.0173922777175903,0.5292176008224487,1.8436132669448853,0.8254987597465515,-0.8846293687820435,0.2666414976119995,4.317673268057106,False,True,True,True,True
11,09306242,-728.1270141601562,-2626.675537109375,-2142.228759765625,-27.795506062177168,-51.562973688821764,0.6289039254188538,1.0782437324523926,18.042598724365234,37.74082946777344,1414.1017456054688,1898.5485229492188,0.2551669190899619,False,True,False,False,True
11,09312600,-0.9713218212127686,-1.6641535758972168,-1.6421315670013428,-0.19264752700528875,-1.3619198131023555,0.8114280700683594,0.939395546913147,1.9208273887634277,3.194901466369629,0.6708097457885742,0.6928317546844482,0.03178550744387286,False,True,False,False,True
11,09352900,0.5995486378669739,0.6357680559158325,0.5773328542709351,0.5574603836945622,0.6993317085699164,1.563185691833496,1.605960726737976,0.7730811834335327,0.7737312316894531,0.02221578359603882,-0.03621941804885864,,True,False,True,False,False
11,09378170,-2.6442508697509766,-3.1073060035705566,0.039172589778900146,-3.4313319971323457,-0.9315812390925811,1.2432563304901123,0.6383799910545349,5.278748512268066,2.897036552429199,-2.6834234595298767,0.4630551338195801,6.795040943386706,False,True,True,True,True
11,09386900,-2.4521961212158203,-4.102238655090332,-0.304965615272522,-5.1279790682195765,-0.34864806083823185,0.3175690770149231,0.1952495276927948,7.06230354309082,1.992356777191162,-2.1472305059432983,1.6500425338745117,2.301318276263658,False,True,True,True,True
11,09430600,0.04650193452835083,0.08101105690002441,0.0799674391746521,-0.3522123448752714,-0.11616672433131092,2.2648653984069824,2.224764823913574,0.20165866613388062,0.6787737011909485,-0.03346550464630127,-0.034509122371673584,,False,False,True,False,False
11,09447800,-3.250746726989746,-29.830108642578125,-15.253013610839844,-2.490861824640347,-7.541610698343556,0.1727810800075531,0.33785513043403625,4.269360542297363,8.95744514465332,12.002266883850098,26.57936191558838,0.548436605740676,False,True,False,False,True
11,09484600,-5.772227764129639,-29.390531539916992,-26.105449676513672,-2.8611214215441736,-10.193141715659902,0.19029630720615387,0.380708783864975,4.316798686981201,11.274547576904297,20.333221912384033,23.618303775787354,0.1390905077091552,False,True,False,False,True
11,09492400,-0.8659169673919678,-1.209742784500122,0.19706082344055176,-0.06134656865274546,0.37349698315125746,1.0981171131134033,0.7203503847122192,1.4350749254226685,0.6065599322319031,-1.0629777908325195,0.3438258171081543,4.091617144323249,False,True,True,True,True
11,09494000,-8.1322660446167,-10.815580368041992,0.0038076043128967285,-2.174300514303764,0.18572064188712212,1.0066885948181152,0.3324891924858093,3.369706392288208,0.6313943266868591,-8.136073648929596,2.683314323425293,4.032098616961046,False,True,True,True,True
11,09497980,0.19652336835861206,0.062497735023498535,0.4555014967918396,-1.0130207424416042,0.059473004553249775,0.7082922458648682,0.583074688911438,2.9768643379211426,1.8919230699539185,-0.25897812843322754,0.13402563333511353,2.932302963162925,False,True,True,True,True
11,09505350,0.253518283367157,-0.3064746856689453,0.3240651488304138,0.2712969624591548,0.5150171279855547,0.8812032341957092,0.8385306000709534,1.640662431716919,0.9388605952262878,-0.07054686546325684,0.5599929690361023,1.1259781271623586,False,True,True,True,True
11,09505800,-0.49880778789520264,-1.3151648044586182,0.40526342391967773,-0.920886014118433,0.5317812666930757,1.0158571004867554,0.6399145126342773,2.8316261768341064,1.234045386314392,-0.9040712118148804,0.8163570165634155,2.1074458765856043,False,True,True,True,True
11,09508300,0.24765503406524658,0.31845229864120483,0.27309471368789673,0.05862116050782762,0.05106352982355766,2.591050624847412,2.5468671321868896,0.5873143672943115,0.5275513529777527,-0.025439679622650146,-0.07079726457595825,,False,False,True,False,False
11,09510200,0.7056269645690918,0.47447317838668823,0.769341766834259,0.6087352833580947,0.7061524423530571,0.5814769864082336,0.514716386795044,1.2795122861862183,1.2571595907211304,-0.06371480226516724,0.23115378618240356,1.2756381511955415,True,True,True,True,True
11,09512280,-0.9275290966033936,-2.025909662246704,-0.8673238754272461,-2.321916125749312,-1.682709766581325,1.5189458131790161,1.4950358867645264,4.206263065338135,3.544391632080078,-0.06020522117614746,1.0983805656433105,1.0548127152458182,False,True,True,True,True
11,10234500,-4.852144718170166,-5.891605377197266,-2.128848075866699,-1.1368497269696092,-0.31033549859915266,1.5819215774536133,1.1566970348358154,2.0715298652648926,1.4812887907028198,-2.723296642303467,1.0394606590270996,3.619913143083627,False,True,True,True,True
11,10244950,-0.32183825969696045,-2.211747407913208,-0.47355639934539795,0.1835623583053323,0.3343277975715979,0.5678107738494873,0.599511981010437,0.5100087523460388,0.9847975373268127,0.1517181396484375,1.8899091482162476,0.9197219930959996,False,True,False,True,True
11,10336645,0.12054908275604248,0.10358959436416626,0.13150721788406372,0.3933895658473552,0.2525865355684678,3.5498147010803223,3.5276296138763428,1.4112223386764526,1.0767807960510254,-0.01095813512802124,0.01695948839187622,,False,False,True,False,True
11,10336660,-0.08641636371612549,-0.08667230606079102,0.0649418830871582,0.41978329037017337,0.251445790221519,5.107917785644531,4.738763809204102,1.2170356512069702,0.9317971467971802,-0.1513582468032837,0.00025594234466552734,,False,False,True,False,True
11,10343500,-1.8516020774841309,-1.8649096488952637,-0.8421857357025146,-1.1048992946731624,-0.09158339460942955,2.3082046508789062,1.855224847793579,2.915236473083496,1.8734530210494995,-1.0094163417816162,0.013307571411132812,,False,False,True,False,True
11,11124500,-2.0216286182403564,-3.349613666534424,-0.385229229927063,-2.5573811968252302,-1.6732493575243272,2.288146734237671,1.5492595434188843,4.273868560791016,3.5652008056640625,-1.6363993883132935,1.3279850482940674,2.232242328643245,False,True,True,True,True
11,11141280,-2.0346267223358154,-4.951508522033691,-0.5761191844940186,-1.2385461345370001,-0.4315627541127165,1.5139539241790771,1.091074824333191,2.8521995544433594,2.2480432987213135,-1.4585075378417969,2.916881799697876,1.5000228456267464,False,True,True,True,True
11,11143000,0.550624668598175,0.5496084690093994,0.7279191613197327,0.49015831048113156,0.7507253125675164,2.335348606109619,1.8171722888946533,1.4739367961883545,0.8773653507232666,-0.17729449272155762,0.0010161995887756348,,True,False,True,False,True
11,11148900,0.6665091514587402,0.5168623328208923,0.5248405933380127,0.2761423963185099,0.3572503508970589,1.7947801351547241,2.1423425674438477,1.6867475509643555,0.7259083986282349,0.14166855812072754,0.1496468186378479,0.05331393336485231,True,True,False,False,True
11,11176400,0.3563668727874756,0.044379472732543945,0.3522855043411255,0.1879362320477268,0.16771008840169677,0.5507703423500061,0.5525137782096863,1.5093400478363037,1.574741244316101,0.004081368446350098,0.31198740005493164,0.9869181625744133,False,True,True,True,True
11,11237500,0.2578721046447754,0.25587719678878784,0.28971850872039795,0.41433057886443503,0.4805145583004703,3.36903977394104,3.2959606647491455,1.384365439414978,1.052947759628296,-0.03184640407562256,0.001994907855987549,,False,False,True,False,True
11,11264500,0.7451615333557129,0.7338837385177612,0.7906121611595154,0.5759040104222479,0.8839995806314657,1.5850311517715454,1.4367493391036987,1.3388644456863403,0.9946098327636719,-0.04545062780380249,0.01127779483795166,,True,False,True,False,True
11,11266500,0.6530143022537231,0.6394093036651611,0.6704274415969849,0.5828325820719198,0.7200328621314454,1.8120094537734985,1.7659573554992676,1.3401085138320923,0.8423536419868469,-0.01741313934326172,0.013604998588562012,,True,False,True,False,True
11,11284400,-0.5954362154006958,-0.8812556266784668,-0.2988368272781372,-2.632421275317432,-1.9104519844811332,2.247450828552246,2.0278122425079346,4.581426620483398,3.879281997680664,-0.2965993881225586,0.285819411277771,2.0377160417362665,False,True,True,True,True
11,11381500,0.36347466707229614,0.31484514474868774,0.5856015682220459,0.48977285443121876,0.7641614607926298,1.9223827123641968,1.5511045455932617,1.1398836374282837,0.8696174025535583,-0.22212690114974976,0.0486295223236084,,False,False,True,False,True
11,11451100,0.4988691210746765,0.49016863107681274,0.4735748767852783,0.17811842277037948,0.4820242029522054,2.997786045074463,3.072510242462158,1.7948554754257202,1.285827875137329,0.025294244289398193,0.00870048999786377,,False,False,True,False,False
11,11468500,0.781330943107605,0.7382843494415283,0.8081512451171875,0.750877895143015,0.724092099291046,1.9735724925994873,1.8485828638076782,1.176044225692749,1.2223354578018188,-0.02682030200958252,0.04304659366607666,,True,False,True,False,True
11,11473900,0.31875813007354736,0.3000723719596863,0.6032751202583313,0.156960107347205,0.5957386616215945,3.0842061042785645,2.353626012802124,1.7718605995178223,0.7769333124160767,-0.28451699018478394,0.018685758113861084,,False,False,True,False,True
11,11476600,0.7106952667236328,0.7207704782485962,0.7298683524131775,0.6413067919738507,0.7304555533320884,3.889047861099243,3.757969617843628,0.8127560019493103,0.9308396577835083,-0.019173085689544678,-0.010075211524963379,,True,False,True,False,True
11,11478500,0.5380080938339233,0.6616256833076477,0.6346630454063416,0.3838353695183868,0.48887893330824606,4.612895488739014,4.102071285247803,0.7093567848205566,0.76628577709198,-0.09665495157241821,-0.12361758947372437,,True,False,True,False,False
11,11480390,0.5999903678894043,0.6269863247871399,0.5943213701248169,0.6504836211801666,0.6328076149199062,3.2567148208618164,3.2797107696533203,0.9588667154312134,1.1787317991256714,0.005668997764587402,-0.026995956897735596,,True,False,True,False,False
11,11481200,0.5365313291549683,0.6431688070297241,0.6968185901641846,0.4480702223553247,0.6326501830966726,3.7628538608551025,3.043395757675171,0.7261669635772705,1.1131466627120972,-0.1602872610092163,-0.10663747787475586,,True,False,True,False,True
11,11482500,0.5626032948493958,0.6266285181045532,0.750072181224823,0.5419473816910881,0.6744358180952341,3.471359968185425,2.6240322589874268,0.8504417538642883,1.074486494064331,-0.18746888637542725,-0.06402522325515747,,True,False,True,False,True
11,11523200,0.5450129508972168,0.5594724416732788,0.2227608561515808,0.650421896346154,0.3176741542576521,2.4695885181427,3.227768659591675,0.8367976546287537,0.6505013108253479,0.322252094745636,-0.014459490776062012,,True,False,False,False,False
11,11528700,0.7291160225868225,0.40025728940963745,0.5316647887229919,0.809653516724996,0.48631896413418807,1.35104501247406,1.776464581489563,0.9138739705085754,1.4219399690628052,0.19745123386383057,0.32885873317718506,0.3995864669421862,True,True,False,False,True
11,11532500,0.7755517363548279,0.7895481586456299,0.8292127847671509,0.632179778618619,0.7235406577363723,4.029983997344971,3.5153846740722656,0.8383023142814636,0.9197767972946167,-0.053661048412323,-0.013996422290802002,,True,False,True,False,True
11,12010000,0.7983886003494263,0.8028841018676758,0.8080207109451294,0.6620942260707067,0.6761170918352781,4.687991142272949,4.574634552001953,1.002180576324463,1.0212243795394897,-0.009632110595703125,-0.004495501518249512,,True,False,True,False,True
11,12013500,0.855472207069397,0.8191080689430237,0.8687957525253296,0.7293157797101282,0.764106048043712,2.731018304824829,2.602093458175659,1.2480056285858154,1.2226603031158447,-0.013323545455932617,0.03636413812637329,,True,False,True,False,True
11,12020000,0.47867947816848755,0.4731111526489258,0.48756736516952515,0.40212928731507036,0.3765249938221158,8.354655265808105,8.283129692077637,1.2494570016860962,1.3756746053695679,-0.008887887001037598,0.005568325519561768,,False,False,True,False,True
11,12025700,0.7363628149032593,0.7405586242675781,0.7342828512191772,0.5442297364003073,0.558635424549859,3.5237059593200684,3.537578582763672,0.7615520358085632,0.8435862064361572,0.0020799636840820312,-0.004195809364318848,,True,False,True,False,False
11,12040500,0.6963308453559875,0.746332049369812,0.7154900431632996,0.48768105009366336,0.5173234270050365,7.078027725219727,6.851105213165283,0.6442098021507263,0.7023726105690002,-0.01915919780731201,-0.05000120401382446,,True,False,True,False,False
11,12041200,0.5129808783531189,0.6432023644447327,0.5730462074279785,0.3709058047401068,0.4406855562360831,7.489185333251953,7.012163162231445,0.5033453106880188,0.5762531161308289,-0.06006532907485962,-0.13022148609161377,,True,False,True,False,False
11,12048000,-0.25709211826324463,-0.3940056562423706,-0.2952423095703125,0.29210748413751775,0.16395647275679115,2.2138850688934326,2.247227668762207,1.525463581085205,1.4812222719192505,0.03815019130706787,0.13691353797912598,0.7213555951429412,False,True,True,False,True
11,12054000,0.6158545017242432,0.6417694687843323,0.7270389795303345,0.5037102923505006,0.5856531638105194,4.361298561096191,3.676361560821533,0.7268463373184204,0.7477796077728271,-0.11118447780609131,-0.02591496706008911,,True,False,True,False,True
11,12056500,0.5071192383766174,0.5510992407798767,0.5354223251342773,0.33168536967080986,0.3445385245701974,7.854009628295898,7.625172138214111,0.5932388305664062,0.5597435832023621,-0.028303086757659912,-0.04398000240325928,,True,False,True,False,False
11,12073500,-2.4340577125549316,-2.4611058235168457,-1.7089200019836426,-0.9436523848953489,-0.7315309015070743,3.7198548316955566,3.303849697113037,2.566631317138672,2.4255423545837402,-0.7251377105712891,0.027048110961914062,,False,False,True,False,True
11,12082500,0.6780049800872803,0.6821020841598511,0.714269757270813,0.700186743372347,0.7272675872270122,2.7341837882995605,2.5756165981292725,0.9877092838287354,0.9419819712638855,-0.036264777183532715,-0.004097104072570801,,True,False,True,False,True
11,12114500,0.45826804637908936,0.47250980138778687,0.49497634172439575,0.7067169956046555,0.7233832329307943,4.607555866241455,4.448711395263672,0.9009239077568054,0.913587212562561,-0.036708295345306396,-0.01424175500869751,,False,False,True,False,True
11,12115000,0.6064870357513428,0.5935897827148438,0.5947110652923584,0.7623013160685277,0.7455634572276322,4.026958465576172,4.086768627166748,1.0012216567993164,0.9467385411262512,0.011775970458984375,0.012897253036499023,,True,False,True,False,True
11,12117000,0.6843324899673462,0.5931472182273865,0.7540434002876282,0.7230414717869347,0.8207989669328615,2.420008897781372,2.1361477375030518,1.1216022968292236,1.0738900899887085,-0.06971091032028198,0.09118527173995972,1.764497478486242,True,True,True,True,True
11,12143600,0.6405057311058044,0.6392325162887573,0.6267333030700684,0.5743604477074171,0.58568101386846,4.646420478820801,4.7345871925354,1.0641255378723145,0.9118287563323975,0.013772428035736084,0.0012732148170471191,,True,False,True,False,False
11,12144000,0.72193443775177,0.7202860713005066,0.6328250169754028,0.6907899231285815,0.6596649060395015,3.334007501602173,3.831153154373169,1.0286033153533936,0.8697881102561951,0.08910942077636719,0.0016483664512634277,,True,False,True,False,False
11,12145500,0.7815653681755066,0.7352715730667114,0.8609864711761475,0.6256029908361893,0.7360211104717815,2.579282760620117,2.0576274394989014,1.3181906938552856,1.2403358221054077,-0.07942110300064087,0.046293795108795166,,True,False,True,False,True
11,12147500,0.714743971824646,0.7541236281394958,0.745109498500824,0.7457219328732901,0.7283314945590746,4.6776204109191895,4.421649932861328,0.840079665184021,0.8152954578399658,-0.03036552667617798,-0.039379656314849854,,True,False,True,False,False
11,12167000,0.6942096948623657,0.6984492540359497,0.7419500350952148,0.6148062682427993,0.6591987839299374,4.4225969314575195,4.062725067138672,0.9317083358764648,0.8827624917030334,-0.04774034023284912,-0.004239559173583984,,True,False,True,False,True
11,12175500,-0.3817857503890991,-0.12427592277526855,-0.36752188205718994,0.17821632128323406,0.11900135518997546,6.072779178619385,6.041353702545166,0.5958454608917236,0.6393813490867615,-0.01426386833190918,-0.25750982761383057,,False,False,True,False,False
11,12178100,0.264376699924469,0.521019697189331,0.3523104190826416,0.35242827622592066,0.5119861182233116,5.337878227233887,5.008692741394043,0.6174464821815491,0.7619923949241638,-0.08793371915817261,-0.25664299726486206,,False,False,True,False,False
11,12186000,0.3876968026161194,0.45004934072494507,0.3984176516532898,0.3760259806381556,0.3809761543490021,6.1972737312316895,6.14277982711792,0.7371591925621033,0.746178150177002,-0.01072084903717041,-0.062352538108825684,,False,False,True,False,False
11,12189500,0.2903504967689514,0.4837527275085449,0.447068452835083,0.5230476785653829,0.595442814144568,4.265658378601074,3.7653021812438965,0.7220644354820251,0.7323746085166931,-0.1567179560661316,-0.1934022307395935,,False,False,True,False,False
11,12375900,0.41570043563842773,0.4689154028892517,0.4269058108329773,0.390481023745189,0.5205486719372177,2.4531896114349365,2.4295527935028076,0.6417543888092041,0.6914706826210022,-0.01120537519454956,-0.053214967250823975,,False,False,True,False,False
11,12377150,0.3857197165489197,0.5352532863616943,0.27532148361206055,0.31882871961482484,0.2771158608357116,3.8229000568389893,4.152238845825195,0.6070127487182617,0.5355373024940491,0.11039823293685913,-0.14953356981277466,,False,False,False,False,False
11,12381400,0.2881360650062561,0.3136841058731079,0.48655080795288086,0.33666094625431453,0.5603166039557262,1.2205218076705933,1.0365632772445679,1.00678551197052,0.9507791996002197,-0.19841474294662476,-0.025548040866851807,,False,False,True,False,True
11,12390700,0.36270201206207275,0.41092926263809204,0.4835905432701111,0.34406125920000774,0.3921850002167445,1.0488697290420532,0.9441639184951782,0.6625776886940002,1.4411137104034424,-0.12088853120803833,-0.04822725057601929,,False,False,True,False,True
11,12447390,0.5822515487670898,0.5053754448890686,0.34761476516723633,0.514398382792133,0.5963140738879262,1.536637306213379,1.9202865362167358,0.8494382500648499,1.257712721824646,0.23463678359985352,0.07687610387802124,-2.0521419760313298,True,True,False,False,False
11,12451000,0.4501885771751404,0.4707069396972656,0.3726463317871094,0.5567424205370832,0.3799220777124277,3.3402225971221924,3.5679991245269775,0.8028393983840942,0.7032274603843689,0.077542245388031,-0.020518362522125244,,False,False,True,False,False
11,12488500,0.09449189901351929,0.06511867046356201,-0.04156804084777832,0.44076432534913446,0.34657850549426095,2.7977757453918457,3.000617027282715,1.180456519126892,1.0846433639526367,0.1360599398612976,0.029373228549957275,,False,False,False,False,False
11,13011500,0.775296688079834,0.7629002332687378,0.6505575776100159,0.6617099895470698,0.5790976587268586,1.17721688747406,1.468045711517334,1.2781569957733154,0.789352297782898,0.12473911046981812,0.012396454811096191,,True,False,False,False,False
11,13011900,0.8582668304443359,0.8415743708610535,0.7384779453277588,0.843345792817169,0.5323884750235756,0.7505589127540588,1.019537329673767,1.1385471820831299,0.6541258096694946,0.11978888511657715,0.01669245958328247,,True,False,False,False,False
11,13018300,-0.21071338653564453,-0.42217087745666504,-1.412750244140625,0.45462791128878466,0.12454242545890559,1.1722394227981567,1.6548240184783936,0.8958706259727478,1.0264396667480469,1.2020368576049805,0.2114574909210205,-4.684531923505808,False,True,False,False,False
11,13023000,-0.3819460868835449,-0.4974803924560547,0.4098662734031677,0.09023431591832665,0.5973493498031864,1.430479884147644,0.9347842931747437,1.2922093868255615,0.7778366208076477,-0.7918123602867126,0.11553430557250977,7.85348266355198,False,True,True,True,True
11,13161500,0.16777169704437256,-1.6058037281036377,-0.30245018005371094,0.38394393694428064,-0.1807923132697078,0.35806500911712646,0.4479413628578186,1.495065689086914,1.9869401454925537,0.4702218770980835,1.7735754251480103,0.7348734818769593,False,True,False,False,True
11,13235000,0.30151569843292236,0.25678539276123047,0.5810160636901855,0.3511506658255026,0.6660248673067202,1.4578051567077637,1.129067301750183,1.1565245389938354,0.9686917662620544,-0.2795003652572632,0.044730305671691895,,False,False,True,False,True
11,13240000,0.5869054794311523,0.5866070985794067,0.3544754981994629,0.5365695227670464,0.39344000777950183,2.8496317863464355,3.5622169971466064,0.9833542704582214,0.9601075053215027,0.23242998123168945,0.00029838085174560547,,True,False,False,False,False
11,13313000,-1.2272348403930664,-1.272777795791626,-0.970535159111023,-0.27467908498812244,0.14859603654576792,3.4026939868927,3.200604200363159,1.928359866142273,1.3881592750549316,-0.25669968128204346,0.04554295539855957,,False,False,True,False,True
11,13331500,-0.459017276763916,-0.37477850914001465,0.3759409189224243,0.18647541563560044,0.334664053888027,2.7869229316711426,1.8226680755615234,1.29184889793396,0.6367923617362976,-0.8349581956863403,-0.08423876762390137,,False,False,True,False,True
11,14020000,-0.052281737327575684,-0.059801459312438965,0.48481714725494385,0.4529322193308756,0.6656252564457711,1.9788718223571777,1.3846255540847778,1.3192346096038818,0.8994649052619934,-0.5370988845825195,0.007519721984863281,,False,False,True,False,True
11,14096850,-39.16147232055664,-40.60132598876953,-6.138244152069092,-4.969849305421457,-1.3599428006404324,3.0539591312408447,1.287520408630371,4.448967456817627,2.509916067123413,-33.02322816848755,1.4398536682128906,23.935127990801405,False,True,True,True,True
11,14137000,0.6852220296859741,0.5685395002365112,0.5887302160263062,0.7968183754806757,0.6901057077032209,2.2959237098693848,2.62433123588562,1.0515812635421753,1.0940899848937988,0.09649181365966797,0.11668252944946289,0.17303975055271537,True,True,True,False,True
11,14138800,0.7696971893310547,0.7580951452255249,0.7236319780349731,0.7397181788993963,0.7177226453936802,4.352078914642334,4.7675042152404785,1.0131756067276,1.0158036947250366,0.04606521129608154,0.011602044105529785,,True,False,True,False,False
11,14138900,0.777545690536499,0.808085560798645,0.7948376536369324,0.7178231867031382,0.7520867030978837,4.781503200531006,4.591904640197754,0.7961546182632446,0.839548647403717,-0.01729196310043335,-0.030539870262145996,,True,False,True,False,False
11,14139800,0.8379602432250977,0.822758674621582,0.8204272389411926,0.8746182742441824,0.841642848435173,3.3898932933807373,3.5685808658599854,0.9601584076881409,0.9860832691192627,0.01753300428390503,0.015201568603515625,,True,False,True,False,False
11,14141500,0.7658942937850952,0.7136552333831787,0.7687943577766418,0.8466784481766605,0.830924275109485,3.1184329986572266,3.099057912826538,1.0544835329055786,1.1082526445388794,-0.002900063991546631,0.052239060401916504,1.0555152403055135,True,True,True,True,True
11,14154500,0.26454871892929077,0.14951008558273315,0.6257979869842529,0.49098488642770033,0.3946440508546879,2.9928739070892334,2.134835958480835,1.2386850118637085,1.5897507667541504,-0.36124926805496216,0.11503863334655762,4.140243043106111,False,True,True,True,True
11,14158790,0.6459176540374756,0.6008333563804626,0.6981456279754639,0.7035969386421443,0.7644406407845123,3.767835855484009,3.478872776031494,0.8698181509971619,0.9244090914726257,-0.05222797393798828,0.04508429765701294,,True,False,True,False,True
11,14166500,0.6049861907958984,0.25294697284698486,0.42589110136032104,0.5031218399430983,0.15104773350793932,2.241941213607788,2.702807903289795,1.4141031503677368,1.8075072765350342,0.1790950894355774,0.3520392179489136,0.4912638129381173,True,True,False,False,True
11,14182500,0.7281367778778076,0.7482930421829224,0.7595905065536499,0.6429129884882936,0.7077329097957263,3.8646724224090576,3.6342368125915527,0.7760814428329468,0.8709508180618286,-0.031453728675842285,-0.020156264305114746,,True,False,True,False,True
11,14185000,0.8211356401443481,0.7358706593513489,0.8274269104003906,0.8481387762101146,0.8564848193442431,2.201237916946411,2.1621789932250977,0.9119946360588074,1.1138414144515991,-0.0062912702560424805,0.08526498079299927,1.073784925505537,True,True,True,True,True
11,14185900,0.7703247666358948,0.7746081352233887,0.7900643348693848,0.6414999105275071,0.7032480124587173,3.811584949493408,3.644111394882202,0.7671806216239929,0.8614104986190796,-0.01973956823348999,-0.0042833685874938965,,True,False,True,False,True
11,14187000,0.7941530346870422,0.6807788014411926,0.7058770656585693,0.818772256040808,0.611890967704178,2.054147243499756,2.4554085731506348,1.1029610633850098,1.3655571937561035,0.0882759690284729,0.11337423324584961,0.2213753822083335,True,True,True,False,True
11,14216500,0.5318824648857117,0.48879265785217285,0.5384006500244141,0.7522027197469767,0.7472054348942858,3.715954065322876,3.6899924278259277,1.0408587455749512,0.9308179616928101,-0.006518185138702393,0.04308980703353882,,True,False,True,False,True
11,14222500,0.8026524782180786,0.6992192268371582,0.721942663192749,0.7371091529156375,0.6560834342080057,2.67712664604187,3.1777544021606445,1.1810511350631714,1.2666189670562744,0.08070981502532959,0.10343325138092041,0.2196917920708664,True,True,True,False,True
11,14236200,0.7842437624931335,0.7905561923980713,0.8301070928573608,0.6612881913729769,0.7299615308177478,3.143063545227051,2.7890682220458984,0.8521358370780945,0.8998715877532959,-0.045863330364227295,-0.006312429904937744,,True,False,True,False,True
11,14301000,0.8643569946289062,0.7525666356086731,0.8016985058784485,0.8721620448093366,0.5622828304745413,1.8644859790802002,2.2543604373931885,1.0746159553527832,1.4272767305374146,0.06265848875045776,0.11179035902023315,0.4395000669143832,True,True,True,False,True
11,14303200,0.75547194480896,0.7344853281974792,0.8329483866691589,0.8453717382611241,0.8706165321294707,3.1776952743530273,2.6264750957489014,1.0221810340881348,1.0992778539657593,-0.07747644186019897,0.020986616611480713,,True,False,True,False,True
11,14305500,0.8697729110717773,0.8571365475654602,0.8864362239837646,0.8285616098915892,0.8516721721526013,3.222323179244995,3.0091114044189453,0.8976297378540039,0.987244725227356,-0.016663312911987305,0.012636363506317139,,True,False,True,False,True
11,14306340,0.6455014944076538,0.523730993270874,0.6494600772857666,0.6017682702728884,0.5161519585240044,3.7270448207855225,3.706176996231079,1.3431155681610107,1.4536218643188477,-0.003958582878112793,0.12177050113677979,1.032508553723256,True,True,True,True,True
11,14306500,0.6738388538360596,0.037239134311676025,0.5504014492034912,0.7003648946338922,0.3975586398200325,2.924089193344116,3.4331037998199463,1.0280848741531372,1.4897632598876953,0.12343740463256836,0.6365997195243835,0.8060988705354898,True,True,False,True,True
11,14308990,0.4551123380661011,-0.6130870580673218,-1.2131664752960205,0.2894203673706043,-0.7852741989145104,1.269578456878662,2.5586631298065186,1.6437839269638062,2.5729992389678955,1.6682788133621216,1.0681993961334229,-0.5617672312873562,False,True,False,False,False
11,14309500,0.8017605543136597,0.6033361554145813,0.664237380027771,0.7965021438354349,0.49404816301317844,2.013510227203369,2.6204447746276855,0.9835281372070312,1.4866288900375366,0.13752317428588867,0.19842439889907837,0.3069240725993832,True,True,False,False,True
11,14316700,0.47332966327667236,0.41520458459854126,0.6537096500396729,0.5493459863025285,0.5620441724744746,2.899034261703491,2.3507373332977295,1.1864145994186401,1.3429327011108398,-0.1803799867630005,0.058125078678131104,4.103307399579768,False,True,True,True,True
11,14325000,0.8044813871383667,0.7503136396408081,0.7849828004837036,0.8103414930885005,0.7860416956842113,3.0041778087615967,3.1504178047180176,0.8955119848251343,1.1553292274475098,0.019498586654663086,0.054167747497558594,0.6400332752337189,True,True,True,False,True
11,14362250,-6.910100936889648,-13.192737579345703,-12.440658569335938,-3.4289621975902342,-5.631814960314102,2.0543432235717773,2.677887201309204,4.908276557922363,7.141284465789795,5.530557632446289,6.282636642456055,0.11970754522511386,False,True,False,False,True
11,14400000,0.6099807024002075,0.6478021144866943,0.6550736427307129,0.34432056837836544,0.39363540321869583,7.658045768737793,7.201751232147217,0.5796443223953247,0.6350331902503967,-0.04509294033050537,-0.037821412086486816,,True,False,True,False,True
29,01022500,0.7284671068191528,0.44190293550491333,0.5688120126724243,0.7617663362895797,0.6098585189741641,1.4375542402267456,1.8115333318710327,1.1269968748092651,1.2516882419586182,0.15965509414672852,0.2865641713142395,0.44286442574269164,True,True,False,False,True
29,01031500,0.7361147403717041,0.5079977512359619,0.6317281723022461,0.6914837123069935,0.5807040902989143,1.7608921527862549,2.0802206993103027,1.136379599571228,1.2525827884674072,0.10438656806945801,0.2281169891357422,0.542398974907817,True,True,False,False,True
29,01047000,0.6214598417282104,0.49125635623931885,0.4396008253097534,0.5476757188735424,0.5226470733893913,2.1018104553222656,2.5573272705078125,1.0058554410934448,1.164536714553833,0.18185901641845703,0.1302034854888916,-0.39672924834237605,True,True,False,False,False
29,01052500,0.6568421125411987,0.49494123458862305,0.5327730178833008,0.6617421262501109,0.5436975121923009,2.2108402252197266,2.579730272293091,0.8720977902412415,1.2039016485214233,0.12406909465789795,0.16190087795257568,0.23367250241693868,True,True,False,False,True
29,01054200,0.4837002158164978,0.41315758228302,0.5242429971694946,0.3999269898946495,0.46184965113344767,3.511644124984741,3.370948314666748,0.9011638760566711,1.017369270324707,-0.040542781352996826,0.07054263353347778,1.5747273573753982,False,True,True,True,True
29,01055000,0.5678571462631226,0.45371681451797485,0.5734972357749939,0.5324399090841265,0.5695880011973259,2.5531973838806152,2.5364813804626465,1.0372363328933716,1.0766068696975708,-0.005640089511871338,0.1141403317451477,1.0494136421862215,True,True,True,True,True
29,01057000,0.6741880178451538,0.3457210063934326,0.35674089193344116,0.6220023814462032,0.36709489209504864,1.7368922233581543,2.4405198097229004,1.2467046976089478,1.498905062675476,0.31744712591171265,0.3284670114517212,0.03354944379742765,True,True,False,False,True
29,01073000,0.6293718218803406,0.3082190155982971,0.6878877878189087,0.5324968475780669,0.580695862933168,2.1464059352874756,1.9696905612945557,1.437850832939148,1.3649877309799194,-0.058515965938568115,0.32115280628204346,1.182205992891677,True,True,True,True,True
29,01078000,0.4872499108314514,-0.02498805522918701,0.1377078890800476,0.5885983396640069,0.2357749273690034,1.905197262763977,2.4706673622131348,1.2779242992401123,1.6329553127288818,0.3495420217514038,0.5122379660606384,0.31761789458998196,False,True,False,False,True
29,01123000,0.7249025106430054,0.02919989824295044,0.6183814406394958,0.6951144207954916,0.5102462115066653,1.3752481937408447,1.6197669506072998,1.277413249015808,1.4672805070877075,0.10652107000350952,0.6957026124000549,0.846887063373199,True,True,False,True,True
29,01134500,0.6310833692550659,0.3063909411430359,0.4292885661125183,0.7075011177462014,0.5501737836121701,1.7757408618927002,2.2086341381073,1.0541545152664185,1.3301172256469727,0.2017948031425476,0.32469242811203003,0.37850474581156085,True,True,False,False,True
29,01137500,0.6246893405914307,0.3911588788032532,0.43338215351104736,0.5921304259667219,0.5515440359576027,1.9973880052566528,2.454212188720703,0.9825724363327026,1.1252142190933228,0.1913071870803833,0.2335304617881775,0.1808041417144654,True,True,False,False,True
29,01139000,0.32107770442962646,-0.31786608695983887,0.28789281845092773,0.4551434953361124,0.5272745016490907,1.526484727859497,1.563346028327942,1.4916712045669556,1.3733673095703125,0.03318488597869873,0.6389437913894653,0.9480629025183359,False,True,True,True,True
29,01139800,-0.6252241134643555,-1.564218282699585,0.054966747760772705,0.28381782051334215,0.5553792446835982,2.3789563179016113,1.8140671253204346,1.3495172262191772,1.1330485343933105,-0.6801908612251282,0.9389941692352295,1.7243824120645121,False,True,True,True,True
29,01142500,0.3534296154975891,-0.5609931945800781,0.40235137939453125,0.6159802097338392,0.7063273473580691,1.7823444604873657,1.7135891914367676,1.2567241191864014,1.0745530128479004,-0.04892176389694214,0.9144228100776672,1.0535001569927887,False,True,True,True,True
29,01144000,0.7117938995361328,0.15177786350250244,0.6156474947929382,0.7017006697789625,0.7228168274514088,1.2686545848846436,1.465064287185669,1.1817889213562012,1.0341150760650635,0.09614640474319458,0.5600160360336304,0.8283149078655656,True,True,True,True,True
29,01162500,0.4312211871147156,-0.12961721420288086,0.237779438495636,0.6211331369596538,0.327307436859248,1.8461713790893555,2.1371777057647705,1.2738144397735596,1.5862220525741577,0.1934417486190796,0.5608384013175964,0.6550846943350875,False,True,False,False,True
29,01169000,0.6860475540161133,0.4410441517829895,0.5890580415725708,0.7193649828533976,0.6775596490482407,2.037463426589966,2.331031322479248,1.0236345529556274,1.071776032447815,0.09698951244354248,0.24500340223312378,0.6041299363212281,True,True,True,False,True
29,01170100,0.5638347864151001,0.22877663373947144,0.37451601028442383,0.6166018087584131,0.5631187743520372,1.979483723640442,2.3704705238342285,1.3314034938812256,1.3341962099075317,0.18931877613067627,0.33505815267562866,0.4349674090337487,True,True,False,False,True
29,01181000,0.7059699296951294,0.43701785802841187,0.6386171579360962,0.6923276617820378,0.6460954742422197,2.0709402561187744,2.295912981033325,1.12678062915802,1.1631489992141724,0.0673527717590332,0.26895207166671753,0.7495733297697145,True,True,True,False,True
29,01187300,0.6848266124725342,0.30276525020599365,0.5741569995880127,0.6697229533829328,0.5636837962049979,2.16850209236145,2.520634174346924,1.2489725351333618,1.280043363571167,0.11066961288452148,0.3820613622665405,0.710335501533091,True,True,False,False,True
29,01195100,0.64827561378479,0.03935962915420532,0.5007662177085876,0.6624535285684827,0.4238786043292415,1.6547300815582275,1.9714142084121704,1.2645422220230103,1.5354362726211548,0.1475093960762024,0.6089159846305847,0.7577508231029721,True,True,False,False,True
29,01333000,0.47029227018356323,0.12031775712966919,0.32343631982803345,0.6267897827263538,0.5908202189986393,2.0280606746673584,2.29201340675354,1.294731616973877,1.269989252090454,0.14685595035552979,0.34997451305389404,0.5803810138228128,False,True,False,False,True
29,01350000,0.6792243123054504,0.2489863634109497,0.6406632661819458,0.7862683465856238,0.7017440100485369,2.270256519317627,2.402841091156006,1.0391864776611328,0.9673896431922913,0.03856104612350464,0.43023794889450073,0.9103727455409559,True,True,True,True,True
29,01350080,0.4896812438964844,-0.9689160585403442,0.37757420539855957,0.6865911146487864,0.6265985690441184,1.862871766090393,2.057339668273926,1.1890437602996826,1.2376548051834106,0.1121070384979248,1.4585973024368286,0.9231405143073887,False,True,False,True,True
29,01350140,0.5667681694030762,-0.22587919235229492,0.4571368098258972,0.7113311912300315,0.5965009514343326,2.1138854026794434,2.366281747817993,1.1179319620132446,1.1770728826522827,0.10963135957717896,0.7926473617553711,0.8616896177710187,True,True,False,True,True
29,01365000,0.6203020811080933,0.18958711624145508,0.5405377149581909,0.793401977725052,0.726209847512759,2.4328415393829346,2.676206588745117,0.919286847114563,0.8661966323852539,0.07976436614990234,0.4307149648666382,0.8148093921589196,True,True,True,True,True
29,01411300,-7.275867462158203,-10.979479789733887,-3.1598219871520996,-1.3242342365261108,-0.6044023341119305,2.9967949390411377,2.1246511936187744,2.088090181350708,1.8920034170150757,-4.1160454750061035,3.7036123275756836,2.11135969722306,False,True,True,True,True
29,01413500,0.525906503200531,-0.6599839925765991,0.4760381579399109,0.7211513054013117,0.7361031501205343,1.957435965538025,2.0578105449676514,1.138439416885376,1.077869176864624,0.04986834526062012,1.1858904957771301,0.957948608713707,True,True,True,True,True
29,01414500,0.5130043625831604,-0.3754434585571289,0.4437131881713867,0.7324230249771231,0.7274473453364139,2.2409749031066895,2.3951010704040527,1.1214739084243774,1.0590814352035522,0.06929117441177368,0.8884478211402893,0.9220087294233655,True,True,True,True,True
29,01415000,0.5260168313980103,-0.6364126205444336,0.4694240093231201,0.7127754396812649,0.6998217658089727,1.875028133392334,1.983810305595398,1.1735676527023315,1.1405365467071533,0.05659282207489014,1.1624294519424438,0.9513150479968291,True,True,True,True,True
29,01423000,0.556106448173523,-0.5924279689788818,0.5837589502334595,0.7802470761325785,0.6697670814430191,1.8671722412109375,1.8080791234970093,0.993726372718811,0.9403438568115234,-0.027652502059936523,1.1485344171524048,1.0240763373277888,True,True,True,True,True
29,01435000,0.6333789825439453,0.33338719606399536,0.571442723274231,0.7669756925407832,0.6916289719341805,2.71685528755188,2.937394380569458,0.9085741639137268,0.859383761882782,0.061936259269714355,0.29999178647994995,0.7935401498938909,True,True,True,False,True
29,01439500,0.4187357425689697,-0.656275749206543,0.5582348108291626,0.5603839720812802,0.6745205343041554,1.94935941696167,1.69942045211792,0.673870325088501,0.8541473150253296,-0.13949906826019287,1.0750114917755127,1.129765187932822,False,True,True,True,True
29,01440000,0.6354035139083862,-0.35505998134613037,0.5524123907089233,0.7623275635481559,0.7643206991708502,1.5602989196777344,1.728783369064331,1.1096699237823486,1.0803959369659424,0.08299112319946289,0.9904634952545166,0.9162098112680701,True,True,True,True,True
29,01440400,0.552923858165741,0.07461059093475342,0.6217020750045776,0.5352886126106776,0.5899543890389889,2.213726758956909,2.03633975982666,0.6844257116317749,0.8434529304504395,-0.06877821683883667,0.47831326723098755,1.143793245035836,True,True,True,True,True
29,01451800,0.4506080150604248,0.17649763822555542,0.5658541917800903,0.4989303980163524,0.5820487400217302,2.1393632888793945,1.9017839431762695,0.6270612478256226,0.8067836761474609,-0.11524617671966553,0.2741103768348694,1.4204371175232544,False,True,True,True,True
29,01466500,-49.578922271728516,-66.40042877197266,-31.69140625,-4.799269803557942,-3.194873948218416,3.4190402030944824,2.748756170272827,3.5231070518493652,3.6349339485168457,-17.887516021728516,16.82150650024414,2.063371822343552,False,True,True,True,True
29,01484100,-1.1240837574005127,-2.6321990489959717,-0.2767601013183594,-0.14610104105044108,0.2085282710363212,2.199366569519043,1.7051652669906616,1.7819234132766724,1.623265266418457,-0.8473236560821533,1.508115291595459,1.5618427588422343,False,True,True,True,True
29,01487000,-2.322333335876465,-5.029568195343018,-0.7575043439865112,-0.367170698814022,0.11410193440423388,2.3618569374084473,1.717829942703247,1.6040371656417847,1.3404242992401123,-1.5648289918899536,2.7072348594665527,1.5780174506907374,False,True,True,True,True
29,01491000,-0.22179663181304932,-1.2410717010498047,0.39542633295059204,0.1989051287000123,0.5585247891499208,2.4190022945404053,1.701615333557129,1.6472291946411133,1.3298012018203735,-0.6172229647636414,1.0192750692367554,1.6055509286868213,False,True,True,True,True
29,01510000,0.43203234672546387,0.05032080411911011,0.5436084270477295,0.3752571895184639,0.4942658005803017,2.1415696144104004,1.919725775718689,0.5268276929855347,0.8318164348602295,-0.11157608032226562,0.38171154260635376,1.2923047062198227,False,True,True,True,True
29,01516500,0.3535093069076538,-1.010913372039795,0.46281492710113525,0.43505754891463666,0.38648953400961583,1.8421924114227295,1.679251790046692,0.7671205401420593,1.4379379749298096,-0.10930562019348145,1.3644226789474487,1.0801112601542233,False,True,True,True,True
29,01518862,0.34086114168167114,-0.5532799959182739,0.47734206914901733,0.29093756176929897,0.4716608533379931,1.895709753036499,1.6880766153335571,0.5877285599708557,1.0714163780212402,-0.1364809274673462,0.8941411375999451,1.152639132378685,False,True,True,True,True
29,01532000,0.4104042053222656,-0.42083418369293213,0.5632903575897217,0.3313621547720157,0.508471586120633,1.9104663133621216,1.6442149877548218,0.5895612835884094,0.9827582240104675,-0.15288615226745605,0.8312383890151978,1.1839257597914679,False,True,True,True,True
29,01539000,0.3436920642852783,-0.03593909740447998,0.53536456823349,0.19768017738850296,0.4262487303488922,2.4170751571655273,2.033726215362549,0.42937880754470825,0.7507221698760986,-0.19167250394821167,0.3796311616897583,1.5048913874589938,False,True,True,True,True
29,01542810,0.3619067668914795,0.07797878980636597,0.46437644958496094,0.2487135577542151,0.3940737475252636,2.479832410812378,2.2720093727111816,0.5964908599853516,0.9666787385940552,-0.10246968269348145,0.2839279770851135,1.3609002668404317,False,True,True,True,True
29,01543000,0.38929474353790283,0.12398111820220947,0.5274882316589355,0.3046062832578097,0.42379613440494424,2.1108832359313965,1.8567553758621216,0.5889038443565369,0.8803560733795166,-0.13819348812103271,0.26531362533569336,1.520868417316226,False,True,True,True,True
29,01543500,0.25954413414001465,0.14894068241119385,0.5209415555000305,0.18641592279372088,0.4468888488353614,2.143617868423462,1.7242175340652466,0.5122179388999939,0.8141945004463196,-0.26139742136001587,0.1106034517288208,3.363374897204058,False,True,True,True,True
29,01544500,0.414742112159729,-0.3482956886291504,0.55854332447052,0.42182655046422346,0.5552329416131236,1.7647043466567993,1.5326478481292725,0.618406355381012,0.922914445400238,-0.14380121231079102,0.7630378007888794,1.1884588314787548,False,True,True,True,True
29,01545600,0.5127362012863159,-0.7453538179397583,0.44510430097579956,0.7157135564931058,0.5848069432073026,1.4076145887374878,1.5021295547485352,0.9953731298446655,1.2791438102722168,0.06763190031051636,1.2580900192260742,0.9462423997671321,True,True,True,True,True
29,01547700,0.4720091223716736,0.042878806591033936,0.5506525039672852,0.3689447030170582,0.48990445700817875,2.081714630126953,1.9204330444335938,0.6582571268081665,0.9954289793968201,-0.07864338159561157,0.42913031578063965,1.1832622369094334,False,True,True,True,True
29,01548500,0.36684679985046387,-0.7455745935440063,0.5525790452957153,0.3792270764638629,0.47082476325536693,1.6305961608886719,1.3707246780395508,0.5585147738456726,0.7490946054458618,-0.18573224544525146,1.1124213933944702,1.1669621301317332,False,True,True,True,True
29,01549500,0.5281435251235962,-0.7120814323425293,0.6193702220916748,0.5098967326885471,0.574603564634139,1.6011919975280762,1.4381024837493896,0.7152675986289978,1.0331438779830933,-0.09122669696807861,1.2402249574661255,1.0735565724741274,True,True,True,True,True
29,01550000,0.6093350648880005,-0.34007298946380615,0.6369248628616333,0.6833426885879662,0.5927693876259281,1.5296357870101929,1.4746334552764893,0.8758702874183655,0.9494452476501465,-0.027589797973632812,0.9494080543518066,1.0290599999095955,True,True,True,True,True
29,01552000,0.4973992109298706,-0.027132630348205566,0.6233996152877808,0.44826841108472504,0.5303262548861478,1.7530925273895264,1.5175172090530396,0.6563460230827332,0.9076964259147644,-0.12600040435791016,0.5245318412780762,1.2402149773232014,False,True,True,True,True
29,01552500,0.5044428110122681,0.28997015953063965,0.5601099729537964,0.3791684745302064,0.46019101158843856,2.312626838684082,2.1788673400878906,0.6200319528579712,0.851810872554779,-0.05566716194152832,0.21447265148162842,1.2595536613035099,True,True,True,True,True
29,01557500,0.5158174633979797,-0.03419792652130127,0.6035734415054321,0.4181374196425204,0.5593208257241353,1.6814082860946655,1.5214229822158813,0.5885826349258423,0.8549470901489258,-0.08775597810745239,0.550015389919281,1.1595518593040302,True,True,True,True,True
29,01567500,0.509620189666748,-0.25808262825012207,0.41322749853134155,0.5817245926334602,0.6253939661596207,1.4127609729766846,1.5453871488571167,0.7726410031318665,1.0423685312271118,0.0963926911354065,0.7677028179168701,0.8744400972801375,True,True,True,True,True
29,01568000,0.5658846497535706,-0.1040797233581543,0.44048213958740234,0.5364194449704114,0.6784075223153248,1.546712040901184,1.7559568881988525,0.7158018946647644,1.066170334815979,0.1254025101661682,0.6699643731117249,0.8128221212962085,True,True,False,True,True
29,01580000,0.02302253246307373,-3.8092994689941406,-0.18822896480560303,0.20816730261851357,0.4073864367289167,1.4179198741912842,1.563721776008606,0.2978212535381317,1.1465672254562378,0.21125149726867676,3.8323220014572144,0.9448763707255419,False,True,False,True,True
29,01583500,-0.07605040073394775,-6.447803497314453,-1.072500467300415,0.3851616853671732,-0.00882241525238614,1.1968896389007568,1.6610593795776367,0.7389377951622009,1.293938159942627,0.9964500665664673,6.371753096580505,0.8436144572046856,False,True,False,True,True
29,01586610,0.31102287769317627,-3.040482521057129,-0.16964316368103027,0.4940260114888858,0.40283526910429734,1.318647027015686,1.7181174755096436,0.5932369828224182,1.314450740814209,0.48066604137420654,3.351505398750305,0.8565820477110271,False,True,False,True,True
29,01591400,0.20613235235214233,-1.8583886623382568,-0.012017369270324707,0.17065146069534076,0.4559263182012947,1.562151551246643,1.7637746334075928,0.3587721288204193,1.3210140466690063,0.21814972162246704,2.064521014690399,0.8943339786467703,False,True,False,True,True
29,01594950,0.48135435581207275,-0.1256333589553833,0.46324121952056885,0.6635849149120387,0.608413045291543,2.1199700832366943,2.1566710472106934,0.8796855211257935,1.1105784177780151,0.018113136291503906,0.606987714767456,0.9701589738130972,False,True,True,True,True
29,01596500,0.6654795408248901,-0.2199263572692871,0.6462726593017578,0.8236948218305539,0.7314723908849426,1.5407322645187378,1.5843462944030762,1.0415488481521606,1.0997588634490967,0.019206881523132324,0.8854058980941772,0.9783072582140294,True,True,True,True,True
29,01605500,-0.8341859579086304,-2.167050361633301,-0.1018294095993042,-0.4720171781166369,-0.02161607464307358,2.331928253173828,1.8073850870132446,2.352496862411499,1.9493318796157837,-0.7323565483093262,1.3328644037246704,1.5494606550094416,False,True,True,True,True
29,01606500,0.1551104187965393,-1.4789984226226807,0.5326620936393738,0.15224869487441395,0.5257189887654365,1.6370630264282227,1.2175335884094238,1.7933260202407837,1.4235923290252686,-0.3775516748428345,1.63410884141922,1.2310443865629732,False,True,True,True,True
29,01632000,0.4484013319015503,-1.1279582977294922,0.4913087487220764,0.512525806996488,0.464719406047703,1.4365140199661255,1.3795117139816284,1.372707486152649,1.3238106966018677,-0.04290741682052612,1.5763596296310425,1.0272193070756126,False,True,True,True,True
29,01632900,0.6077544689178467,-0.2386711835861206,0.4320300817489624,0.7066457901841631,0.5564834605062443,0.829827606678009,0.998553991317749,1.1661598682403564,0.8322142958641052,0.17572438716888428,0.8464256525039673,0.7923924131445667,True,True,False,False,True
29,01634500,0.38706260919570923,-1.8165366649627686,0.5373539924621582,0.4090762534019219,0.4833892473745738,1.3924566507339478,1.209756851196289,1.529693603515625,1.4525214433670044,-0.15029138326644897,2.203599274158478,1.068202683232342,False,True,True,True,True
29,01638480,0.35021132230758667,0.026237845420837402,0.37941211462020874,0.27589480810672184,0.47626637990530496,2.079885721206665,2.0326147079467773,0.5370484590530396,1.2181904315948486,-0.02920079231262207,0.32397347688674927,1.0901332806414574,False,True,True,True,True
29,01639500,0.283394992351532,-1.0795378684997559,0.468431293964386,0.48167273594855897,0.6960302725895612,1.4883679151535034,1.2818880081176758,1.3581571578979492,1.0667985677719116,-0.185036301612854,1.3629328608512878,1.1357633284278437,False,True,True,True,True
29,01644000,0.46165168285369873,-0.041417479515075684,0.3632872700691223,0.3649777138829736,0.5519579300899888,1.5374317169189453,1.6719987392425537,0.5855299234390259,0.9195972681045532,0.09836441278457642,0.5030691623687744,0.804471392519046,False,True,True,True,True
29,01664000,0.6592073440551758,-1.1070404052734375,0.5541832447052002,0.619052064135178,0.7225109869798712,0.9298158288002014,1.0634816884994507,0.7314654588699341,0.8510180115699768,0.10502409934997559,1.7662477493286133,0.940538296855638,True,True,False,True,True
29,01666500,0.5353430509567261,-0.5983943939208984,0.2751818895339966,0.6193717834923045,0.6374206115335391,1.228241205215454,1.5340232849121094,0.8229396939277649,1.1113462448120117,0.2601611614227295,1.1337374448776245,0.7705278566936534,True,True,False,False,True
29,01667500,0.5770648717880249,-0.8022962808609009,0.36574822664260864,0.7505405798658377,0.6850642037183472,1.0431714057922363,1.2774667739868164,1.115883469581604,0.9716446399688721,0.21131664514541626,1.3793611526489258,0.8468010754546743,True,True,False,True,True
29,01669000,-0.9971400499343872,-5.279499053955078,-0.4432356357574463,-0.15942023628423296,0.04106099226386395,1.8312242031097412,1.5567033290863037,1.8209294080734253,1.789056420326233,-0.5539044141769409,4.282359004020691,1.129345627878672,False,True,True,True,True
29,01669520,-0.7399249076843262,-4.191623210906982,-0.12274980545043945,0.16451035410707937,0.2994002444304885,2.0491561889648438,1.6460814476013184,1.513158917427063,1.5526995658874512,-0.6171751022338867,3.4516983032226562,1.1788033159380311,False,True,True,True,True
29,02011400,-0.5601022243499756,-2.327500343322754,-0.3478895425796509,-0.3180564908946961,-0.16960561874633728,1.800750970840454,1.6738027334213257,2.20495343208313,2.057203769683838,-0.2122126817703247,1.7673981189727783,1.1200706730941097,False,True,True,True,True
29,02013000,0.5564038753509521,-0.9947261810302734,0.5797940492630005,0.4776625313348003,0.4744429568616798,1.3342467546463013,1.2985938787460327,1.4671459197998047,1.4150221347808838,-0.02339017391204834,1.5511300563812256,1.0150794408346502,True,True,True,True,True
29,02014000,0.5120524168014526,-1.1134932041168213,0.5191237926483154,0.6058952617697195,0.5575993639416372,1.3250800371170044,1.3154432773590088,1.3184183835983276,1.3459415435791016,-0.007071375846862793,1.625545620918274,1.0043501552684004,True,True,True,True,True
29,02015700,0.1482066512107849,-0.425701379776001,0.31859147548675537,0.22874352690299493,0.3668750085269278,1.7522809505462646,1.5672576427459717,1.716259479522705,1.5817961692810059,-0.17038482427597046,0.5739080309867859,1.2968852413216945,False,True,True,True,True
29,02016000,0.4832139015197754,-0.43469882011413574,0.5418568849563599,0.4956191135977617,0.5787043219995708,1.4174166917800903,1.3345742225646973,1.4357160329818726,1.213944435119629,-0.05864298343658447,0.9179127216339111,1.0638873196268577,False,True,True,True,True
29,02017500,0.486208438873291,-0.7523170709609985,0.5279819965362549,0.4844641068791924,0.5342268915959028,1.355180025100708,1.2989212274551392,1.4674127101898193,1.4056659936904907,-0.04177355766296387,1.2385255098342896,1.0337284596330625,False,True,True,True,True
29,02018000,0.4737357497215271,-0.7714765071868896,0.5275843143463135,0.5307226101058984,0.6025623633543156,1.3515974283218384,1.2805826663970947,1.3933554887771606,1.246221661567688,-0.05384856462478638,1.2452122569084167,1.0432444864929937,False,True,True,True,True
29,02027000,0.4518733024597168,-0.2115461826324463,0.3869320750236511,0.6081280292066971,0.5239857992534354,1.8372083902359009,1.9429974555969238,1.2985056638717651,1.3635042905807495,0.06494122743606567,0.6634194850921631,0.9021113655908917,False,True,True,True,True
29,02027500,0.10314655303955078,-1.131892204284668,0.12089639902114868,0.5338190885875267,0.49738535477552714,2.120230197906494,2.099144220352173,1.2148139476776123,1.3277121782302856,-0.0177498459815979,1.2350387573242188,1.0143718938991468,False,True,True,True,True
29,02028500,0.5769011974334717,-0.4927283525466919,0.49827373027801514,0.7469292131234231,0.6923363906060982,1.3269329071044922,1.444978952407837,0.8530195355415344,1.197980284690857,0.07862746715545654,1.0696295499801636,0.9264909358974659,True,True,True,True,True
29,02038850,-0.1690976619720459,-0.7592589855194092,0.3881732225418091,-0.5326969663915357,0.46492541588303293,1.828574299812317,1.322822093963623,0.0020470640156418085,1.054345965385437,-0.557270884513855,0.5901613235473633,1.9442687317498049,False,True,True,True,True
29,02046000,0.26070839166641235,-0.1490410566329956,0.5659422874450684,-0.08904431464750506,0.5061489739827127,2.024683952331543,1.5513975620269775,0.1991412341594696,1.0008070468902588,-0.305233895778656,0.40974944829940796,1.74492814339464,False,True,True,True,True
29,02051500,-0.025588512420654297,-0.41485917568206787,0.44839125871658325,-0.2945767150967631,0.34458380094272867,1.653275728225708,1.2124792337417603,0.09372960776090622,0.6448370218276978,-0.47397977113723755,0.3892706632614136,2.2176097915165465,False,True,True,True,True
29,02053200,-0.170373797416687,-4.167047500610352,-0.30035412311553955,0.07306943363723561,0.13670751800878478,1.5995607376098633,1.6860454082489014,1.8084748983383179,1.7015613317489624,0.12998032569885254,3.9966737031936646,0.9674778740143365,False,True,False,True,True
29,02053800,0.418303906917572,-0.8714903593063354,0.3572961091995239,0.38900220004233343,0.5626743172003474,1.164140224456787,1.2236653566360474,0.5385012626647949,1.32566499710083,0.061007797718048096,1.2897942662239075,0.9526995899147088,False,True,True,True,True
29,02055100,0.40225809812545776,-0.45326554775238037,0.3599506616592407,0.4947853287629337,0.5524571832870584,1.2718462944030762,1.3160866498947144,0.6758628487586975,0.9169450402259827,0.04230743646621704,0.8555236458778381,0.9505479051688792,False,True,True,True,True
29,02056900,-0.2716367244720459,-0.7283487319946289,0.519640326499939,-0.4000062684651837,0.6254058866769655,1.7404850721359253,1.0697247982025146,0.021276377141475677,0.7937051653862,-0.7912770509719849,0.456712007522583,2.7325514502328003,False,True,True,True,True
29,02059500,-0.19166648387908936,-0.49512815475463867,0.42826831340789795,-0.4959428673854023,0.4846719519686906,1.659420132637024,1.1494104862213135,0.01690022088587284,0.7427405118942261,-0.6199347972869873,0.3034616708755493,3.042876767594233,False,True,True,True,True
29,02064000,-0.169763445854187,0.01563084125518799,0.4050334692001343,-0.41015629603062687,0.3593396529987316,1.5783261060714722,1.1256256103515625,0.0370611771941185,0.6984269618988037,-0.5747969150543213,-0.185394287109375,,False,False,True,False,True
29,02065500,-0.08625388145446777,-0.035181641578674316,0.3673032522201538,-0.2799023239659124,0.35783115723664205,1.4737697839736938,1.1247649192810059,0.0906783863902092,0.7749626636505127,-0.4535571336746216,-0.05107223987579346,,False,False,True,False,True
29,02069700,-0.18189740180969238,-1.925358772277832,0.4279164671897888,-0.07953767004924472,0.700271124713699,1.512155532836914,1.0520497560501099,0.10046961903572083,0.9076561331748962,-0.6098138689994812,1.7434613704681396,1.3497719417985952,False,True,True,True,True
29,02070000,-0.2625584602355957,-1.1254451274871826,0.599303126335144,-0.3366247268409721,0.611925067547736,1.672332525253296,0.9421170949935913,0.022903211414813995,0.7702115178108215,-0.8618615865707397,0.8628866672515869,1.9988120332370969,False,True,True,True,True
29,02074500,-0.2562551498413086,-0.217413067817688,0.49282848834991455,-0.5999179118107694,0.6258191249421634,1.876818299293518,1.1925064325332642,0.002099491422995925,1.002012014389038,-0.7490836381912231,-0.038842082023620605,,False,False,True,False,True
29,02077200,0.12276017665863037,0.009860455989837646,0.47279828786849976,-0.19049572725984376,0.46563478191937246,2.513533115386963,1.948560118675232,0.2161523848772049,1.0347477197647095,-0.3500381112098694,0.11289972066879272,4.100433810963586,False,True,True,True,True
29,02081500,0.007587015628814697,-0.013996720314025879,0.5630897283554077,-0.37446312988648733,0.47708654499594083,2.1649954319000244,1.4365041255950928,0.05664646998047829,0.7750142812728882,-0.555502712726593,0.021583735942840576,,False,False,True,False,True
29,02082950,0.08094948530197144,-3.5703935623168945,0.5464861392974854,-0.04939475904407176,0.6182564418154191,1.2174440622329712,0.8552136421203613,0.21479538083076477,1.128157138824463,-0.4655366539955139,3.651343047618866,1.127497375054667,False,True,True,True,True
29,02092500,-1.432030200958252,-2.098037004470825,-0.8183403015136719,-1.0469288265621435,-0.2623528476967554,3.1918985843658447,2.7599563598632812,2.932497501373291,2.085867404937744,-0.6136898994445801,0.6660068035125732,1.9214468924460386,False,True,True,True,True
29,02096846,0.11084967851638794,-1.1799509525299072,0.43988025188446045,-0.25438464005227557,0.4370678390356436,2.1163108348846436,1.6797022819519043,0.14607475697994232,1.1148427724838257,-0.3290305733680725,1.2908006310462952,1.254904255122162,False,True,True,True,True
29,02102908,-0.4945477247238159,-1.541360855102539,0.1928735375404358,0.26293855285612033,0.5564548694975169,1.3589822053909302,0.9986876249313354,1.4800077676773071,1.10017991065979,-0.6874212622642517,1.0468131303787231,1.6566800151002612,False,True,True,True,True
29,02108000,-0.10408902168273926,-3.233982563018799,0.37207287549972534,0.24544952472351067,0.4998374341686316,1.564120888710022,1.179567813873291,1.6255134344100952,0.7594630718231201,-0.4761618971824646,3.1298935413360596,1.152133576076586,False,True,True,True,True
29,02111180,0.41145628690719604,-1.3261313438415527,0.3887747526168823,0.6749502442087341,0.7065906850982704,1.5425095558166504,1.5719515085220337,0.8326300382614136,1.0211609601974487,0.02268153429031372,1.7375876307487488,0.9869465378960255,False,True,True,True,True
29,02111500,-0.08925914764404297,-6.382749080657959,0.06392401456832886,0.27804251108537226,0.4545593717014488,1.2953897714614868,1.2008545398712158,0.3537578284740448,0.9902218580245972,-0.15318316221237183,6.293489933013916,1.0243399391820451,False,True,True,True,True
29,02112120,-0.003607630729675293,-6.221350193023682,-0.20184540748596191,0.3607952860856496,0.29944918995003966,1.214900016784668,1.329483151435852,0.575255274772644,1.1186912059783936,0.19823777675628662,6.217742562294006,0.968117403580127,False,True,False,True,True
29,02112360,-0.1897791624069214,-5.664590358734131,-0.09523296356201172,0.12029645093657804,0.44727566201106217,1.3763959407806396,1.3205761909484863,0.18909914791584015,0.8510842323303223,-0.09454619884490967,5.4748111963272095,1.0172693076444967,False,True,True,True,True
29,02118500,-0.20987308025360107,-0.8813631534576416,0.33668166399002075,-0.3845241559579733,0.6669978757832029,1.8907816410064697,1.4000142812728882,0.02576466277241707,1.1063488721847534,-0.5465547442436218,0.6714900732040405,1.813943148311508,False,True,True,True,True
29,02125000,0.40895456075668335,0.3300839066505432,0.2074069380760193,0.32919522791199296,0.0507488001806633,2.6393871307373047,3.0564534664154053,0.8373777866363525,0.6340252757072449,0.20154762268066406,0.07887065410614014,-1.555419692721598,False,True,False,False,False
29,02128000,0.05803865194320679,-0.32714521884918213,0.5123928785324097,-0.3165037975629572,0.4849892639240363,2.1060266494750977,1.5152432918548584,0.08028169721364975,0.9153074622154236,-0.4543542265892029,0.3851838707923889,2.1795774980258615,False,True,True,True,True
29,02137727,0.7024624347686768,-0.21889984607696533,0.6431059241294861,0.7133604006469595,0.8231132940811579,1.436089038848877,1.5728238821029663,0.7661486268043518,0.9760591387748718,0.059356510639190674,0.9213622808456421,0.9355774467078115,True,True,True,True,True
29,02140991,0.5810308456420898,-0.3101154565811157,0.5880030393600464,0.690165165832475,0.7594915202660077,1.5055910348892212,1.4930111169815063,0.8202390670776367,0.9039782285690308,-0.006972193717956543,0.8911463022232056,1.007823848565115,True,True,True,True,True
29,02143000,0.4089874029159546,-1.0153484344482422,0.5291769504547119,0.2430679020473263,0.6589447816838375,1.5940229892730713,1.4227383136749268,0.35986489057540894,1.2623571157455444,-0.12018954753875732,1.4243358373641968,1.0843828712202972,False,True,True,True,True
29,02143040,0.5323940515518188,-0.078055739402771,0.7064099311828613,0.3325559819384154,0.7045317854200153,1.8826632499694824,1.4917750358581543,0.47162100672721863,1.1152971982955933,-0.17401587963104248,0.6104497909545898,1.2850617400637085,True,True,True,True,True
29,02149000,0.4678162932395935,-2.750758171081543,0.3965117335319519,0.4371468454618843,0.6676284481673094,1.2949715852737427,1.3789987564086914,0.4686075747013092,0.9762507081031799,0.0713045597076416,3.2185744643211365,0.9778459189004095,False,True,True,True,True
29,02152100,0.5612589120864868,-0.7209372520446777,0.5885409116744995,0.4058502693724154,0.6215394545768751,1.6097896099090576,1.5589361190795898,0.5216311812400818,1.230923056602478,-0.027281999588012695,1.2821961641311646,1.0212775551442235,True,True,True,True,True
29,02177000,0.13792836666107178,-1.6383781433105469,-0.03229069709777832,0.4414543364006578,0.3667377247444008,2.5962092876434326,2.8409855365753174,1.0840352773666382,1.1359727382659912,0.1702190637588501,1.7763065099716187,0.9041724709089932,False,True,False,True,True
29,02178400,0.35066622495651245,-0.9559600353240967,0.09448844194412231,0.5874423929716338,0.45072740387332866,2.002993106842041,2.3653340339660645,0.9068702459335327,0.9605656266212463,0.25617778301239014,1.3066262602806091,0.8039395113967985,False,True,False,True,True
29,02193340,0.13198137283325195,-0.28189051151275635,0.21181261539459229,-0.18858820506901597,0.1834662394246267,1.8738365173339844,1.7855907678604126,0.20418919622898102,1.087937355041504,-0.07983124256134033,0.4138718843460083,1.1928887793078478,False,True,True,True,True
29,02196000,0.33365315198898315,-2.8587770462036133,0.5204610824584961,-0.00958588235806812,0.285902165003308,1.2035540342330933,1.0210038423538208,0.27309221029281616,1.5486009120941162,-0.18680793046951294,3.1924301981925964,1.0585159013266052,False,True,True,True,True
29,02198100,-0.11853218078613281,-1.3786134719848633,0.3362400531768799,-0.47904598604708415,0.08132150986814934,1.8085331916809082,1.3931816816329956,2.422652244567871,1.8249990940093994,-0.4547722339630127,1.2600812911987305,1.3609070598376891,False,True,True,True,True
29,02202600,-2.968634605407715,-3.7892274856567383,-0.17413079738616943,-2.7412054029321045,-0.3380991940334226,2.7120211124420166,1.475131630897522,4.632944583892822,2.26116943359375,-2.7945038080215454,0.8205928802490234,4.405469234845791,False,True,True,True,True
29,02212600,0.2271518111228943,-1.6680874824523926,0.5052515864372253,-0.07205806072620957,0.2603261150538826,1.67662513256073,1.3414703607559204,0.21245694160461426,1.586806297302246,-0.27809977531433105,1.8952392935752869,1.1467359695723214,False,True,True,True,True
29,02215100,0.1230512261390686,-0.6811933517456055,0.6409000754356384,-0.06547918460945201,0.696037976085552,1.7414441108703613,1.1143717765808105,2.0150935649871826,1.1686432361602783,-0.5178488492965698,0.8042445778846741,1.6438947349307806,False,True,True,True,True
29,02216180,0.0477147102355957,-1.1566216945648193,0.16399502754211426,-0.15569558687533736,-0.61443387369621,1.8084946870803833,1.6944866180419922,2.0684456825256348,2.597384452819824,-0.11628031730651855,1.204336404800415,1.0965513596060303,False,True,True,True,True
29,02221525,-0.16047537326812744,-3.9775633811950684,0.29503923654556274,-0.4153056190186373,0.40228357927176794,1.3841019868850708,1.0787792205810547,0.026954984292387962,1.4793403148651123,-0.4555146098136902,3.817088007926941,1.1193356319968844,False,True,True,True,True
29,02231000,-1.715836524963379,-3.7640933990478516,-0.463337779045105,-1.555898736192583,-0.8302357622045946,2.9272372722625732,2.1487128734588623,3.4079840183258057,2.7724010944366455,-1.252498745918274,2.0482568740844727,1.6114949554255076,False,True,True,True,True
29,02245500,-1.0350768566131592,-2.684720039367676,-0.06241476535797119,-1.0755305594637372,-0.8288328469194748,2.8378067016601562,2.0504043102264404,2.9390652179718018,2.807962656021118,-0.972662091255188,1.6496431827545166,1.5896196834706222,False,True,True,True,True
29,02246000,-0.6312789916992188,-1.4183447360992432,0.020329177379608154,-1.0042652048434664,-0.7781651559996046,2.8828020095825195,2.234039068222046,2.9268932342529297,2.759263038635254,-0.6516081690788269,0.7870657444000244,1.827895475968839,False,True,True,True,True
29,02296500,-4.383375644683838,-5.7091217041015625,-0.4206078052520752,-2.142617841311869,-0.3820612708380695,3.9350335597991943,2.021427631378174,3.846541166305542,2.300173759460449,-3.9627678394317627,1.3257460594177246,3.989085135332956,False,True,True,True,True
29,02297155,-3.8699092864990234,-8.241727828979492,-0.5128183364868164,-2.084261246062028,-0.47893672550863675,4.082693576812744,2.27551531791687,3.6863951683044434,2.318895101547241,-3.357090950012207,4.371818542480469,1.7678934789703031,False,True,True,True,True
29,02297310,-1.6396148204803467,-5.393058776855469,-0.5535798072814941,-0.5623813454908484,-0.15662488421478926,3.733161687850952,2.864001989364624,2.253406524658203,1.9951719045639038,-1.0860350131988525,3.753443956375122,1.2893436070503335,False,True,True,True,True
29,02298123,-4.501314163208008,-8.676681518554688,-2.2837095260620117,-1.2774530598153175,-0.3234652934478095,3.9238603115081787,3.0315356254577637,2.636216163635254,1.7103687524795532,-2.217604637145996,4.17536735534668,1.5311160548080371,False,True,True,True,True
29,02298608,-0.7930058240890503,-1.6589019298553467,0.2524874806404114,-0.5565273501739791,0.4060651358095765,4.078327655792236,2.633301019668579,2.4216108322143555,1.4621186256408691,-1.0454933047294617,0.8658961057662964,2.207411949040037,False,True,True,True,True
29,02299950,-0.11362648010253906,-0.8313165903091431,0.5440366268157959,-0.4999593237610265,0.41072257144735014,3.6512677669525146,2.336355209350586,2.428598403930664,1.5292502641677856,-0.657663106918335,0.717690110206604,1.9163608325730044,False,True,True,True,True
29,02342933,0.24559730291366577,-0.07646393775939941,0.34500783681869507,0.2706682008267628,0.13613740135965835,3.024304151535034,2.8180060386657715,1.1362148523330688,1.6260161399841309,-0.0994105339050293,0.3220612406730652,1.3086696607678543,False,True,True,True,True
29,02349900,0.01083463430404663,-1.1648590564727783,0.08073121309280396,-0.29474310478137866,-0.2001991455203933,1.7761638164520264,1.7122604846954346,2.204974412918091,2.1107637882232666,-0.06989657878875732,1.175693690776825,1.0594513514337005,False,True,True,True,True
29,02350900,0.006165981292724609,-3.4505090713500977,0.4736349582672119,0.18828002118390186,0.5428442321045619,1.1501383781433105,0.8370216488838196,1.4177544116973877,1.2044470310211182,-0.4674689769744873,3.4566750526428223,1.1352365987127084,False,True,True,True,True
29,02361000,0.5513590574264526,-1.0100953578948975,0.6113148927688599,0.6332687222148256,0.7239780376227276,1.140146255493164,1.061231255531311,1.238410234451294,1.1683573722839355,-0.05995583534240723,1.56145441532135,1.038397429187882,True,True,True,True,True
29,02369800,-0.3319758176803589,-2.8817665576934814,-0.037764549255371094,-0.04213094584952204,0.22891034335211102,2.335193395614624,2.061218738555908,1.8893449306488037,1.5970184803009033,-0.2942112684249878,2.5497907400131226,1.1153864369369675,False,True,True,True,True
29,02371500,0.6606765985488892,-1.6147522926330566,0.5328516960144043,0.7224819558340596,0.7556359249249072,1.0164810419082642,1.1926686763763428,0.8034297823905945,1.0468071699142456,0.12782490253448486,2.275428891181946,0.9438238201906245,True,True,False,True,True
29,02372250,0.6306619048118591,-1.0075271129608154,0.5369517207145691,0.7918901383470467,0.6563188152805159,1.2299519777297974,1.3771753311157227,1.008373737335205,1.2602227926254272,0.09371018409729004,1.6381890177726746,0.9427964764257174,True,True,True,True,True
29,02374500,0.2624702453613281,-1.411083459854126,0.4796499013900757,0.4840727089016298,0.736492946669552,1.6086485385894775,1.351198673248291,1.3616788387298584,0.9379722476005554,-0.21717965602874756,1.673553705215454,1.129771548622509,False,True,True,True,True
29,02381600,-0.247056245803833,-2.0901968479156494,-0.36005616188049316,0.25524559190291596,0.03463349028171381,2.2801334857940674,2.3811991214752197,1.5455869436264038,1.8256618976593018,0.11299991607666016,1.8431406021118164,0.9386916462329634,False,True,False,True,True
29,02384540,0.5457862615585327,-0.37593507766723633,0.45824527740478516,0.683512988114762,0.6299291706471933,2.3599236011505127,2.577324867248535,1.124912142753601,1.18287193775177,0.08754098415374756,0.921721339225769,0.90502445757925,True,True,True,True,True
29,02395120,0.5461251735687256,-0.47317826747894287,0.4377286434173584,0.7450195581681537,0.5926285501088502,1.4558743238449097,1.6204246282577515,1.1034692525863647,0.958237886428833,0.10839653015136719,1.0193034410476685,0.8936562697758047,True,True,False,True,True
29,02415000,0.6535786986351013,-0.7092493772506714,0.6295799016952515,0.41155476954594394,0.8020098225222505,1.5334508419036865,1.5856773853302002,0.4715062081813812,0.9465720653533936,0.023998796939849854,1.3628280758857727,0.9823904442794431,True,True,True,True,True
29,02427250,0.25574392080307007,0.09311109781265259,0.4517480134963989,0.011885972094639596,0.29370350691766756,2.7463393211364746,2.3571276664733887,0.3847956359386444,0.7064561247825623,-0.19600409269332886,0.16263282299041748,2.2051939398781615,False,True,True,True,True
29,02430085,0.4682624936103821,-0.5201504230499268,0.50946044921875,0.513430253082737,0.5232981922265072,1.9696722030639648,1.8918309211730957,0.718766987323761,0.8781136274337769,-0.04119795560836792,0.9884129166603088,1.0416809158540434,False,True,True,True,True
29,02450250,0.4026370644569397,-0.1059122085571289,0.5245094895362854,0.16465996647037562,0.5372306997799071,3.1272714138031006,2.7900846004486084,1.7989474534988403,1.303587555885315,-0.1218724250793457,0.5085492730140686,1.239647230949781,False,True,True,True,True
29,02464000,0.6331987977027893,-0.006170749664306641,0.48626047372817993,0.6611867025126266,0.5411797746956744,2.144585609436035,2.538045883178711,1.05305814743042,0.9775962233543396,0.14693832397460938,0.639369547367096,0.7701824796321676,True,True,False,False,True
29,02464360,0.6023404598236084,-0.3802746534347534,0.4457515478134155,0.7203250562729451,0.5705275447790868,1.5155761241912842,1.7892634868621826,1.0256187915802002,1.1439638137817383,0.15658891201019287,0.9826151132583618,0.8406406436280606,True,True,False,True,True
29,02465493,0.360592782497406,-3.6649465560913086,0.311840295791626,0.6874478352835814,0.49859850962623886,1.2814387083053589,1.3293938636779785,1.0569461584091187,1.3752235174179077,0.04875248670578003,4.025539338588715,0.9878892037550249,False,True,True,True,True
29,02469800,0.6595185995101929,-0.14661026000976562,0.6329734325408936,0.6210582323521296,0.4746691996906469,1.6053166389465332,1.6667205095291138,1.021950364112854,1.3911452293395996,0.026545166969299316,0.8061288595199585,0.9670708142304858,True,True,True,True,True
29,02472000,0.46815186738967896,-0.9782501459121704,0.49185729026794434,0.3847977986332197,0.44598592107745727,1.7569972276687622,1.7173947095870972,0.6229342222213745,0.7122161984443665,-0.02370542287826538,1.4464020133018494,1.0163892352611916,False,True,True,True,True
29,02472500,0.45403772592544556,-2.265695095062256,0.4932800531387329,0.5181587604845381,0.5036271382195698,1.6509062051773071,1.590468406677246,1.4061787128448486,1.4288593530654907,-0.039242327213287354,2.7197328209877014,1.0144287434818822,False,True,True,True,True
29,02479155,0.5881763100624084,-0.001155853271484375,0.7054694890975952,0.20351983784261019,0.47586364408592763,2.2367959022521973,1.891628623008728,1.7819933891296387,1.507694125175476,-0.11729317903518677,0.5893321633338928,1.1990272826306494,True,True,True,True,True
29,02479300,0.15449368953704834,-2.052637815475464,0.16474908590316772,0.55825351738893,0.6128674536126567,2.5734050273895264,2.557750701904297,1.2240527868270874,1.0110615491867065,-0.010255396366119385,2.207131505012512,1.004646481799036,False,True,True,True,True
29,02479560,0.21831947565078735,-1.8637595176696777,0.37120455503463745,0.5499627862865967,0.7013517588064013,2.253833532333374,2.021444797515869,1.2636525630950928,1.006977915763855,-0.1528850793838501,2.082078993320465,1.0734290485011961,False,True,True,True,True
29,02481000,0.6633963584899902,0.12286162376403809,0.6470853090286255,0.5956842243354543,0.6349320890928998,2.638654947280884,2.7018303871154785,1.328993797302246,1.208504319190979,0.016311049461364746,0.5405347347259521,0.9698242343859098,True,True,True,True,True
29,02481510,0.6516924500465393,-0.4259289503097534,0.6777382493019104,0.6513957084462723,0.7938150962195732,2.0298702716827393,1.952500820159912,1.3094624280929565,1.1155920028686523,-0.026045799255371094,1.0776214003562927,1.0241697123375237,True,True,True,True,True
29,03010655,0.3509864807128906,-0.6992532014846802,0.5419926047325134,0.3836962837650094,0.5559219184265527,1.710142970085144,1.4366196393966675,0.6487494707107544,0.965948224067688,-0.1910061240196228,1.0502396821975708,1.1818690792752684,False,True,True,True,True
29,03011800,0.5478556156158447,-0.13487160205841064,0.5586918592453003,0.6609737118857588,0.6001666540176476,1.527632474899292,1.5092154741287231,0.8752390146255493,0.9864864945411682,-0.010836243629455566,0.6827272176742554,1.0158719959435187,True,True,True,True,True
29,03015500,0.3095930218696594,-0.05947303771972656,0.45409876108169556,0.2795637468605211,0.4028535791753054,2.248380184173584,1.999282717704773,0.5744785070419312,0.7977405190467834,-0.14450573921203613,0.369066059589386,1.3915443738522306,False,True,True,True,True
29,03021350,0.1731688380241394,0.29636865854263306,0.37484848499298096,0.01810765131924663,0.2605198811172318,3.8173420429229736,3.31929087638855,0.378787100315094,0.7089521884918213,-0.20167964696884155,-0.12319982051849365,,False,False,True,False,True
29,03026500,0.47918009757995605,-0.26058268547058105,0.5649335384368896,0.551372091108575,0.6140087195250588,1.6625328063964844,1.5195122957229614,0.80865877866745,1.050538420677185,-0.0857534408569336,0.7397627830505371,1.1159201879598684,False,True,True,True,True
29,03028000,0.4447218179702759,0.04449731111526489,0.5404207706451416,0.4624332568912841,0.5348868490961395,1.8863860368728638,1.7161508798599243,0.7057925462722778,0.9139964580535889,-0.09569895267486572,0.400224506855011,1.2391131753197075,False,True,True,True,True
29,03049000,0.41727137565612793,-1.2748384475708008,0.5370228290557861,0.5381686417273659,0.618889033968361,1.694356918334961,1.5102592706680298,0.6813521981239319,0.9731165170669556,-0.1197514533996582,1.6921098232269287,1.070770497136697,False,True,True,True,True
29,03049800,0.15294891595840454,-0.2707003355026245,0.2658807635307312,0.022712145790551808,0.2859575144839357,2.918678045272827,2.7171568870544434,0.4347010552883148,0.9561929106712341,-0.11293184757232666,0.42364925146102905,1.2665692130526875,False,True,True,True,True
29,03050000,0.5792449712753296,0.062419593334198,0.5660397410392761,0.6372728432480744,0.5472239996581433,2.02968692779541,2.061291456222534,1.0256662368774414,0.9997415542602539,0.013205230236053467,0.5168253779411316,0.9744493385973829,True,True,True,True,True
29,03069500,0.6900303363800049,0.2954336404800415,0.5498641729354858,0.7112897619275631,0.4706385143329891,1.7801135778427124,2.1451609134674072,0.9236431121826172,0.7254520058631897,0.14016616344451904,0.3945966958999634,0.6447862719051924,True,True,False,False,True
29,03070500,0.4146997928619385,0.14216750860214233,0.5411087274551392,0.328248878952608,0.4794897811297234,2.346019983291626,2.0772905349731445,0.5616940259933472,0.7769159078598022,-0.12640893459320068,0.27253228425979614,1.4638310464264086,False,True,True,True,True
29,03076600,0.4670714735984802,-0.521108865737915,0.45300620794296265,0.703659738000836,0.7015441677952731,2.0426058769226074,2.069384813308716,1.151183009147644,1.10103178024292,0.014065265655517578,0.9881803393363953,0.9857664991949111,False,True,True,True,True
29,03078000,0.5567318201065063,0.07591956853866577,0.5913535356521606,0.5529259710634011,0.7095801628642561,1.9198516607284546,1.84335196018219,0.658478856086731,0.9324765801429749,-0.0346217155456543,0.4808122515678406,1.0720067249383918,True,True,True,True,True
29,03140000,-0.13917720317840576,-0.04412961006164551,0.5581897497177124,-0.42451678091570666,0.6357145177282647,2.198542594909668,1.3691693544387817,0.07550813257694244,1.1081691980361938,-0.6973669528961182,-0.09504759311676025,,False,False,True,False,True
29,03144000,-0.03820788860321045,-0.22009897232055664,0.6365975141525269,-0.28341251034849124,0.5977222393463747,2.554614305496216,1.5113919973373413,0.2417372316122055,1.1305291652679443,-0.6748054027557373,0.1818910837173462,4.7099421750896076,False,True,True,True,True
29,03170000,0.3697358965873718,-4.7905683517456055,-0.2645450830459595,0.5131916253512361,0.32878882829483946,0.915861189365387,1.2972853183746338,0.5804252028465271,1.0726509094238281,0.6342809796333313,5.160304248332977,0.8770845769727175,False,True,False,True,True
29,03173000,0.42497533559799194,-1.3000242710113525,0.6395434141159058,0.39662568109930674,0.6886256248473492,1.2241885662078857,0.9692405462265015,0.5861057639122009,0.9071667194366455,-0.21456807851791382,1.7249996066093445,1.1243873202612888,False,True,True,True,True
29,03180500,0.6743029356002808,0.07836878299713135,0.632470965385437,0.7411641355197969,0.6212153494067938,1.6486899852752686,1.7513699531555176,1.0091129541397095,0.9435837864875793,0.04183197021484375,0.5959341526031494,0.9298043751442772,True,True,True,True,True
29,03182500,0.6587297916412354,-0.07641112804412842,0.6265393495559692,0.7173314952866572,0.5784990923647058,1.5708175897598267,1.6432324647903442,1.1102737188339233,0.9474018812179565,0.03219044208526611,0.7351409196853638,0.9562118755421158,True,True,True,True,True
29,03186500,0.5920162200927734,0.4098663926124573,0.6114521026611328,0.5812197169366207,0.5372903501353951,2.4052767753601074,2.347285270690918,0.7863904237747192,0.8385422825813293,-0.019435882568359375,0.18214982748031616,1.1067027229024398,True,True,True,True,True
29,03237280,-0.10635483264923096,-0.0804213285446167,0.39842474460601807,-0.5086470758460924,0.3637237903281313,3.4411191940307617,2.537449836730957,0.09183646738529205,1.0094302892684937,-0.504779577255249,-0.025933504104614258,,False,False,True,False,True
29,03237500,0.17481809854507446,0.35778599977493286,0.4913596510887146,-0.08194849093364387,0.46187843374917925,2.635855197906494,2.069436550140381,0.27253708243370056,0.8142282366752625,-0.31654155254364014,-0.1829679012298584,,False,False,True,False,True
29,03238500,0.5637568235397339,0.3686549663543701,0.5751668214797974,0.4759144650287652,0.5397495367814835,2.4096879959106445,2.3779666423797607,0.7443522214889526,0.989824116230011,-0.011409997940063477,0.19510185718536377,1.058482262058751,True,True,True,True,True
29,03241500,0.6799339056015015,-1.2905213832855225,0.6729428768157959,0.7839477839566624,0.8372898995236551,1.2665921449661255,1.2803502082824707,1.1167644262313843,0.991438627243042,0.006991028785705566,1.970455288887024,0.9964520743885266,True,True,True,True,True
29,03280700,0.30806803703308105,-0.23401427268981934,0.48156118392944336,0.1501712613418098,0.46583079278709427,2.6524195671081543,2.295933246612549,0.5391764640808105,1.155342698097229,-0.1734931468963623,0.5420823097229004,1.320049453347865,False,True,True,True,True
29,03281500,-0.0966341495513916,-0.32271790504455566,0.3013482093811035,-0.2918024058893993,0.1168008713646842,2.9421582221984863,2.3483645915985107,0.275381863117218,0.5248463153839111,-0.3979823589324951,0.22608375549316406,2.760331511055993,False,True,True,True,True
29,03285000,0.6124355792999268,0.42705029249191284,0.5252795815467834,0.4971542352983169,0.4186780988536658,2.1143229007720947,2.340013265609741,0.8044250011444092,0.7860960960388184,0.08715599775314331,0.18538528680801392,0.5298656152610289,True,True,True,False,True
29,03291780,0.5359330177307129,0.13912153244018555,0.5548524856567383,0.554238855149448,0.6157116100211186,2.753636121749878,2.696920871734619,0.8045927882194519,1.0259239673614502,-0.01891946792602539,0.39681148529052734,1.0476787306500803,True,True,True,True,True
29,03338780,0.4212085008621216,-0.9913942813873291,0.6258412003517151,0.16887738717418832,0.6748948017190088,1.8497018814086914,1.4871975183486938,0.3611087203025818,0.8437763452529907,-0.2046326994895935,1.4126027822494507,1.144862166534695,False,True,True,True,True
29,03340800,0.3358335494995117,-0.19396483898162842,0.6858507394790649,0.023913129723197923,0.6997756089800923,2.3226141929626465,1.5973739624023438,0.2776148021221161,0.9957038164138794,-0.3500171899795532,0.5297983884811401,1.6606611072997124,False,True,True,True,True
29,03346000,0.5486048460006714,-0.6055315732955933,0.5825648307800293,0.7132549157809102,0.6249886572694444,2.2194736003875732,2.134352445602417,0.9875683784484863,1.2253127098083496,-0.03395998477935791,1.1541364192962646,1.0294245846605075,True,True,True,True,True
29,03366500,0.8212285041809082,-0.08138012886047363,0.8070473670959473,0.7360694588698802,0.7751192869748882,1.6674495935440063,1.732323169708252,0.8677957653999329,1.133641242980957,0.014181137084960938,0.9026086330413818,0.9842887198661319,True,True,True,True,True
29,03368000,0.4887692332267761,0.18920153379440308,0.4279457926750183,0.4484244199400962,0.43104708641728995,3.6104583740234375,3.819200277328491,0.8137482404708862,1.0752147436141968,0.06082344055175781,0.29956769943237305,0.7969626209133785,False,True,True,False,True
29,03384450,0.15715616941452026,0.2707955837249756,0.5059123039245605,-0.12406585519206104,0.4241309264258508,4.315918445587158,3.304469108581543,0.2851163148880005,0.9502427577972412,-0.3487561345100403,-0.11363941431045532,,False,False,True,False,True
29,03439000,0.3296002745628357,-0.8839111328125,-0.16055381298065186,0.4919371556757097,0.24805604072890375,2.4439187049865723,3.215529441833496,1.1335384845733643,1.3439860343933105,0.49015408754348755,1.2135114073753357,0.5960861310701431,False,True,False,False,True
29,03456500,0.6456742882728577,0.3742893934249878,0.6749470829963684,0.6291920988688169,0.7072395500116839,2.2759172916412354,2.179877996444702,0.8569576740264893,0.9984711408615112,-0.029272794723510742,0.2713848948478699,1.107864495332064,True,True,True,True,True
29,03460000,0.3483036160469055,-1.093306064605713,0.06201523542404175,0.5331024439959731,0.4174727781647203,1.513160228729248,1.8153491020202637,1.3575246334075928,1.3952609300613403,0.28628838062286377,1.4416096806526184,0.8014106144922246,False,True,False,True,True
29,03463300,0.5144567489624023,0.6082628965377808,0.6323354244232178,0.3859411521907117,0.5355109279687404,4.205895900726318,3.6599104404449463,0.7202126383781433,0.8512988686561584,-0.11787867546081543,-0.09380614757537842,,True,False,True,False,True
29,03471500,-0.1100853681564331,-2.2467689514160156,-0.13392925262451172,0.18819378881312743,0.36043799025428525,1.587684988975525,1.6046456098556519,1.6944435834884644,1.425644874572754,0.023843884468078613,2.1366835832595825,0.9888407040448619,False,True,True,True,True
29,03473000,0.1711459755897522,-1.7025516033172607,-0.14701783657073975,0.36864695471673714,0.3519307851405269,1.3641862869262695,1.6047956943511963,1.5295153856277466,1.3799251317977905,0.31816381216049194,1.873697578907013,0.8301946825666034,False,True,False,True,True
29,03479000,0.7077963948249817,0.17396670579910278,0.6611804366111755,0.6843330145894442,0.5915752324966919,1.5894383192062378,1.7115323543548584,1.1338322162628174,1.2572354078292847,0.04661595821380615,0.5338296890258789,0.9126763475840582,True,True,True,True,True
29,03488000,0.5494778752326965,-0.7837706804275513,0.5286037921905518,0.60923424931216,0.663853651126496,1.3511015176773071,1.3820475339889526,0.8009519577026367,1.0801063776016235,0.020874083042144775,1.3332485556602478,0.9843434422234888,True,True,True,True,True
29,03498500,0.234808087348938,-0.5376079082489014,0.3096718192100525,0.25802076497634574,0.4823613980195939,2.3504533767700195,2.2325143814086914,1.6771469116210938,1.4153404235839844,-0.0748637318611145,0.7724159955978394,1.096921519346801,False,True,True,True,True
29,03500000,-0.2683459520339966,-3.252073287963867,-1.289700984954834,0.1969784963442769,-0.14583138331437118,2.301571846008301,3.092395782470703,1.1878496408462524,1.2517253160476685,1.0213550329208374,2.9837273359298706,0.6576915656394806,False,True,False,False,True
29,03500240,0.08704584836959839,-2.9933719635009766,-0.31541407108306885,0.3671084895417329,0.27150966976731117,1.9300506114959717,2.316730260848999,1.1056263446807861,1.1020563840866089,0.40245991945266724,3.080417811870575,0.8693489182208453,False,True,False,True,True
29,03504000,0.4001427888870239,-0.2848004102706909,0.43374699354171753,0.613423027626147,0.681683887680397,2.1288704872131348,2.0683810710906982,0.6829192042350769,0.8196040987968445,-0.033604204654693604,0.6849431991577148,1.0490613012816496,False,True,True,True,True
29,03574500,0.3007069230079651,-0.042643070220947266,0.4022098779678345,0.40968739465909665,0.5446342194990048,3.354464530944824,3.1014726161956787,1.4295514822006226,1.1688189506530762,-0.10150295495986938,0.34334999322891235,1.2956253297264435,False,True,True,True,True
29,03592718,0.4891319274902344,-0.21295201778411865,0.5115241408348083,0.5177236248879576,0.4506636536695894,2.627889394760132,2.5696516036987305,0.9304895997047424,0.8939128518104553,-0.022392213344573975,0.702083945274353,1.0318939259262279,False,True,True,True,True
29,03604000,0.5246155858039856,-0.06888258457183838,0.498546302318573,0.2935922891751016,0.3856366103258071,2.6164608001708984,2.687244415283203,0.47404688596725464,0.6765710115432739,0.026069283485412598,0.593498170375824,0.9560752083382084,True,True,True,True,True
29,04015330,0.5212616324424744,0.4959638714790344,0.627395749092102,0.284662649351772,0.617028905350067,1.5336391925811768,1.3530006408691406,0.4381760060787201,1.15260648727417,-0.10613411664962769,0.02529776096343994,,True,False,True,False,True
29,04027000,0.5841050148010254,-0.645201563835144,0.5166667699813843,0.49214710045791776,0.3012151075405257,1.0858287811279297,1.1705577373504639,1.4360820055007935,1.6375703811645508,0.06743824481964111,1.2293065786361694,0.945141231657233,True,True,True,True,True
29,04040500,0.2940303683280945,-1.0767111778259277,0.40747004747390747,0.537544591343786,0.536278087444598,1.4661476612091064,1.3431974649429321,1.1835256814956665,1.3822299242019653,-0.11343967914581299,1.3707415461540222,1.0827578907665694,False,True,True,True,True
29,04043050,0.32933133840560913,0.18261539936065674,0.17321979999542236,0.31918529829893194,0.34091300700739124,1.9034786224365234,2.113435745239258,1.064566731452942,1.123422384262085,0.15611153841018677,0.1467159390449524,-0.06403939085552014,False,True,False,False,False
29,04045500,-3.8246922492980957,-8.901654243469238,-4.1818742752075195,-0.55411737261466,-0.7855865815628322,2.2688474655151367,2.351331949234009,1.106679081916809,1.951003074645996,0.35718202590942383,5.076961994171143,0.9296465038896284,False,True,False,True,True
29,04057510,-11.515486717224121,-14.131771087646484,-10.010807037353516,-1.8442342929412758,-1.7361544638656037,3.003545045852661,2.817214012145996,2.2197611331939697,2.45209002494812,-1.5046796798706055,2.6162843704223633,1.5751208457617685,False,True,True,True,True
29,04057800,0.1336764097213745,-1.3488943576812744,-0.03102242946624756,0.3046641426921416,0.21828310865191913,1.5162205696105957,1.6540794372558594,1.4028781652450562,1.654457688331604,0.16469883918762207,1.482570767402649,0.8889099644962231,False,True,False,True,True
29,04059500,-1.6001386642456055,-4.333146095275879,-1.364018440246582,-0.48794482597956,-0.5943339176478923,1.5296950340270996,1.4585859775543213,2.1727960109710693,2.347121477127075,-0.23612022399902344,2.7330074310302734,1.0863957489899734,False,True,True,True,True
29,04063700,-6.820445537567139,-12.626201629638672,-5.929291725158691,-1.556440866621727,-1.5728312411172465,2.0257725715637207,1.906862497329712,2.7001235485076904,2.917293071746826,-0.8911538124084473,5.805756092071533,1.153494876167021,False,True,True,True,True
29,04074950,-11.268635749816895,-20.51370620727539,-11.22844123840332,-1.8430513221206555,-1.878366585642762,1.5513710975646973,1.5488276481628418,2.2461142539978027,2.193302631378174,-0.04019451141357422,9.245070457458496,1.0043476695606086,False,True,True,True,True
29,04105700,-11.436882019042969,-24.46605682373047,-13.170026779174805,-2.0068585938226904,-2.025081873996051,1.6719077825546265,1.7846040725708008,1.6152446269989014,1.9107651710510254,1.733144760131836,13.0291748046875,0.8669796985524898,False,True,False,True,True
29,04115265,-8.176570892333984,-14.315741539001465,-12.161139488220215,-1.6241197336014785,-2.0106336266258147,1.5548019409179688,1.8620083332061768,1.9222432374954224,2.226647138595581,3.9845685958862305,6.1391706466674805,0.35095979160488566,False,True,False,False,True
29,04122200,-9.427787780761719,-15.214826583862305,-6.122873306274414,-1.6064259940764125,-0.9774502290783373,1.6695623397827148,1.3798571825027466,1.7787435054779053,1.7224149703979492,-3.3049144744873047,5.787038803100586,1.57108904690886,False,True,True,True,True
29,04122500,-10.665877342224121,-18.30011749267578,-9.36881160736084,-1.763025070533276,-1.4634827165270852,1.6508063077926636,1.5563308000564575,1.6789517402648926,1.6925914287567139,-1.2970657348632812,7.63424015045166,1.1699010915692172,False,True,True,True,True
29,04127918,-1.5227460861206055,-4.426743030548096,-1.7467329502105713,-0.441823180620762,-0.5071773994164062,1.721285343170166,1.796074390411377,1.8952950239181519,2.0479016304016113,0.22398686408996582,2.9039969444274902,0.9228694560027769,False,True,False,True,True
29,04127997,-20.759489059448242,-41.82466125488281,-13.443804740905762,-2.9267584670444333,-2.0631037263322316,1.2746224403381348,1.0384796857833862,1.5564112663269043,1.51277756690979,-7.3156843185424805,21.06517219543457,1.3472881327847868,False,True,True,True,True
29,04161580,-1.241929531097412,-15.566732406616211,-6.705972671508789,0.04816528775228379,-1.4391461197249282,0.9852808117866516,1.8266812562942505,0.986760675907135,2.590585231781006,5.464043140411377,14.324802875518799,0.6185606749430759,False,True,False,False,True
29,04185000,0.043534815311431885,-3.115276336669922,0.31332844495773315,0.5124166760070972,0.594200865106387,1.3803105354309082,1.1695444583892822,0.75661700963974,1.0232833623886108,-0.26979362964630127,3.1588111519813538,1.0854098636055132,False,True,True,True,True
29,04196800,0.3316879868507385,-0.9870926141738892,0.4551396369934082,0.10037207203400222,0.3674137810097273,1.8801548480987549,1.6976438760757446,0.3266003131866455,0.6851130127906799,-0.12345165014266968,1.3187806010246277,1.0936104535104276,False,True,True,True,True
29,04197100,0.5608173608779907,-0.680511474609375,0.5184686183929443,0.3651081974155105,0.6291443539433603,1.5432393550872803,1.6159318685531616,0.4978262186050415,1.1941449642181396,0.04234874248504639,1.2413288354873657,0.9658843480676741,True,True,True,True,True
29,04197170,0.6977419257164001,-0.06853556632995605,0.6035087704658508,0.5907728759846148,0.5791746316223416,1.6428422927856445,1.8815845251083374,0.8131283521652222,1.1237174272537231,0.09423315525054932,0.7662774920463562,0.8770247642288198,True,True,True,True,True
29,04213000,0.10988509654998779,-0.34999799728393555,0.3471018671989441,0.05974737883642289,0.2999010364169221,2.8299853801727295,2.4237279891967773,0.46804627776145935,0.8320130109786987,-0.2372167706489563,0.45988309383392334,1.5158197242506635,False,True,True,True,True
29,04213075,0.24972540140151978,-0.31021904945373535,0.29333341121673584,0.2966988823874045,0.44077216542815445,2.4553117752075195,2.3828890323638916,0.6445990800857544,1.26126229763031,-0.043608009815216064,0.5599444508552551,1.0778791713153144,False,True,True,True,True
29,04216418,0.16045606136322021,-0.3049126863479614,0.5306545495986938,0.11703122290553103,0.5307019966890427,2.142813205718994,1.6021710634231567,0.3594329357147217,0.8921800255775452,-0.37019848823547363,0.46536874771118164,1.7954949490188523,False,True,True,True,True
29,04221000,0.29029208421707153,-0.5698446035385132,0.5816677808761597,0.2559154841125473,0.5615668922010141,1.687493085861206,1.2955758571624756,0.5277453064918518,0.9571264386177063,-0.29137569665908813,0.8601366877555847,1.3387551081205422,False,True,True,True,True
29,04224775,0.202988862991333,-0.9782810211181641,0.47761452198028564,0.10090026153382314,0.48861411264982124,1.615967869758606,1.308266043663025,0.316415399312973,0.9782902002334595,-0.27462565898895264,1.181269884109497,1.2324834169424201,False,True,True,True,True
29,04233000,0.18083083629608154,-1.1224501132965088,0.5239477157592773,0.07967548569966065,0.5416667107713586,1.4888337850570679,1.1349762678146362,0.25537601113319397,0.9874773025512695,-0.3431168794631958,1.3032809495925903,1.2632716142827494,False,True,True,True,True
29,04256000,0.5576583743095398,0.1563209891319275,0.393250048160553,0.6797493296641692,0.6073200910615695,1.7147005796432495,2.0082337856292725,1.1604920625686646,1.2000876665115356,0.16440832614898682,0.4013373851776123,0.5903488381073003,True,True,False,False,True
29,04296000,0.3739206790924072,-0.3041454553604126,0.10532891750335693,0.4645933143010298,0.43026718586317625,1.7050880193710327,2.0382800102233887,1.4871845245361328,1.4485604763031006,0.2685917615890503,0.6780661344528198,0.6038855976699142,False,True,False,False,True
29,05057200,-1.1148402690887451,-12.423955917358398,-2.0822527408599854,-0.007288039350584752,-1.1801258124260525,0.7131574749946594,0.8609556555747986,1.584289312362671,2.9233357906341553,0.9674124717712402,11.309115648269653,0.9144572836763537,False,True,False,True,True
29,05120500,-45.556297302246094,-80.73219299316406,-81.428955078125,-5.6072454531708065,-8.687512516988974,1.6691583395004272,2.2209982872009277,3.1331257820129395,6.092577934265137,35.872657775878906,35.17589569091797,-0.019807941525731607,False,True,False,False,False
29,05291000,0.25944894552230835,-4.276683330535889,-0.17692363262176514,0.4898098005561883,0.061358727750638664,0.7161600589752197,0.9028315544128418,0.7083138823509216,1.7964446544647217,0.4363725781440735,4.536132276058197,0.9038007378119776,False,True,False,True,True
29,05362000,0.27168041467666626,-1.805283546447754,0.4617847800254822,0.19922295203818186,0.24798232146086996,1.445616602897644,1.2427109479904175,1.7035620212554932,1.7073432207107544,-0.19010436534881592,2.07696396112442,1.0915299296988754,False,True,True,True,True
29,05393500,0.47046124935150146,-0.3919484615325928,0.48436135053634644,0.522709917351206,0.33818730604165037,1.4976977109909058,1.4779101610183716,1.3771800994873047,1.58076012134552,-0.01390010118484497,0.8624097108840942,1.0161177465993458,False,True,True,True,True
29,05399500,0.44574064016342163,-0.17158198356628418,0.42510074377059937,0.05172595196872998,0.01127760772629316,1.7243996858596802,1.7562134265899658,1.881490707397461,1.9065204858779907,0.020639896392822266,0.6173226237297058,0.9665654625321825,False,True,True,True,True
29,05408000,-0.39940619468688965,-2.3739829063415527,-0.4965296983718872,0.25660915034077214,0.3314713601997711,1.2563657760620117,1.2992324829101562,1.4884368181228638,1.182664394378662,0.09712350368499756,1.974576711654663,0.9508130005222184,False,True,True,True,True
29,05413500,-0.13142013549804688,-5.599459648132324,0.18309533596038818,0.42688412156579647,0.5456856140686828,1.0825138092041016,0.9198291897773743,1.105303168296814,0.7268272042274475,-0.31451547145843506,5.468039512634277,1.0575188732143808,False,True,True,True,True
29,05414000,-0.18226373195648193,-3.877735137939453,0.11246049404144287,0.4718769743810901,0.5099102698938192,1.395930290222168,1.2094846963882446,1.113354206085205,0.7708202600479126,-0.2947242259979248,3.695471405982971,1.079752809214209,False,True,True,True,True
29,05444000,-0.2002965211868286,-8.88343620300293,-0.4846656322479248,0.3937416051572362,0.31574548208715225,1.3941659927368164,1.550545573234558,0.7414887547492981,1.204827070236206,0.2843691110610962,8.683139681816101,0.9672504276700038,False,True,False,True,True
29,05454000,0.5753599405288696,-1.9567067623138428,0.521376371383667,0.5023852798309077,0.5951517663257075,1.2798062562942505,1.358722448348999,0.6071764826774597,0.9156612157821655,0.05398356914520264,2.5320667028427124,0.9786800367128575,True,True,True,True,True
29,05458000,0.08100897073745728,-3.181725025177002,0.21239864826202393,0.5620685780861898,0.6015368395339636,1.7901740074157715,1.6572684049606323,1.138473391532898,1.1637932062149048,-0.13138967752456665,3.2627339959144592,1.0402698098248557,False,True,True,True,True
29,05466500,0.19722479581832886,-4.1720075607299805,0.2076277732849121,0.2480302079326805,0.5810488240704541,1.3023601770401,1.2938941717147827,0.3869648277759552,0.8905065059661865,-0.010402977466583252,4.369232356548309,1.0023809622875726,False,True,True,True,True
29,05487980,0.38315969705581665,-0.11199712753295898,0.4854723811149597,0.17290367868222578,0.419395035346091,1.9572570323944092,1.7875815629959106,0.4791881740093231,0.9100561141967773,-0.10231268405914307,0.49515682458877563,1.2066268280642463,False,True,True,True,True
29,05488200,0.1365731954574585,0.0631287693977356,0.3739854693412781,-0.25235891060867766,0.3368892145932191,2.808138847351074,2.391101598739624,0.12053879350423813,0.8711276054382324,-0.23741227388381958,0.0734444260597229,4.232543116216372,False,True,True,True,True
29,05489000,0.08251285552978516,-0.06350898742675781,0.33999693393707275,-0.30501092293218046,0.20970039902119308,2.6891064643859863,2.2807672023773193,0.10367710143327713,0.6407687664031982,-0.2574840784072876,0.14602184295654297,2.7633257682134342,False,True,True,True,True
29,05495000,0.3170434236526489,-0.43579721450805664,0.4555504322052002,-0.031162968100646227,0.30261112829552295,2.2683186531066895,2.0252859592437744,0.25337687134742737,0.660857081413269,-0.13850700855255127,0.7528406381607056,1.1839791870042287,False,True,True,True,True
29,05495500,0.6312389373779297,-0.630020260810852,0.6321711540222168,0.3970328506187797,0.5740443185928863,1.668379306793213,1.666269302368164,0.5936003923416138,1.0078541040420532,-0.0009322166442871094,1.2612591981887817,1.0007391158341012,True,True,True,True,True
29,05501000,0.5911924242973328,-0.03583574295043945,0.5688461065292358,0.3307876298578175,0.4550556120139869,1.923465609550476,1.9753366708755493,0.5814298987388611,0.8937126994132996,0.022346317768096924,0.6270281672477722,0.9643615407802458,True,True,True,True,True
29,05503800,0.4836837649345398,-0.14552271366119385,0.6131430268287659,0.18329644238086196,0.5463422750967752,2.2533092498779297,1.9504648447036743,0.4303889274597168,1.1385587453842163,-0.12945926189422607,0.6292064785957336,1.2057500459676669,False,True,True,True,True
29,05507600,0.5508663654327393,0.42540431022644043,0.5561050176620483,0.34648864128846135,0.4412872307345669,2.818774461746216,2.8022873401641846,0.6434937715530396,1.0476794242858887,-0.005238652229309082,0.12546205520629883,1.0417548733813988,True,True,True,True,True
29,05508805,0.631279468536377,0.2461414337158203,0.4712485074996948,0.555754646892147,0.34234423257652535,1.9654897451400757,2.35368275642395,1.0160883665084839,0.8483665585517883,0.16003096103668213,0.38513803482055664,0.5844841418707355,True,True,False,False,True
29,05525500,0.5111535787582397,-2.781576156616211,0.4930098056793213,0.4538474781251003,0.7321775558044967,1.4402148723602295,1.4666986465454102,0.5537512302398682,0.9548344612121582,0.018143773078918457,3.2927297353744507,0.9944897472501322,True,True,True,True,True
29,05556500,0.5444729328155518,-2.5812222957611084,0.4920617938041687,0.7759338147539832,0.6711586065085904,1.277213215827942,1.3486888408660889,0.9744601845741272,1.2226896286010742,0.05241113901138306,3.12569522857666,0.9832321659091346,True,True,True,True,True
29,05584500,0.31808990240097046,-2.924994468688965,0.27043819427490234,0.32132591611439265,0.48205691674529705,1.6853663921356201,1.7432585954666138,0.501691460609436,0.8512907028198242,0.047651708126068115,3.2430843710899353,0.9853066702331728,False,True,True,True,True
29,05591550,0.32710015773773193,-0.29134702682495117,0.4961211085319519,0.009463453765474528,0.32697809306320313,2.361193895339966,2.043240785598755,0.25092703104019165,0.6259670257568359,-0.16902095079421997,0.6184471845626831,1.2732989251357627,False,True,True,True,True
29,05592050,0.2654043436050415,-0.3811899423599243,0.49902045726776123,-0.06646204384616294,0.33317955817043976,2.3794517517089844,1.965000867843628,0.2268727570772171,0.6639699935913086,-0.23361611366271973,0.6465942859649658,1.361302471632695,False,True,True,True,True
29,05592575,0.4190787076950073,0.1295810341835022,0.3721742630004883,0.14645321878729523,0.28685525191016625,2.637112855911255,2.741508960723877,0.4370603859424591,0.8553495407104492,0.04690444469451904,0.2894976735115051,0.8379798907342343,False,True,True,True,True
29,05593575,0.6980018019676208,-0.012052178382873535,0.7231132984161377,0.608087594931748,0.5960860388429288,1.7009804248809814,1.6287264823913574,0.8642886877059937,1.2558131217956543,-0.025111496448516846,0.7100539803504944,1.0353656160565727,True,True,True,True,True
29,05593900,0.4807046055793762,0.13594096899032593,0.49077337980270386,0.18849088639123057,0.386232689088173,2.716212272644043,2.6897506713867188,0.42809808254241943,0.8552343845367432,-0.010068774223327637,0.3447636365890503,1.0292048614028555,False,True,True,True,True
29,05595730,0.7312902212142944,0.12257552146911621,0.705949068069458,0.6062694582127618,0.566304313247687,1.9817031621932983,2.073042154312134,1.1620333194732666,1.1362740993499756,0.025341153144836426,0.6087146997451782,0.9583694082705004,True,True,True,True,True
29,06221400,-0.12353551387786865,0.06422191858291626,0.11018091440200806,-0.055770623544393993,0.005995468866353271,2.022111177444458,1.7995442152023315,0.3178056478500366,0.3071753978729248,-0.2337164282798767,-0.1877574324607849,,False,False,True,False,True
29,06224000,-0.03365743160247803,0.14517682790756226,0.16036391258239746,-0.12842283511408148,-0.013083942639177115,1.861149549484253,1.6774072647094727,0.21423950791358948,0.2965736985206604,-0.1940213441848755,-0.17883425951004028,,False,False,True,False,True
29,06278300,0.22616511583328247,0.30715733766555786,0.3233898878097534,0.2571503489672907,0.16467342123793705,2.512040376663208,2.3489387035369873,0.7976933121681213,0.5393677949905396,-0.09722477197647095,-0.08099222183227539,,False,False,True,False,True
29,06289000,0.09336698055267334,0.07710403203964233,-0.3384559154510498,0.560935144214622,-0.14729443157667865,0.8194347023963928,0.9956361055374146,0.9725596904754639,0.3075557053089142,0.43182289600372314,0.016262948513031006,,False,False,False,False,False
29,06311000,0.33418798446655273,0.49355626106262207,0.5097265839576721,0.09511173494953051,0.2540557803737502,0.8552407622337341,0.7338913083076477,0.4060910940170288,0.5100682973861694,-0.17553859949111938,-0.15936827659606934,,False,False,True,False,True
29,06332515,-0.5653156042098999,-8.150003433227539,-0.44255852699279785,-0.27629100170765897,-0.28567495073342997,0.2611977458000183,0.2507466673851013,2.065141201019287,2.0378246307373047,-0.12275707721710205,7.584687829017639,1.0161848555912156,False,True,True,True,True
29,06339100,0.19150108098983765,-3.593842029571533,0.1409316062927246,0.25757990779295725,0.22550831425756457,0.3602026104927063,0.37129661440849304,0.9636212587356567,1.078933835029602,0.05056947469711304,3.785343110561371,0.9866407157237554,False,True,True,True,True
29,06344600,0.09898597002029419,-2.571455717086792,0.10241222381591797,0.18091352559721874,0.13035985675071804,0.423918217420578,0.4231114387512207,1.1639392375946045,1.1232259273529053,-0.0034262537956237793,2.670441687107086,1.0012830288757721,False,True,True,True,True
29,06352000,0.4045870900154114,-2.524085521697998,0.2623860836029053,0.2704044631957675,0.168191605678643,0.36665183305740356,0.4080931544303894,0.716831624507904,1.5242823362350464,0.1422010064125061,2.9286726117134094,0.9514452363696221,False,True,False,True,True
29,06404000,-0.346474289894104,-6.301764011383057,-0.12943017482757568,0.33913167138101585,-0.7842239848348591,0.32585182785987854,0.2984357476234436,1.2411824464797974,2.740053415298462,-0.21704411506652832,5.955289721488953,1.0364456013421732,False,True,True,True,True
29,06406000,-0.030376315116882324,-2.0082080364227295,-0.6314828395843506,0.18827699345380833,-0.10435045552529365,0.17710842192173004,0.2228602021932602,0.7140737771987915,1.8893300294876099,0.6011065244674683,1.9778317213058472,0.6960780242362619,False,True,False,False,True
29,06409000,-170.92849731445312,-337.8113708496094,-13.501039505004883,-11.015356072064888,-2.090418977662883,0.9685754179954529,0.2812930941581726,3.4467945098876953,1.3588898181915283,-157.42745780944824,166.88287353515625,1.943341006027703,False,True,True,True,True
29,06431500,-20.960731506347656,-34.03642272949219,-1.6401886940002441,-3.2324788330804752,-0.013300544310249629,0.8970799446105957,0.31104645133018494,1.4718294143676758,0.5958747863769531,-19.320542812347412,13.075691223144531,2.477592463957028,False,True,True,True,True
29,06440200,-0.1911834478378296,-13.455842971801758,-1.1783168315887451,0.33863512403573637,-2.9179675727903547,0.2611575722694397,0.35316190123558044,1.2256839275360107,4.8532938957214355,0.9871333837509155,13.264659523963928,0.9255817021185081,False,True,False,True,True
29,06447500,-224.5997772216797,-691.1453857421875,-164.62869262695312,-13.54384542326662,-11.555433349634262,0.9490032196044922,0.8131415247917175,7.900731563568115,8.858874320983887,-59.97108459472656,466.5456085205078,1.128542812319903,False,True,True,True,True
29,06470800,-0.15036416053771973,-3.4917068481445312,-0.16120707988739014,0.327432850935918,-0.0006018191245660276,1.0437300205230713,1.0486373901367188,1.1233266592025757,1.777863621711731,0.01084291934967041,3.3413426876068115,0.9967549214901281,False,True,True,True,True
29,06477500,-0.9515659809112549,-32.38569259643555,-4.834438800811768,0.2310997782706229,-3.331429825049561,0.5389683246612549,0.9319039583206177,1.152199625968933,5.018216133117676,3.8828728199005127,31.434126615524292,0.876475880262476,False,True,False,True,True
29,06479215,-1.1719639301300049,-11.507308959960938,-2.859147548675537,-0.491523642308201,-1.8828519414962073,0.9069018363952637,1.2088701725006104,2.1912529468536377,3.613055944442749,1.6871836185455322,10.335345029830933,0.8367559463495597,False,True,False,True,True
29,06601000,-1.820908546447754,-31.612018585205078,-6.362488746643066,-0.020340125418030208,-1.3008630935555012,0.7645336985588074,1.2351350784301758,0.7127271294593811,2.10451602935791,4.5415802001953125,29.791110038757324,0.8475525015923591,False,True,False,True,True
29,06614800,0.6161143183708191,0.6175427436828613,0.39607179164886475,0.5769941074815762,0.2442497816388527,2.0361032485961914,2.5538272857666016,0.9655041694641113,0.6733508110046387,0.22004252672195435,-0.0014284253120422363,,True,False,False,False,False
29,06622700,0.6480615139007568,0.7077308893203735,0.7726243734359741,0.48389921783423784,0.6598252467631489,1.5750797986984253,1.2660216093063354,0.6888679265975952,1.055439829826355,-0.12456285953521729,-0.0596693754196167,,True,False,True,False,True
29,06623800,0.6456334590911865,0.7104231119155884,0.7884750962257385,0.45903882153429565,0.6198427053253108,1.634796380996704,1.2630428075790405,0.7444621324539185,1.3557225465774536,-0.142841637134552,-0.06478965282440186,,True,False,True,False,True
29,06632400,0.715238094329834,0.726725161075592,0.6624557971954346,0.7280085691921978,0.541528317676804,1.2922842502593994,1.406962275505066,0.9657798409461975,0.9258599877357483,0.052782297134399414,-0.011487066745758057,,True,False,True,False,False
29,06746095,0.1788773536682129,0.2704147696495056,0.2618301510810852,-0.0498048910548019,0.03426409329130797,5.699092388153076,5.403558254241943,0.3560482859611511,0.43184471130371094,-0.08295279741287231,-0.09153741598129272,,False,False,True,False,False
29,06803510,0.3238871693611145,-3.506868362426758,0.2895449995994568,0.01501829392271159,0.07110786558842885,0.8794436454772949,0.9015020728111267,0.2834034860134125,1.7907929420471191,0.034342169761657715,3.8307555317878723,0.9910351445095663,False,True,True,True,True
29,06803530,0.060392677783966064,-3.413938045501709,0.13330334424972534,-0.2905601738945536,0.2897572958910225,1.0460542440414429,1.0046495199203491,0.13105681538581848,1.134167194366455,-0.07291066646575928,3.474330723285675,1.0209855285154914,False,True,True,True,True
29,06814000,0.18573367595672607,-1.1689376831054688,0.17561018466949463,-0.05541484494218252,0.2772866887513362,1.315319299697876,1.3234703540802002,0.30930766463279724,1.293516755104065,0.010123491287231445,1.3546713590621948,0.9925269762149251,False,True,True,True,True
29,06847900,-242.1528778076172,-1914.8817138671875,-448.3941955566406,-30.044855637912878,-56.473520756086884,0.6898708939552307,0.9378682971000671,28.48712158203125,55.31246566772461,206.24131774902344,1672.7288360595703,0.8767036752741921,False,True,False,True,True
29,06853800,-3.799562931060791,-49.708091735839844,-5.16492223739624,-2.024730993892226,-5.626849607947326,0.8195637464523315,0.9288502335548401,3.5435171127319336,7.421571731567383,1.3653593063354492,45.90852880477905,0.9702591361151761,False,True,False,True,True
29,06876700,-4.12044095993042,-27.899621963500977,-1.0837016105651855,-0.9918445059717327,-0.8297757502012677,0.6431654691696167,0.4102860987186432,2.313622236251831,2.690917491912842,-3.0367393493652344,23.779181003570557,1.1277058006711524,False,True,True,True,True
29,06878000,0.3041161298751831,-1.7353947162628174,0.21732842922210693,0.06898193710836964,0.16807013896285738,0.6781589388847351,0.7192053198814392,0.3498629927635193,1.5820432901382446,0.08678770065307617,2.0395108461380005,0.9574468060234067,False,True,True,True,True
29,06879650,0.2213296890258789,-0.6740521192550659,0.13439100980758667,0.19507532371072944,0.15356089309391874,1.6863362789154053,1.777985692024231,0.6300451755523682,1.0298515558242798,0.08693867921829224,0.8953818082809448,0.9029032325492441,False,True,True,True,True
29,06885500,0.06321096420288086,-0.6654810905456543,0.24167221784591675,-0.3042453008161501,0.2248554932725122,1.4818283319473267,1.3332312107086182,0.1867562085390091,0.8691715598106384,-0.1784612536430359,0.7286920547485352,1.2449062707354772,False,True,True,True,True
29,06888500,0.42992472648620605,-0.223596453666687,0.15479320287704468,0.13185062956625349,0.005233914123939809,1.3621065616607666,1.6585420370101929,0.3630577623844147,0.5153763890266418,0.2751315236091614,0.6535211801528931,0.5790013668037605,False,True,False,False,True
29,06889200,0.13504177331924438,0.1446956992149353,0.13179492950439453,-0.06612042158133513,-0.009724750101784974,3.0064024925231934,3.01203989982605,0.5050280094146729,0.7454427480697632,0.0032468438148498535,-0.009653925895690918,,False,False,True,False,False
29,06889500,0.23573225736618042,0.16255056858062744,0.2388308048248291,-0.05101753324586733,0.11162628087072424,2.2692198753356934,2.264615297317505,0.35579752922058105,0.7009124159812927,-0.0030985474586486816,0.07318168878555298,1.0423404749202834,False,True,True,True,True
29,06892000,0.4784013628959656,-0.5683296918869019,0.3324393630027771,0.38042991996681574,0.15441152530673097,1.65981924533844,1.8777507543563843,0.6843845844268799,0.6104632616043091,0.14596199989318848,1.0467310547828674,0.8605544382902954,False,True,False,True,True
29,06903400,0.1816813349723816,-0.7381101846694946,0.43588322401046753,-0.1875971950171631,0.38803463502594293,2.3079721927642822,1.9162575006484985,0.14857494831085205,0.8310215473175049,-0.25420188903808594,0.9197915196418762,1.2763690288610838,False,True,True,True,True
29,06906800,0.49033206701278687,0.3351926803588867,0.3860066533088684,0.34974279503357575,0.2396037305323122,2.122668981552124,2.3298099040985107,0.7206551432609558,0.7032263875007629,0.10432541370391846,0.15513938665390015,0.3275375392797084,False,True,False,False,True
29,06910800,0.26419514417648315,0.16569280624389648,0.17785155773162842,-0.1555665080948907,0.04166626810703411,2.0580203533172607,2.175421714782715,0.1675254851579666,0.6689815521240234,0.08634358644485474,0.09850233793258667,0.12343617159679171,False,True,True,False,True
29,06911900,0.2525331974029541,0.40886014699935913,0.13316339254379272,-0.20071509943322763,-0.04936602587708805,2.5346662998199463,2.729565143585205,0.1241656243801117,0.5957930684089661,0.11936980485916138,-0.15632694959640503,,False,False,False,False,False
29,06917000,0.5978844165802002,0.4808031916618347,0.43673205375671387,0.39589921587423815,0.09595911049280326,2.174394369125366,2.5734775066375732,0.6764477491378784,0.41941872239112854,0.16115236282348633,0.11708122491836548,-0.37641507368794025,True,True,False,False,False
29,06918460,0.5524382591247559,-1.0348191261291504,0.5347192287445068,0.44721321991715624,0.7125178013554601,1.2810636758804321,1.3061763048171997,0.5063321590423584,0.830220103263855,0.017719030380249023,1.5872573852539062,0.98883669999279,True,True,True,True,True
29,06919500,0.5365622639656067,-0.5632628202438354,0.437919557094574,0.6301890921049715,0.28010585437692614,1.5500595569610596,1.7070722579956055,1.1381912231445312,0.6504518389701843,0.09864270687103271,1.0998250842094421,0.9103105500253821,True,True,True,True,True
29,06921070,0.5466207265853882,0.13524460792541504,0.6907896995544434,0.24187850527418864,0.6568833503338067,1.9117509126663208,1.5788012742996216,0.4453994631767273,1.0058884620666504,-0.14416897296905518,0.41137611865997314,1.3504553775233108,True,True,True,True,True
29,06921200,0.41042405366897583,0.18541210889816284,0.5519523620605469,0.1622293105451016,0.5248204818626017,2.5972931385040283,2.2641916275024414,0.43958109617233276,1.0333844423294067,-0.14152830839157104,0.225011944770813,1.6289813126842017,False,True,True,True,True
29,07057500,0.5469473600387573,-2.049713134765625,0.5168251991271973,0.21691775450977624,0.6778037693428052,1.2339835166931152,1.2743453979492188,0.2655830979347229,0.7859731912612915,0.03012216091156006,2.5966604948043823,0.9883996537199102,True,True,True,True,True
29,07060710,0.49394625425338745,-0.030040979385375977,0.44296616315841675,0.43140580800555417,0.24770217474908984,2.9045372009277344,3.0473296642303467,1.396328330039978,1.6249288320541382,0.0509800910949707,0.5239872336387634,0.9027073794509346,False,True,True,True,True
29,07066000,0.6713418960571289,-0.04539942741394043,0.579855740070343,0.5611584283497972,0.5514857543532361,1.2682788372039795,1.4339756965637207,0.6309640407562256,0.6912384629249573,0.09148615598678589,0.7167413234710693,0.8723581953615673,True,True,True,True,True
29,07083000,0.8066163063049316,0.8257323503494263,0.6645311117172241,0.6870755328536401,0.6248582530883986,0.6853340268135071,0.9026480317115784,0.8025447130203247,0.939087450504303,0.14208519458770752,-0.01911604404449463,,True,False,False,False,False
29,07142300,-115.04803466796875,-710.1974487304688,-221.80917358398438,-14.49983483038397,-22.139705526452406,0.8966322541236877,1.2424014806747437,13.337547302246094,20.230684280395508,106.76113891601562,595.1494140625,0.8206145609935793,False,True,False,True,True
29,07145700,0.5671958923339844,0.22945261001586914,0.5298135876655579,0.48565396299689667,0.35867135078403134,1.7234522104263306,1.7963402271270752,0.7929786443710327,1.4095462560653687,0.037382304668426514,0.33774328231811523,0.8893173998551459,True,True,True,True,True
29,07167500,0.2532457709312439,0.6012606620788574,0.16687631607055664,-0.1361244299283575,-0.06732451802528883,4.276634693145752,4.517187118530273,0.20761100947856903,0.4493902325630188,0.08636945486068726,-0.3480148911476135,,False,False,True,False,False
29,07180500,0.13522082567214966,0.30384624004364014,0.11541378498077393,-0.2869300419040315,-0.04057838852740092,2.8334507942199707,2.865715980529785,0.10207979381084442,0.616685688495636,0.019807040691375732,-0.16862541437149048,,False,False,True,False,False
29,07184000,0.20371371507644653,0.38774430751800537,0.24890470504760742,-0.16291865890421842,0.0631198159898062,3.5262975692749023,3.424773693084717,0.2154655158519745,0.5777620077133179,-0.04519098997116089,-0.18403059244155884,,False,False,True,False,False
29,07195800,0.49553656578063965,-2.1509392261505127,0.43117445707321167,0.3975448113627357,0.7253805499691847,1.364165186882019,1.4485772848129272,0.4503912329673767,0.9882776737213135,0.06436210870742798,2.6464757919311523,0.9756800689794096,False,True,True,True,True
29,07196900,0.3803059458732605,0.12443411350250244,0.31746524572372437,0.2108966542718338,0.2842345387737153,2.5666022300720215,2.6935949325561523,0.5295022130012512,0.7882465124130249,0.06284070014953613,0.25587183237075806,0.754405557003711,False,True,True,False,True
29,07197000,0.7301284074783325,-0.38905835151672363,0.5776227712631226,0.5803900326313548,0.5174723244681383,1.2830973863601685,1.605207920074463,0.7090944051742554,0.7794899940490723,0.15250563621520996,1.1191867589950562,0.86373531049264,True,True,False,True,True
29,07261000,0.5899628400802612,0.3846438527107239,0.313473641872406,0.48964025388431653,0.11412742131450371,2.4792568683624268,3.208030939102173,0.7806506752967834,0.5427219867706299,0.2764891982078552,0.20531898736953735,-0.34663238773053295,True,True,False,False,False
29,07263295,0.43397217988967896,0.33608728647232056,0.47478044033050537,0.2797079084591042,0.36276063124887425,3.925166606903076,3.7810258865356445,0.6262187361717224,0.9179903268814087,-0.040808260440826416,0.0978848934173584,1.4169004942042436,False,True,True,True,True
29,07291000,0.4495910406112671,0.0961800217628479,0.4471297860145569,0.42077845998493046,0.26740765835250424,3.8808536529541016,3.8895208835601807,1.1126433610916138,1.499802589416504,0.002461254596710205,0.3534110188484192,0.9930357163035546,False,True,True,True,True
29,07299670,-0.03987681865692139,-14.622142791748047,-1.8515641689300537,,-2.1563457917423396,0.37436673045158386,0.6199374794960022,0.0,4.013798713684082,1.8116873502731323,14.582265973091125,0.8757609171567529,False,True,False,True,True
29,07301410,-469.6141052246094,-1032.066650390625,-414.87884521484375,-22.359294780765612,-22.348050857314174,1.4647095203399658,1.3769001960754395,13.636343002319336,16.526182174682617,-54.735260009765625,562.4525451660156,1.097315338832025,False,True,True,True,True
29,07315200,-0.0010925531387329102,-1.8583917617797852,0.24162423610687256,-0.5769233792786816,-0.6870871853309646,0.8224718570709229,0.7158567905426025,0.012313075363636017,2.59289288520813,-0.24271678924560547,1.8572992086410522,1.1306826536706471,False,True,True,True,True
29,07315700,0.2767527103424072,-3.366868019104004,0.37478721141815186,0.3000686539299341,0.40203771789543064,1.065338373184204,0.9905081987380981,0.5734635591506958,1.4477185010910034,-0.09803450107574463,3.643620729446411,1.02690579189087,False,True,True,True,True
29,07335700,0.38834118843078613,0.1647731065750122,0.3726789355278015,0.41312859643359656,0.33699284970179366,4.594732284545898,4.653187274932861,0.9077103137969971,0.955132782459259,0.01566225290298462,0.22356808185577393,0.9299441459935748,False,True,True,True,True
29,07340300,0.41014719009399414,0.18691742420196533,0.5367635488510132,0.22586269686641214,0.42985545333508435,3.602477550506592,3.1924993991851807,0.48192623257637024,0.8307832479476929,-0.12661635875701904,0.2232297658920288,1.5672019510975992,False,True,True,True,True
29,07346045,0.3845551013946533,-1.3286242485046387,0.27273452281951904,0.5516589878816704,0.19496331449706517,1.3797260522842407,1.499839425086975,1.344218373298645,1.753680944442749,0.11182057857513428,1.713179349899292,0.9347292047492239,False,True,False,True,True
29,07359610,0.4515377879142761,0.3479766845703125,0.45018088817596436,0.35675218210933335,0.366199642927,3.637310028076172,3.6418063640594482,0.6436787247657776,0.8403812646865845,0.0013568997383117676,0.10356110334396362,0.9868975928751452,False,True,True,True,True
29,07362100,0.2083529829978943,-0.2829400300979614,0.46890443563461304,0.024966151758191946,0.477703190772481,2.819873571395874,2.30967116355896,0.46869075298309326,1.234147310256958,-0.26055145263671875,0.4912930130958557,1.530338200811911,False,True,True,True,True
29,07362587,0.32980531454086304,0.33849430084228516,0.424116849899292,0.18852223487614583,0.32203424403589453,5.531432628631592,5.127484321594238,0.622304379940033,0.95317542552948,-0.09431153535842896,-0.00868898630142212,,False,False,True,False,True
29,07375000,-0.030502676963806152,-1.87778639793396,0.03856182098388672,0.2475839759938523,-0.05138495160082557,3.524693012237549,3.404531955718994,1.606226921081543,1.9821218252182007,-0.06906449794769287,1.8472837209701538,1.0373870549302635,False,True,True,True,True
29,08013000,-0.1364511251449585,-3.5677947998046875,-0.2865908145904541,0.4234285221369114,0.2823460784056532,3.1183667182922363,3.3179666996002197,1.1634577512741089,1.4688925743103027,0.1501396894454956,3.431343674659729,0.9562446365969494,False,True,False,True,True
29,08014500,-0.39237380027770996,-4.70788049697876,-0.6197738647460938,0.35802289138466903,-0.0014174855443562784,3.1535727977752686,3.4013564586639404,1.2516435384750366,1.7847946882247925,0.2274000644683838,4.31550669670105,0.9473062885889582,False,True,False,True,True
29,08023080,0.2510695457458496,-0.10661673545837402,0.5397387742996216,0.05746651658012636,0.4305955601649427,3.063673257827759,2.401728391647339,0.517406165599823,1.3146342039108276,-0.288669228553772,0.35768628120422363,1.8070458491779675,False,True,True,True,True
29,08050800,0.0840727686882019,0.1379501223564148,0.17603355646133423,-0.2568343928564496,-0.5362999148761349,3.2129147052764893,3.0473580360412598,0.3043464124202728,2.3214972019195557,-0.09196078777313232,-0.05387735366821289,,False,False,True,False,True
29,08066200,0.34761977195739746,-0.13859474658966064,0.4599127769470215,0.33397552742970693,0.21690819798084304,2.7160658836364746,2.4712793827056885,0.9802987575531006,1.644696593284607,-0.11229300498962402,0.4862145185470581,1.2309536237732805,False,True,True,True,True
29,08066300,-1.0412077903747559,-5.463407039642334,-0.7800339460372925,-0.7749529526585826,-0.7541295094882046,2.473386287689209,2.309736728668213,2.5724658966064453,2.607290506362915,-0.2611738443374634,4.422199249267578,1.0590597188448079,False,True,True,True,True
29,08070000,0.5579355955123901,-1.8260414600372314,0.4874004125595093,0.5443584994840559,0.5401598519791676,1.4309128522872925,1.5408471822738647,1.236467719078064,1.2330336570739746,0.07053518295288086,2.3839770555496216,0.9704128096414841,True,True,True,True,True
29,08070200,0.5092723369598389,-3.978111743927002,0.3905641436576843,0.5514481402743152,0.6102818447167679,1.2129435539245605,1.3517124652862549,1.3733190298080444,1.2077335119247437,0.11870819330215454,4.487384080886841,0.973546237370728,True,True,False,True,True
29,08082700,-0.0003218650817871094,-0.22553515434265137,0.31492406129837036,-0.5459855226753061,-1.5390218511577247,1.3993076086044312,1.1580109596252441,0.1540723443031311,3.4519121646881104,-0.31524592638015747,0.22521328926086426,2.3997660946863952,False,True,True,True,True
29,08086212,-0.007735729217529297,-4.800421714782715,0.2761722207069397,-0.6865510739687202,-1.7567063084394223,0.6096473932266235,0.5166816115379333,0.010483401827514172,3.7363274097442627,-0.283907949924469,4.7926859855651855,1.0592377532722892,False,True,True,True,True
29,08086290,-0.0029948949813842773,-2.054204225540161,0.50348961353302,-0.6126519755351965,-1.022972987087977,0.8275521993637085,0.5822509527206421,0.009344990365207195,3.0047411918640137,-0.5064845085144043,2.051209330558777,1.2469199515470375,False,True,True,True,True
29,08101000,0.21251177787780762,-0.4481405019760132,0.18164116144180298,-0.21693872110403212,0.12229364069500492,1.338733434677124,1.3647212982177734,0.13586284220218658,0.723956286907196,0.03087061643600464,0.6606522798538208,0.9532725196334216,False,True,True,True,True
29,08103900,0.2557116150856018,-0.02465987205505371,0.3215433955192566,0.03388977718587416,0.3420641739382282,1.5620290040969849,1.4913498163223267,0.45439302921295166,0.9811261296272278,-0.06583178043365479,0.2803714871406555,1.2348019804190309,False,True,True,True,True
29,08104900,0.07855355739593506,0.1567491888999939,0.20516157150268555,-0.2734161298547255,0.13030387133826826,2.718733549118042,2.5250561237335205,0.27528515458106995,0.8092178106307983,-0.1266080141067505,-0.07819563150405884,,False,False,True,False,True
29,08109700,-0.30204319953918457,-1.4987714290618896,0.1562402844429016,-0.4519837765670949,0.16092136277506197,1.490029215812683,1.199475884437561,2.354283094406128,0.9377877116203308,-0.4582834839820862,1.196728229522705,1.382946998889518,False,True,True,True,True
29,08150800,-0.07572293281555176,-1.9236114025115967,0.02477443218231201,-1.0439491282961164,0.05983877503372392,0.711063802242279,0.6770346164703369,2.9840080738067627,1.834983468055725,-0.10049736499786377,1.847888469696045,1.054384973252414,False,True,True,True,True
29,08158700,0.5632327795028687,-2.199122428894043,0.036410629749298096,0.6812199912883166,0.44386881254650246,0.8868829011917114,1.3173078298568726,1.2341361045837402,1.2781704664230347,0.5268221497535706,2.7623552083969116,0.8092851534255425,True,True,False,True,True
29,08164300,0.5618172883987427,-0.8143314123153687,0.494346559047699,0.6816216489520894,0.1575925749030398,1.440854787826538,1.5478150844573975,1.1558204889297485,1.7356138229370117,0.0674707293510437,1.3761487007141113,0.9509713381148187,True,True,True,True,True
29,08164600,0.48788756132125854,-0.2089228630065918,0.4911618232727051,0.060473084442156155,-0.10725093856732104,2.350959539413452,2.3434319496154785,1.895103931427002,2.0547962188720703,-0.003274261951446533,0.6968104243278503,1.0046989279108516,False,True,True,True,True
29,08165300,0.14913344383239746,-1.0870814323425293,-0.4758164882659912,0.2631369989294138,0.15923840818857327,0.8784253597259521,1.1568852663040161,1.1248067617416382,1.5732247829437256,0.6249499320983887,1.2362148761749268,0.494464963864456,False,True,False,False,True
29,08171300,0.6503699421882629,-0.0207366943359375,0.5809468030929565,0.4106424970663367,0.6446300345636208,1.0560818910598755,1.1561862230300903,0.5326269268989563,0.7567304372787476,0.0694231390953064,0.6711066365242004,0.8965542354716336,True,True,True,True,True
29,08175000,0.04909324645996094,-1.6615407466888428,0.3813694715499878,0.3446725804970526,0.28356700701919346,1.3027132749557495,1.0507405996322632,0.9668233394622803,1.5111563205718994,-0.33227622509002686,1.7106339931488037,1.1942415656539118,False,True,True,True,True
29,08176900,-0.5791212320327759,-3.4649548530578613,-0.6154451370239258,-1.7222964853492102,-1.933854326960752,1.8434247970581055,1.8645060062408447,3.6543843746185303,3.861004590988159,0.0363239049911499,2.8858336210250854,0.9874130286907368,False,True,True,True,True
29,08178880,0.47063004970550537,0.528470516204834,0.49889856576919556,0.1405385807638112,0.20228661726780905,4.080931186676025,3.9704747200012207,0.47225847840309143,0.5160670876502991,-0.028268516063690186,-0.05784046649932861,,False,False,True,False,False
29,08189500,0.0009644031524658203,-3.839052677154541,-0.7886655330657959,0.20250371719788907,-1.4123068587355054,1.401411533355713,1.8751662969589233,1.614234447479248,3.3177175521850586,0.7896299362182617,3.840017080307007,0.7943681187597397,False,True,False,False,True
29,08190000,0.4285612106323242,-0.3764239549636841,0.35965269804000854,-0.016679660245290773,0.4393021069784082,0.6574042439460754,0.6959137916564941,0.17999547719955444,0.6489467024803162,0.06890851259231567,0.8049851655960083,0.9143977857762186,False,True,True,True,True
29,08194200,-0.013053417205810547,-1.465184211730957,0.08795571327209473,,-0.027328660748603628,1.0665712356567383,1.0120025873184204,0.0,1.7066504955291748,-0.10100913047790527,1.4521307945251465,1.0695592510390468,False,True,True,True,True
29,08195000,0.35925406217575073,-0.49243032932281494,0.32907968759536743,0.2008405864931211,0.5761479277152184,1.0723482370376587,1.0973076820373535,0.4117116630077362,0.7673681974411011,0.0301743745803833,0.8516843914985657,0.964570943319402,False,True,True,True,True
29,08196000,0.2717975378036499,-0.21000194549560547,0.2397100329399109,0.27480968841804543,0.4877300625077239,1.4136860370635986,1.4444966316223145,0.7865370512008667,1.059486985206604,0.032087504863739014,0.48179948329925537,0.9334007071904459,False,True,True,True,True
29,08198500,0.5904104113578796,0.35283392667770386,0.563440203666687,-0.22282032753695558,-0.31837324165896597,1.4540607929229736,1.5011703968048096,2.145800828933716,2.280144691467285,0.026970207691192627,0.23757648468017578,0.8864777895527002,True,True,True,True,True
29,08200000,0.44274842739105225,0.4609101414680481,0.450908899307251,0.2653469892271393,0.17182249173499797,4.1928253173828125,4.162011623382568,0.7223317623138428,0.4972729980945587,-0.00816047191619873,-0.01816171407699585,,False,False,True,False,False
29,08202700,0.23588991165161133,-0.543068528175354,0.003019392490386963,-2.6228814601474837,-3.5853521205668386,1.5570956468582153,1.7786097526550293,4.586421012878418,5.558862686157227,0.23287051916122437,0.7789584398269653,0.7010488528592703,False,True,False,False,True
29,08267500,-0.06063342094421387,0.361395001411438,-0.08903443813323975,-0.11656800254173305,-0.12844861392817086,1.1095751523971558,1.1243326663970947,0.18407760560512543,0.29110637307167053,0.02840101718902588,-0.42202842235565186,,False,False,True,False,False
29,08269000,0.13200056552886963,0.2386479377746582,0.39948439598083496,0.19115498113933704,0.687379508663311,0.4912831485271454,0.408633828163147,0.4186689257621765,0.8685004115104675,-0.26748383045196533,-0.10664737224578857,,False,False,True,False,True
29,08271000,-0.12799811363220215,0.35350286960601807,0.2786441445350647,-0.12850330587138092,0.3213033090173776,1.3217521905899048,1.0569894313812256,0.15490031242370605,0.5006709694862366,-0.40664225816726685,-0.4815009832382202,,False,False,True,False,False
29,08324000,-30.125839233398438,-34.492488861083984,-0.777092456817627,-5.2256726754359875,-0.274642942396615,0.9972541332244873,0.23828700184822083,5.11209774017334,1.9329816102981567,-29.34874677658081,4.366649627685547,7.721113274237327,False,True,True,True,True
29,08377900,0.4148745536804199,0.3920152187347412,0.6893683671951294,0.6350258469119605,0.7655346165068329,0.6466761827468872,0.471178263425827,0.757753849029541,0.8754603266716003,-0.2744938135147095,0.02285933494567871,,False,False,True,False,True
29,08378500,-0.5629537105560303,-0.6281061172485352,0.15990090370178223,0.22443661540918358,0.2824852014082907,0.788168728351593,0.5778450965881348,0.8446683287620544,1.3890496492385864,-0.7228546142578125,0.06515240669250488,12.09482597733369,False,True,True,True,True
29,08380500,0.20726168155670166,0.35888659954071045,0.06870496273040771,0.16679968238645215,0.39902702659176437,0.3360263705253601,0.3642101585865021,0.4189954698085785,1.4323625564575195,0.13855671882629395,-0.1516249179840088,,False,False,False,False,False
29,09035800,0.7880493402481079,0.05880218744277954,0.21187365055084229,0.7462785607334956,0.08963233262910864,0.5501022934913635,1.060776710510254,1.1495856046676636,1.6673940420150757,0.5761756896972656,0.7292471528053284,0.20990340863068818,True,True,False,False,True
29,09035900,0.850561797618866,0.8329401016235352,0.8815747499465942,0.7016075670653767,0.7466466277167625,0.6242576837539673,0.5557189583778381,0.7574687600135803,0.8259212970733643,-0.03101295232772827,0.01762169599533081,,True,False,True,False,True
29,09065500,0.5832453966140747,0.7556153535842896,0.6195253133773804,0.29686621251069445,0.3462331296692386,2.2150068283081055,2.1163997650146484,0.5572041869163513,0.6091614961624146,-0.036279916763305664,-0.17236995697021484,,True,False,True,False,False
29,09066000,0.6954724788665771,0.6660747528076172,0.6836286783218384,0.6385392492459159,0.550951118143252,1.1823511123657227,1.205124020576477,0.8555536270141602,0.8798646330833435,0.01184380054473877,0.02939772605895996,,True,False,True,False,True
29,09066200,0.5644199848175049,0.571941614151001,0.572757363319397,0.40913663793399835,0.4191796995660906,2.1346490383148193,2.1141207218170166,0.8011813163757324,0.7979862689971924,-0.00833737850189209,-0.007521629333496094,,True,False,True,False,True
29,09066300,0.601680338382721,0.5126319527626038,0.7324405908584595,0.35879314263489026,0.4282807633163296,1.0628048181533813,0.8710593581199646,1.6206352710723877,1.5282522439956665,-0.13076025247573853,0.08904838562011719,2.468418001799216,True,True,True,True,True
29,09081600,0.431127667427063,0.47910696268081665,0.5908052325248718,0.5624073049158043,0.4121752316027766,1.7191967964172363,1.4580862522125244,0.6376887559890747,0.5192835330963135,-0.15967756509780884,-0.04797929525375366,,False,False,True,False,True
29,09107000,0.8039896488189697,0.6778872013092041,0.10149747133255005,0.847555915787763,0.12976217394878176,0.4086393415927887,0.8749039173126221,0.8797723650932312,1.7058358192443848,0.7024921774864197,0.12610244750976562,-4.5708052568291135,True,True,False,False,False
29,09210500,-2.2449159622192383,-2.3283822536468506,0.49736136198043823,-0.4178676820101024,0.5913092867993165,0.7903663516044617,0.31106752157211304,1.4289931058883667,0.6775641441345215,-2.7422773241996765,0.0834662914276123,33.85490797896499,False,True,True,True,True
29,09223000,0.1311977505683899,0.14480966329574585,0.45060300827026367,0.4990396004273405,0.37308404368476666,0.8611084818840027,0.6847633719444275,1.21012282371521,0.5786333680152893,-0.3194052577018738,-0.013611912727355957,,False,False,True,False,True
29,09306242,-258.7568664550781,-335.0687255859375,-1682.4149169921875,-15.913894892060146,-41.501381464433024,0.37537574768066406,0.9556047320365906,11.212685585021973,20.57387351989746,1423.6580505371094,76.31185913085938,-17.65579042040929,False,True,False,False,False
29,09312600,0.02893441915512085,0.008475959300994873,-5.382988452911377,0.46955470154338486,-1.0549792868670687,0.5695024132728577,1.4601024389266968,0.9257259368896484,2.0473685264587402,5.411922872066498,0.020458459854125977,,False,False,False,False,False
29,09352900,0.5150400400161743,0.6383304595947266,0.6977708339691162,0.31983295478006135,0.7299641605437182,1.720238447189331,1.3580127954483032,0.42493289709091187,0.9447581768035889,-0.1827307939529419,-0.12329041957855225,,True,False,True,False,True
29,09378170,-1.4379820823669434,-1.702573537826538,0.29049599170684814,-1.5274995302592496,0.05740650350066534,1.0168849229812622,0.5485724210739136,3.3511152267456055,1.853402018547058,-1.7284780740737915,0.2645914554595947,7.532629978815564,False,True,True,True,True
29,09386900,-1.5939533710479736,-1.9645867347717285,-0.9924068450927734,-3.1505108500943138,-3.986734131017821,0.2752780318260193,0.24125675857067108,5.070152759552002,5.941190719604492,-0.6015465259552002,0.3706333637237549,2.6230231404735393,False,True,True,True,True
29,09430600,0.037471890449523926,0.05806136131286621,0.06322932243347168,-0.36634978239050797,-0.12275488778075339,2.2755649089813232,2.244910955429077,0.18691539764404297,0.8291499018669128,-0.025757431983947754,-0.020589470863342285,,False,False,True,False,True
29,09447800,-11.987434387207031,-24.56950569152832,-42.36094665527344,-4.989357307471781,-14.171706326789028,0.30201274156570435,0.5518397092819214,6.302798748016357,15.189465522766113,30.373512268066406,12.582071304321289,-1.4140311665245993,False,True,False,False,False
29,09484600,-1.171760082244873,-5.766885280609131,-29.580617904663086,-1.6766311535782723,-12.059474857452452,0.10776320844888687,0.40437817573547363,3.5631892681121826,13.218076705932617,28.408857822418213,4.595125198364258,-5.182390380251448,False,True,False,False,False
29,09492400,-0.299444317817688,-1.161973237991333,0.377163290977478,0.3752097814557034,0.4183398306580858,0.9163920283317566,0.6344385743141174,0.8344630002975464,0.562847912311554,-0.676607608795166,0.862528920173645,1.784446286924444,False,True,True,True,True
29,09494000,-1.5357351303100586,-2.4348936080932617,-0.015834569931030273,-0.42145511616775866,0.08724730238117595,0.5304663777351379,0.3357510566711426,1.9406641721725464,0.47471144795417786,-1.5199005603790283,0.8991584777832031,2.6903589277456526,False,True,True,True,True
29,09497980,-1.3749721050262451,-2.481933832168579,0.5539458990097046,-2.358976544145334,0.24365906429972162,1.2177414894104004,0.5277395248413086,4.177821636199951,1.707991361618042,-1.9289180040359497,1.106961727142334,2.742533600520705,False,True,True,True,True
29,09505350,0.20719283819198608,0.14059466123580933,0.12025368213653564,0.5273445817448299,0.3051967606185112,0.9081347584724426,0.9566327333450317,0.9708529114723206,1.5251569747924805,0.08693915605545044,0.06659817695617676,-0.30542846709840943,False,True,True,False,False
29,09505800,-0.467229962348938,-0.6443990468978882,0.02277141809463501,-0.21130792100829732,-0.4219599169210033,1.0050987005233765,0.8202716708183289,2.0437943935394287,2.3527722358703613,-0.490001380443573,0.1771690845489502,3.765727337199116,False,True,True,True,True
29,09508300,0.3105427026748657,0.31623053550720215,0.3271777629852295,0.12197704524226705,0.11341496538404339,2.480396270751953,2.4502904415130615,0.6347730755805969,0.5811541080474854,-0.01663506031036377,-0.005687832832336426,,False,False,True,False,True
29,09510200,0.48118436336517334,0.4584236145019531,0.7316493988037109,-0.21559967813160474,0.6126267790490256,0.7719515562057495,0.5551812648773193,2.114173173904419,1.3636150360107422,-0.2504650354385376,0.022760748863220215,,False,False,True,False,True
29,09512280,-0.9874955415725708,-1.905189037322998,-0.5284793376922607,-2.604282735334106,-1.48791796536534,1.5423924922943115,1.3526068925857544,4.49135160446167,3.381042003631592,-0.45901620388031006,0.9176934957504272,1.5001846542509902,False,True,True,True,True
29,10234500,-3.6205573081970215,-3.743917942047119,-1.8835008144378662,-0.726797476888537,-0.19314193317207073,1.4056415557861328,1.1104204654693604,1.9061822891235352,1.5210256576538086,-1.7370564937591553,0.12336063385009766,15.081124906264254,False,True,True,True,True
29,10244950,-0.04105830192565918,-0.15803444385528564,0.03648096323013306,0.5279577285514268,0.5654025010891537,0.5039088726043701,0.4847799241542816,0.9504110813140869,1.0170146226882935,-0.07753926515579224,0.11697614192962646,1.662863930000703,False,True,True,True,True
29,10336645,0.44276630878448486,0.4284933805465698,0.6480906009674072,0.44349280100291455,0.49446924889207544,2.825651168823242,2.245511531829834,1.4226762056350708,1.4159924983978271,-0.20532429218292236,0.014272928237915039,,False,False,True,False,True
29,10336660,0.38687461614608765,0.383897602558136,0.5121545791625977,0.6174447936039008,0.4918135407202334,3.8372528553009033,3.422842264175415,1.1663693189620972,1.0325826406478882,-0.12527996301651,0.00297701358795166,,False,False,True,False,True
29,10343500,-1.0692925453186035,-1.1202645301818848,-0.16173279285430908,-0.5130793947685786,-0.32482331994401603,1.966259241104126,1.4732720851898193,2.2867934703826904,2.2629308700561523,-0.9075597524642944,0.05097198486328125,18.80506988100584,False,True,True,True,True
29,11124500,-2.4901845455169678,-2.9414494037628174,-0.3183891773223877,-3.0952810995488598,-0.8750027656845443,2.4591643810272217,1.5114200115203857,4.824368476867676,2.6853530406951904,-2.17179536819458,0.4512648582458496,5.812684454616636,False,True,True,True,True
29,11141280,-1.1612062454223633,-2.3857436180114746,-0.7441654205322266,-0.7260121512541411,-0.3735238308664972,1.2776387929916382,1.1477673053741455,2.464759349822998,2.1115901470184326,-0.4170408248901367,1.2245373725891113,1.3405701077202428,False,True,True,True,True
29,11143000,0.6001302003860474,0.5952639579772949,0.6276127099990845,0.6800775579130671,0.7262511807704057,2.2029590606689453,2.125908374786377,1.2600574493408203,1.2063794136047363,-0.02748250961303711,0.004866242408752441,,True,False,True,False,True
29,11148900,0.39270544052124023,0.3815124034881592,0.5717216730117798,0.2665033196797172,0.531676758402013,2.421971082687378,2.0339128971099854,1.5157169103622437,1.1948347091674805,-0.17901623249053955,0.011193037033081055,,False,False,True,False,True
29,11176400,0.23202228546142578,-0.2725597620010376,0.25196516513824463,-0.3467190798576558,0.17586868430022573,0.6016246676445007,0.5937617421150208,2.220898151397705,1.5137561559677124,-0.019942879676818848,0.5045820474624634,1.039523561682607,False,True,True,True,True
29,11237500,0.5688992142677307,0.5656629800796509,0.7508544921875,0.5376757278065945,0.6770212646945988,2.56777024269104,1.952060580253601,1.317130208015442,1.2811079025268555,-0.1819552779197693,0.003236234188079834,,True,False,True,False,True
29,11264500,0.732664942741394,0.7315058708190918,0.8513210415840149,0.653855215665353,0.8452851399782428,1.6234287023544312,1.2106819152832031,1.2997034788131714,1.118065357208252,-0.11865609884262085,0.001159071922302246,,True,False,True,False,True
29,11266500,0.7279819846153259,0.7273771166801453,0.8389581441879272,0.5846594784406174,0.8412367733686643,1.6043661832809448,1.2344515323638916,1.3913865089416504,0.9359119534492493,-0.11097615957260132,0.0006048679351806641,,True,False,True,False,True
29,11284400,-0.09230387210845947,-0.2648203372955322,0.3373544216156006,-2.079150492511059,-0.8722215869710306,1.8596115112304688,1.4484087228775024,4.055351257324219,2.8553149700164795,-0.42965829372406006,0.17251646518707275,3.490534994779477,False,True,True,True,True
29,11381500,-1.5848393440246582,-1.6749961376190186,0.5473835468292236,-0.28491488986075186,0.5974703435436484,3.873903512954712,1.6210529804229736,1.215186357498169,0.6408714056015015,-2.132222890853882,0.09015679359436035,24.65016329714792,False,True,True,True,True
29,11451100,0.5506967306137085,0.5306282639503479,0.5497117042541504,0.2615758727135543,0.48003286537782,2.838538646697998,2.841648817062378,1.71274995803833,1.4418107271194458,0.0009850263595581055,0.020068466663360596,,True,False,True,False,True
29,11468500,0.8201873302459717,0.7306993007659912,0.8068108558654785,0.6505083658563038,0.7760769706132143,1.7896559238433838,1.8550292253494263,1.3383121490478516,1.136067509651184,0.013376474380493164,0.08948802947998047,0.8505221932114883,True,True,True,True,True
29,11473900,0.4716181755065918,0.39810711145401,0.6713523864746094,0.33231189174806564,0.7808172242566211,2.716230630874634,2.1421897411346436,1.6049185991287231,1.1210479736328125,-0.19973421096801758,0.07351106405258179,3.717063254929211,False,True,True,True,True
29,11476600,0.7119489908218384,0.7119279503822327,0.6904847621917725,0.6593570071284953,0.6090717224876102,3.880612373352051,4.022597789764404,0.8095864057540894,0.7747637629508972,0.021464228630065918,2.104043960571289e-05,,True,False,True,False,False
29,11478500,0.6561144590377808,0.6715937852859497,0.6724895238876343,0.52523629532804,0.5268858691792873,3.9798192977905273,3.883908748626709,0.7944727540016174,0.7737038135528564,-0.016375064849853516,-0.015479326248168945,,True,False,True,False,True
29,11480390,0.5902150273323059,0.5546125173568726,0.5965663194656372,0.6616584977703646,0.6666673580883267,3.2962677478790283,3.270623207092285,1.2098971605300903,1.0918910503387451,-0.006351292133331299,0.03560250997543335,,True,False,True,False,True
29,11481200,0.6932463645935059,0.7043247222900391,0.5455585718154907,0.6052174139288666,0.362663837982391,3.061272621154785,3.7260282039642334,0.8301544785499573,0.6163406372070312,0.14768779277801514,-0.011078357696533203,,True,False,False,False,False
29,11482500,0.7507171034812927,0.7305486798286438,0.7022044658660889,0.7300175810634335,0.6102497204573905,2.6206448078155518,2.86431622505188,0.9578520059585571,0.8908467292785645,0.04851263761520386,0.020168423652648926,,True,False,True,False,False
29,11523200,0.4408612847328186,0.43859851360321045,0.5096739530563354,0.6079117808423964,0.37297659281983564,2.7376935482025146,2.56370210647583,0.8175463080406189,0.6368709206581116,-0.06881266832351685,0.0022627711296081543,,False,False,True,False,True
29,11528700,0.6284670233726501,0.34041792154312134,0.6310292482376099,0.6711090975378335,0.5725030542484515,1.5822563171386719,1.5767909288406372,1.2293821573257446,1.359823226928711,-0.002562224864959717,0.2880491018295288,1.008895097567345,True,True,True,True,True
29,11532500,0.7917867302894592,0.8185211420059204,0.7469038367271423,0.6345952287521013,0.6277157540604204,3.881498098373413,4.279450416564941,0.7792390584945679,0.8394821286201477,0.044882893562316895,-0.02673441171646118,,True,False,True,False,False
29,12010000,0.7554271221160889,0.7469969987869263,0.7909452319145203,0.63896230180775,0.6537921396210642,5.163371562957764,4.773745536804199,1.0479261875152588,1.096820592880249,-0.035518109798431396,0.008430123329162598,,True,False,True,False,True
29,12013500,0.839329183101654,0.7861213684082031,0.8307380080223083,0.6730158018597052,0.6704472092198648,2.879502058029175,2.95548415184021,1.3078033924102783,1.3202143907546997,0.008591175079345703,0.05320781469345093,0.8385354645958961,True,True,True,True,True
29,12020000,0.43356359004974365,0.41437476873397827,0.45697659254074097,0.3210472206180155,0.34181790584060145,8.708666801452637,8.526786804199219,1.3816391229629517,1.399570107460022,-0.023413002490997314,0.01918882131576538,,False,False,True,False,True
29,12025700,0.7404031753540039,0.7331012487411499,0.6796338558197021,0.5806074597074831,0.4863004551668293,3.496600389480591,3.8843612670898438,0.8617243766784668,0.7474653720855713,0.06076931953430176,0.007301926612854004,,True,False,True,False,False
29,12040500,0.6919366121292114,0.7587888836860657,0.734478235244751,0.4982802509531191,0.5357713229195096,7.129054546356201,6.618536472320557,0.6795921325683594,0.7147757411003113,-0.04254162311553955,-0.06685227155685425,,True,False,True,False,False
29,12041200,0.6205757856369019,0.7229399085044861,0.6016521453857422,0.47046856371418155,0.4609769915101781,6.610344409942627,6.773183345794678,0.5951246619224548,0.5968901515007019,0.018923640251159668,-0.10236412286758423,,True,False,True,False,False
29,12048000,-0.11775362491607666,-0.33928656578063965,0.32609134912490845,0.31681211445882596,0.5512769675298638,2.0875868797302246,1.6209590435028076,1.4205546379089355,1.3305541276931763,-0.4438449740409851,0.221532940864563,3.003516823768143,False,True,True,True,True
29,12054000,0.6514600515365601,0.6942791938781738,0.6148920059204102,0.5175138822299097,0.4729295454152993,4.1542649269104,4.366758823394775,0.7192991971969604,0.7296962738037109,0.0365680456161499,-0.04281914234161377,,True,False,True,False,False
29,12056500,0.4991987347602844,0.5966151356697083,0.4887211322784424,0.3162948203702558,0.3175971128125452,7.916864395141602,7.999252796173096,0.548331618309021,0.5629629492759705,0.010477602481842041,-0.09741640090942383,,False,False,True,False,False
29,12073500,-3.0889272689819336,-3.6906466484069824,-1.9495506286621094,-1.0249416031505092,-0.8345136656874879,4.059073448181152,3.447467088699341,2.3478541374206543,2.5128941535949707,-1.1393766403198242,0.6017193794250488,2.8935348923089603,False,True,True,True,True
29,12082500,0.6098198294639587,0.6115908622741699,0.6812455654144287,0.7450072279343883,0.7430933137335347,3.009786605834961,2.7203903198242188,0.854292631149292,0.880734920501709,-0.07142573595046997,-0.0017710328102111816,,True,False,True,False,True
29,12114500,0.6817284822463989,0.5875951051712036,0.5662313103675842,0.7755754264884407,0.7253442195574403,3.531646490097046,4.122944355010986,0.8455320000648499,0.8975827097892761,0.1154971718788147,0.09413337707519531,-0.2269523889125281,True,True,False,False,False
29,12115000,0.7347173094749451,0.6701933145523071,0.650355339050293,0.7844873880482385,0.7173248348453191,3.30637526512146,3.795868396759033,0.8873564600944519,0.9401100873947144,0.0843619704246521,0.06452399492263794,-0.3074511354388273,True,True,True,False,False
29,12117000,0.6755232810974121,0.335088312625885,0.7737076878547668,0.7514187390464624,0.8533895456147469,2.4535436630249023,2.048976421356201,0.993541955947876,1.0783733129501343,-0.09818440675735474,0.3404349684715271,1.2884087001936952,True,True,True,True,True
29,12143600,0.6727503538131714,0.6887763738632202,0.620808482170105,0.6395233840740131,0.5690060687036946,4.433146953582764,4.772015571594238,0.9019423723220825,0.8811714053153992,0.051941871643066406,-0.016026020050048828,,True,False,True,False,False
29,12144000,0.6468648910522461,0.6574665307998657,0.6263258457183838,0.7055829991915954,0.6441371286394846,3.7571921348571777,3.8649110794067383,0.8550389409065247,0.8294984102249146,0.020539045333862305,-0.010601639747619629,,True,False,True,False,False
29,12145500,0.7351070642471313,0.6797377467155457,0.7916428446769714,0.6462229308103105,0.6612566165485775,2.840359926223755,2.519082546234131,1.3004496097564697,1.270334243774414,-0.05653578042984009,0.05536931753158569,2.0210669545924778,True,True,True,True,True
29,12147500,0.7607170939445496,0.7603850364685059,0.741916835308075,0.7696374970802278,0.7606314406251324,4.28413724899292,4.44925594329834,0.8234443664550781,0.8537466526031494,0.01880025863647461,0.00033205747604370117,,True,False,True,False,False
29,12167000,0.6786801815032959,0.6939110159873962,0.6594821214675903,0.5836994375700821,0.5301804045344239,4.533506393432617,4.666975021362305,0.8886390328407288,0.8265787363052368,0.019198060035705566,-0.015230834484100342,,True,False,True,False,False
29,12175500,0.2991199493408203,0.3251577615737915,-0.49194443225860596,0.5215145389106957,-0.011088061880762501,4.325028419494629,6.31020450592041,0.7465976476669312,0.5781918168067932,0.7910643815994263,-0.02603781223297119,,False,False,False,False,False
29,12178100,0.6100682020187378,0.7573667168617249,0.419655442237854,0.5842981470397414,0.46072893291962047,3.8862903118133545,4.741152286529541,0.7082038521766663,0.6615055799484253,0.1904127597808838,-0.14729851484298706,,True,False,False,False,False
29,12186000,0.4968793988227844,0.5648390650749207,0.3688846826553345,0.4204542894613248,0.3224928209629466,5.617634296417236,6.291754245758057,0.7688952088356018,0.6694545745849609,0.12799471616744995,-0.06795966625213623,,False,False,False,False,False
29,12189500,0.580194890499115,0.6164343357086182,0.4043823480606079,0.5742461385599762,0.4957542579988188,3.280862331390381,3.90794038772583,0.8460820913314819,0.6805994510650635,0.17581254243850708,-0.036239445209503174,,True,False,False,False,False
29,12375900,0.43278008699417114,0.6773362755775452,0.6638732552528381,0.35281012158654357,0.5602539594347808,2.41706919670105,1.860650897026062,0.5242603421211243,0.7446385025978088,-0.231093168258667,-0.24455618858337402,,False,False,True,False,False
29,12377150,0.683762788772583,0.6934014558792114,-0.007047176361083984,0.6981105726097517,-0.01940494268523585,2.742938756942749,4.8947954177856445,0.9373169541358948,0.5750675797462463,0.690809965133667,-0.009638667106628418,,True,False,False,False,False
29,12381400,-0.8122380971908569,-1.1770284175872803,0.2370690107345581,-0.33655322690927836,0.42074152504929074,1.9473979473114014,1.2635420560836792,2.1149253845214844,1.4740865230560303,-1.049307107925415,0.36479032039642334,3.8764664226427845,False,True,True,True,True
29,12390700,0.3503364324569702,-0.6797405481338501,-0.21347463130950928,0.3742033166802241,-0.049650775797109636,1.0589966773986816,1.4473236799240112,1.4568277597427368,1.675302505493164,0.5638110637664795,1.0300769805908203,0.45265152567229017,False,True,False,False,True
29,12447390,0.5830470323562622,0.4541444778442383,0.5274162292480469,0.7080128107314217,0.5833085134212578,1.5351736545562744,1.6343811750411987,0.853850245475769,1.347442626953125,0.05563080310821533,0.12890255451202393,0.5684274580995512,True,True,True,False,True
29,12451000,0.5734046697616577,0.5882735848426819,0.2798682451248169,0.5415502384445171,0.24935340357009295,2.942229747772217,3.822737693786621,0.702890932559967,0.6530585885047913,0.2935364246368408,-0.01486891508102417,,True,False,False,False,False
29,12488500,0.14494574069976807,0.14814192056655884,0.41825127601623535,0.4474436657785098,0.5391060958387506,2.718714475631714,2.2425103187561035,0.9086393713951111,1.2325143814086914,-0.2733055353164673,-0.0031961798667907715,,False,False,True,False,True
29,13011500,0.6669966578483582,0.6645565032958984,0.09861594438552856,0.574893982751617,0.09959341779212338,1.433098554611206,2.3577985763549805,1.247352957725525,0.5607969760894775,0.5683807134628296,0.002440154552459717,,True,False,False,False,False
29,13011900,0.6933916807174683,0.7305023670196533,0.6415145397186279,0.5408948768467459,0.44264717846517443,1.1039286851882935,1.193671464920044,0.858961820602417,0.6525484919548035,0.05187714099884033,-0.03711068630218506,,True,False,True,False,False
29,13018300,0.13555008172988892,0.12939172983169556,-0.6302362680435181,0.5943402007177366,-0.10962600599627526,0.9905253052711487,1.3602569103240967,1.1020225286483765,0.4668894112110138,0.765786349773407,0.006158351898193359,,False,False,False,False,False
29,13023000,0.6657564640045166,0.6373651027679443,0.515018105506897,0.6541856274945584,0.5026291643918044,0.70350581407547,0.8474204540252686,0.9867561459541321,0.5886094570159912,0.15073835849761963,0.028391361236572266,,True,False,False,False,False
29,13161500,0.03330963850021362,-0.19767272472381592,0.5088702440261841,0.058632998795461466,0.6679049635626366,0.38590848445892334,0.27506715059280396,1.7975680828094482,1.2166532278060913,-0.47556060552597046,0.23098236322402954,3.058861113412043,False,True,True,True,True
29,13235000,-0.15420067310333252,-0.24373137950897217,0.41749244928359985,0.10296738892514512,0.4011693900074884,1.8739664554595947,1.3312877416610718,1.1674983501434326,0.9798774123191833,-0.5716931223869324,0.08953070640563965,7.385441881768965,False,True,True,True,True
29,13240000,0.5792728662490845,0.5994980335235596,0.6323858499526978,0.48998356784104724,0.5052859563135474,2.8758370876312256,2.6881909370422363,0.8231818675994873,0.7989329695701599,-0.05311298370361328,-0.020225167274475098,,True,False,True,False,True
29,13313000,-1.2266480922698975,-1.3376116752624512,0.21770578622817993,-0.5034402058226453,0.24916823174860858,3.4022457599639893,2.0166239738464355,2.068220853805542,1.6675622463226318,-1.4443538784980774,0.11096358299255371,14.016467561208813,False,True,True,True,True
29,13331500,-0.21101665496826172,-0.17969024181365967,0.07552528381347656,0.305907500094064,0.32588159256851734,2.539041519165039,2.218412160873413,1.4735130071640015,1.0021265745162964,-0.2865419387817383,-0.03132641315460205,,False,False,True,False,True
29,14020000,-0.23915159702301025,-0.2673584222793579,-0.013828635215759277,0.35257614885482735,0.5384472391025186,2.147404432296753,1.9423787593841553,1.3979203701019287,1.0270720720291138,-0.22532296180725098,0.028206825256347656,,False,False,True,False,True
29,14096850,-52.17306900024414,-52.58237075805664,-6.845826148986816,-5.879101637336159,-1.3841211058440428,3.5140204429626465,1.3498259782791138,4.605238914489746,2.440546989440918,-45.327242851257324,0.4093017578125,111.742849220847,False,True,True,True,True
29,14137000,0.741294264793396,0.5281237959861755,0.6772941946983337,0.8133902498035496,0.8027009442941061,2.0814132690429688,2.3246560096740723,1.0552973747253418,0.9929566383361816,0.06400007009506226,0.21317046880722046,0.6997704679584846,True,True,True,False,True
29,14138800,0.7692239284515381,0.7459902763366699,0.693824052810669,0.7341512415928308,0.6211984055860253,4.356548309326172,5.01802396774292,0.967272162437439,0.9045273661613464,0.07539987564086914,0.023233652114868164,,True,False,True,False,False
29,14138900,0.807911217212677,0.8152447938919067,0.790725588798523,0.749506893415513,0.7265113420399614,4.4431915283203125,4.637694835662842,0.8288814425468445,0.8209512829780579,0.017185628414154053,-0.007333576679229736,,True,False,True,False,False
29,14139800,0.8469902276992798,0.821416437625885,0.8207172751426697,0.8246149183203684,0.7760460810879115,3.2940852642059326,3.56569766998291,0.929572582244873,0.9212083220481873,0.026272952556610107,0.025573790073394775,,True,False,True,False,False
29,14141500,0.8005222678184509,0.7166260480880737,0.7953615188598633,0.8755271605424504,0.875002509686391,2.8785760402679443,2.915574312210083,1.0762900114059448,1.0690829753875732,0.0051607489585876465,0.0838962197303772,0.9384865137526687,True,True,True,True,True
29,14154500,0.5998350381851196,0.495297372341156,0.6362273693084717,0.47367351183164086,0.5808381964605082,2.2076539993286133,2.1048758029937744,1.4893690347671509,1.3617098331451416,-0.03639233112335205,0.10453766584396362,1.34812649421188,True,True,True,True,True
29,14158790,0.7233019471168518,0.6557426452636719,0.657537579536438,0.7708023920256024,0.6769536975203487,3.330756425857544,3.7054953575134277,0.9051786661148071,0.857913076877594,0.06576436758041382,0.06755930185317993,0.02656827740267165,True,True,True,False,True
29,14166500,0.03478974103927612,-0.07366371154785156,0.5486941337585449,-0.07934263132983888,0.35262051828362595,3.504523754119873,2.3963680267333984,1.9813227653503418,1.6034362316131592,-0.5139043927192688,0.10845345258712769,5.738478863145607,False,True,True,True,True
29,14182500,0.7204039692878723,0.7471336722373962,0.7055114507675171,0.6069000526206407,0.5844462652141025,3.9192495346069336,4.022273540496826,0.7909196615219116,0.7603585124015808,0.014892518520355225,-0.026729702949523926,,True,False,True,False,False
29,14185000,0.818152129650116,0.7647164463996887,0.8314068913459778,0.7916379085010263,0.7788871890094864,2.219520330429077,2.1371004581451416,0.9453935623168945,0.8974422216415405,-0.013254761695861816,0.053435683250427246,1.248050757276615,True,True,True,True,True
29,14185900,0.745383620262146,0.7763068675994873,0.740201473236084,0.5667018482629862,0.5818855981992576,4.013207912445068,4.053842544555664,0.6980626583099365,0.7391526699066162,0.005182147026062012,-0.03092324733734131,,True,False,True,False,False
29,14187000,0.7740997672080994,0.6481959819793701,0.8241913318634033,0.7834046650678589,0.829072022202477,2.1518781185150146,1.8983638286590576,1.1558828353881836,1.0255566835403442,-0.050091564655303955,0.12590378522872925,1.3978559069078238,True,True,True,True,True
29,14216500,0.43911677598953247,0.34528952836990356,0.5167379379272461,0.6521799832505923,0.7204992018411066,4.067514419555664,3.7755849361419678,0.8698564767837524,0.9181268811225891,-0.07762116193771362,0.0938272476196289,1.8272774050922396,False,True,True,True,True
29,14222500,0.7898660898208618,0.7137279510498047,0.8137425780296326,0.6743855013539473,0.7439016447882791,2.7624928951263428,2.6008176803588867,1.286077857017517,1.2131885290145874,-0.023876488208770752,0.07613813877105713,1.3135943246598913,True,True,True,True,True
29,14236200,0.7664857506752014,0.7599781155586243,0.8019869327545166,0.6450192728371762,0.6866582412600796,3.269852638244629,3.0110530853271484,0.8983027338981628,0.8974852561950684,-0.035501182079315186,0.0065076351165771484,,True,False,True,False,True
29,14301000,0.7793043851852417,0.6890178918838501,0.8074029684066772,0.6199932324976632,0.6585288828307165,2.3782482147216797,2.2216989994049072,1.3429551124572754,1.3322601318359375,-0.028098583221435547,0.0902864933013916,1.3112157997723726,True,True,True,True,True
29,14303200,0.7658091187477112,0.7317501306533813,0.799293041229248,0.8648695693236723,0.8786566517822485,3.1098031997680664,2.8789172172546387,1.0421007871627808,1.0704063177108765,-0.033483922481536865,0.034058988094329834,,True,False,True,False,True
29,14305500,0.8686761856079102,0.8655338883399963,0.8648598194122314,0.8608200854231346,0.8263009416228788,3.235863447189331,3.2825446128845215,0.966213047504425,0.9966764450073242,0.003816366195678711,0.0031422972679138184,,True,False,True,False,False
29,14306340,0.5900536775588989,0.4788087010383606,0.6185553073883057,0.5538440151942161,0.5023175161821292,4.007936954498291,3.866100788116455,1.3968135118484497,1.467862606048584,-0.02850162982940674,0.11124497652053833,1.2562059943816402,True,True,True,True,True
29,14306500,0.43866121768951416,0.29456067085266113,0.6550077199935913,0.39286791960678724,0.508256136874093,3.8360743522644043,3.007316827774048,1.4306524991989136,1.3973348140716553,-0.21634650230407715,0.14410054683685303,2.501357954935585,False,True,True,True,True
29,14308990,-0.27797532081604004,-0.5629396438598633,-0.07235896587371826,-0.3450581577611511,-0.22118736172162556,1.9443179368972778,1.781050205230713,2.240196466445923,2.1736137866973877,-0.20561635494232178,0.28496432304382324,1.7215512199774603,False,True,True,True,True
29,14309500,0.7512058019638062,0.6707603931427002,0.697972297668457,0.5936403011323665,0.5958894291160155,2.255687713623047,2.4853196144104004,1.391687273979187,1.3677740097045898,0.05323350429534912,0.08044540882110596,0.3382654762345793,True,True,True,False,True
29,14316700,0.714606523513794,0.6226255297660828,0.6700229644775391,0.6350169498914738,0.6504674299234247,2.134056568145752,2.294699192047119,1.1405937671661377,1.2038227319717407,0.04458355903625488,0.09198099374771118,0.5152959625709166,True,True,True,False,True
29,14325000,0.7699535489082336,0.715832531452179,0.7999446988105774,0.8459478884805174,0.7726171852591692,3.258661985397339,3.0388312339782715,1.0909932851791382,1.1284148693084717,-0.02999114990234375,0.05412101745605469,1.554149779735683,True,True,True,True,True
29,14362250,-10.389881134033203,-12.518708229064941,-5.891628742218018,-4.490071841964691,-3.61351258505932,2.4651401042938232,1.9175333976745605,5.898054599761963,5.290801048278809,-4.4982523918151855,2.1288270950317383,3.1130191373048652,False,True,True,True,True
29,14400000,0.6433776021003723,0.6578250527381897,0.5864660143852234,0.384938082934438,0.32911941530905064,7.3228349685668945,7.885523319244385,0.5954090356826782,0.5686290264129639,0.056911587715148926,-0.014447450637817383,,True,False,True,False,False
47,01022500,0.5269199013710022,0.22695684432983398,0.652256429195404,0.7189508172155534,0.6415795918906291,1.8974937200546265,1.6268315315246582,1.0155583620071411,1.1187422275543213,-0.12533652782440186,0.2999630570411682,1.4178398802196504,True,True,True,True,True
47,01031500,0.6034175157546997,0.4615744352340698,0.5510714054107666,0.6546114520469821,0.5490866831638161,2.158698081970215,2.29675030708313,1.1820381879806519,1.1097846031188965,0.052346110343933105,0.14184308052062988,0.6309576036293162,True,True,True,False,True
47,01047000,0.453971803188324,0.34316956996917725,0.4671279191970825,0.47961834397488556,0.4782940490486933,2.5243239402770996,2.493727922439575,0.9648845195770264,1.040282130241394,-0.013156116008758545,0.11080223321914673,1.118735115949677,False,True,True,True,True
47,01052500,0.45438170433044434,0.3313373923301697,0.46469682455062866,0.5868343379863847,0.4738943367917191,2.7877562046051025,2.7612788677215576,1.1928703784942627,0.9836697578430176,-0.010315120220184326,0.12304431200027466,1.0838325644842592,False,True,True,True,True
47,01054200,0.4116387963294983,0.390677273273468,0.4425475597381592,0.32442575238811056,0.3911378224335188,3.7487072944641113,3.648912191390991,0.856907069683075,0.9888775944709778,-0.03090876340866089,0.020961523056030273,,False,False,True,False,True
47,01055000,0.5710452198982239,0.5049237608909607,0.5276994109153748,0.5536578199902236,0.5057657755803323,2.543761968612671,2.6691930294036865,1.0582863092422485,0.9912900924682617,0.04334580898284912,0.06612145900726318,0.3444517160746899,True,True,True,False,True
47,01057000,0.3837614059448242,0.1741173267364502,0.5836888551712036,0.5102756053485544,0.47556184956587877,2.388712167739868,1.9633527994155884,1.316440463066101,1.33907151222229,-0.1999274492263794,0.20964407920837402,1.9536517796320074,False,True,True,True,True
47,01073000,0.6605159640312195,0.25960081815719604,0.6872820854187012,0.7454544270720057,0.638524405831411,2.0542454719543457,1.9716010093688965,1.0822861194610596,1.2381342649459839,-0.02676612138748169,0.40091514587402344,1.0667625597659316,True,True,True,True,True
47,01078000,0.4550144672393799,0.057246387004852295,0.42275041341781616,0.5018342896543537,0.3776299916041962,1.964172124862671,2.021477222442627,1.2360180616378784,1.4765185117721558,0.03226405382156372,0.3977680802345276,0.9188872726978481,False,True,True,True,True
47,01123000,0.6744588017463684,0.040799736976623535,0.6287322044372559,0.7038218011775526,0.6202166996692577,1.4960315227508545,1.5976492166519165,0.8755096793174744,1.3412272930145264,0.04572659730911255,0.6336590647697449,0.9278372237510271,True,True,True,True,True
47,01134500,0.3878297209739685,0.17865192890167236,0.5497531890869141,0.5711120646457886,0.6022415040411064,2.287450075149536,1.9617371559143066,1.150072693824768,1.0813944339752197,-0.16192346811294556,0.20917779207229614,1.7740949290495498,False,True,True,True,True
47,01137500,0.3334357738494873,0.10265117883682251,0.510380744934082,0.3292060828358757,0.5554466637998463,2.661876916885376,2.281372547149658,0.8183825016021729,1.037521243095398,-0.17694497108459473,0.2307845950126648,1.766710495017592,False,True,True,True,True
47,01139000,-0.4414118528366089,-1.0828094482421875,0.664678156375885,0.37615582349418064,0.6470466939127881,2.2242136001586914,1.0727866888046265,1.2065143585205078,1.1762018203735352,-1.106090009212494,0.6413975954055786,2.7244997753898246,False,True,True,True,True
47,01139800,0.08410626649856567,-0.9108012914657593,0.3454926013946533,0.5036025126420025,0.6517494273593659,1.7858803272247314,1.5096876621246338,0.9386924505233765,1.1712578535079956,-0.26138633489608765,0.994907557964325,1.2627242428742915,False,True,True,True,True
47,01142500,0.10933703184127808,-0.6204692125320435,0.6078433990478516,0.5204932112306242,0.675247755612867,2.09189772605896,1.388076901435852,0.927389919757843,1.0826116800308228,-0.4985063672065735,0.7298062443733215,1.6830667331911318,False,True,True,True,True
47,01144000,0.4041093587875366,0.07788199186325073,0.5753536224365234,0.5932940975051804,0.6087237282641118,1.8242111206054688,1.53994619846344,1.195639967918396,1.0008397102355957,-0.17124426364898682,0.3262273669242859,1.524923047577216,False,True,True,True,True
47,01162500,0.5734888911247253,-0.039872050285339355,0.5320326089859009,0.699625372536644,0.5141746130606506,1.5986944437026978,1.6745885610580444,1.0851935148239136,1.3559926748275757,0.04145628213882446,0.6133609414100647,0.9324112780257575,True,True,True,True,True
47,01169000,0.5263296365737915,0.3993282914161682,0.6328794956207275,0.5207082808424872,0.6993229707321041,2.5026259422302246,2.2032418251037598,0.7807193994522095,1.0267088413238525,-0.10654985904693604,0.1270013451576233,1.8389663819284385,True,True,True,True,True
47,01170100,0.5103955268859863,0.2389991283416748,0.6047244071960449,0.6205282651351449,0.6614679779693373,2.0972447395324707,1.884414553642273,1.107987880706787,1.1579813957214355,-0.0943288803100586,0.2713963985443115,1.347568651669699,True,True,True,True,True
47,01181000,0.5358107089996338,0.4253953695297241,0.6006209850311279,0.5357822863706264,0.5693502345860926,2.602071762084961,2.4135947227478027,0.8470349311828613,1.042415976524353,-0.06481027603149414,0.11041533946990967,1.5869680457682802,True,True,True,True,True
47,01187300,0.644697904586792,0.3084791898727417,0.5968214273452759,0.7172772097726432,0.5888969386900145,2.3024168014526367,2.4526400566101074,1.0544708967208862,1.142332911491394,0.04787647724151611,0.3362187147140503,0.8576031757118742,True,True,True,True,True
47,01195100,0.6383463740348816,0.04998195171356201,0.6029373407363892,0.6380944408199497,0.5904379854620503,1.6779240369796753,1.7581480741500854,0.8577934503555298,1.3196709156036377,0.03540903329849243,0.5883644223213196,0.9398178544535537,True,True,True,True,True
47,01333000,0.48811596632003784,0.12825226783752441,0.5421329736709595,0.6836809020553005,0.7020032478812681,1.9936484098434448,1.8855259418487549,1.0792769193649292,1.0656169652938843,-0.05401700735092163,0.3598636984825134,1.1501040743445436,False,True,True,True,True
47,01350000,0.6703576445579529,0.2859785556793213,0.6009706258773804,0.7859362708654611,0.740286598576543,2.301419258117676,2.5320756435394287,1.0529029369354248,1.0108568668365479,0.06938701868057251,0.3843790888786316,0.8194828473031696,True,True,True,True,True
47,01350080,0.3483095169067383,-1.0771684646606445,0.23717957735061646,0.6078480633848287,0.5223393885379322,2.105149269104004,2.277578353881836,1.2301926612854004,1.329569697380066,0.11112993955612183,1.4254779815673828,0.9220402272128195,False,True,False,True,True
47,01350140,0.5067538022994995,-0.13424944877624512,0.3976670503616333,0.6021363725948884,0.5827151550472144,2.2555534839630127,2.492525339126587,1.2524174451828003,1.2444369792938232,0.10908675193786621,0.6410032510757446,0.8298187228305088,True,True,False,True,True
47,01365000,0.6412484645843506,0.35874271392822266,0.5957447290420532,0.7685138416666981,0.7410314980052606,2.3647844791412354,2.510282039642334,0.8832254409790039,0.8661295175552368,0.04550373554229736,0.28250575065612793,0.8389281087672955,True,True,True,True,True
47,01411300,-3.5780935287475586,-11.936612129211426,-0.5280023813247681,-0.6679111658402201,0.1927077322684395,2.228910446166992,1.2876927852630615,1.412078857421875,1.4155490398406982,-3.0500911474227905,8.358518600463867,1.364908100731333,False,True,True,True,True
47,01413500,0.5078929662704468,-0.4154081344604492,0.3899899125099182,0.7035969831396345,0.6922179986166173,1.9942762851715088,2.2203633785247803,1.173053503036499,1.0985112190246582,0.11790305376052856,0.923301100730896,0.8723027042129646,True,True,False,True,True
47,01414500,0.5403879880905151,-0.15878260135650635,0.49958086013793945,0.7517799783703105,0.7535162395961412,2.177058696746826,2.2716500759124756,1.1126006841659546,1.0471701622009277,0.040807127952575684,0.6991705894470215,0.9416349477960017,True,True,True,True,True
47,01415000,0.5308244824409485,-0.39860284328460693,0.38143545389175415,0.6948066736063929,0.6660457277750438,1.8654946088790894,2.1419968605041504,1.2114914655685425,1.1691694259643555,0.14938902854919434,0.9294273257255554,0.8392676604030616,True,True,False,True,True
47,01423000,0.5977298021316528,-0.1277942657470703,0.4137173295021057,0.7300159299637504,0.7090316685136915,1.7774765491485596,2.145845651626587,1.1931779384613037,1.0178598165512085,0.18401247262954712,0.7255240678787231,0.7463730277514292,True,True,False,False,True
47,01435000,0.6385465860366821,0.45321667194366455,0.6016861200332642,0.7229785281791787,0.6899267257010274,2.6976399421691895,2.8318521976470947,0.8760828375816345,0.8486577272415161,0.03686046600341797,0.18532991409301758,0.8011089241377536,True,True,True,True,True
47,01439500,0.43998008966445923,-0.2179110050201416,0.4343344569206238,0.5887417343217514,0.7155065595308648,1.9134045839309692,1.923025131225586,0.7225937247276306,0.9110100269317627,0.005645632743835449,0.6578910946846008,0.9914185907220069,False,True,True,True,True
47,01440000,0.6396082043647766,-0.3702586889266968,0.4917193651199341,0.8174793913605185,0.7480079049674769,1.5512757301330566,1.8422702550888062,0.9630398154258728,1.0545700788497925,0.14788883924484253,1.0098668932914734,0.8535561070203753,True,True,False,True,True
47,01440400,0.5390814542770386,0.2564259171485901,0.5770022869110107,0.5751462816283219,0.7142046718612849,2.2477362155914307,2.1532888412475586,0.7612515091896057,0.9155279397964478,-0.03792083263397217,0.2826555371284485,1.1341591713334793,True,True,True,True,True
47,01451800,0.48173391819000244,0.11480873823165894,0.565388560295105,0.6945642485342024,0.7148900913405873,2.0778768062591553,1.9028034210205078,1.0697871446609497,0.9126484990119934,-0.08365464210510254,0.3669251799583435,1.227988283918263,False,True,True,True,True
47,01466500,-41.97652053833008,-73.32059478759766,-37.817134857177734,-4.5596844106749295,-4.188471556013465,3.1516287326812744,2.99523663520813,2.9990241527557373,2.9339916706085205,-4.159385681152344,31.344074249267578,1.1327008623089112,False,True,True,True,True
47,01484100,-1.3448264598846436,-5.836101055145264,-0.5284616947174072,-0.1059860895297946,0.21496380128230053,2.3108255863189697,1.8656883239746094,1.4418333768844604,1.5159120559692383,-0.8163647651672363,4.49127459526062,1.181766834303273,False,True,True,True,True
47,01487000,-4.617762088775635,-11.293344497680664,-0.6543681621551514,-0.8628360836301889,0.19581753426693338,3.0712392330169678,1.6666640043258667,1.4395182132720947,1.2762064933776855,-3.9633939266204834,6.675582408905029,1.5937150774040978,False,True,True,True,True
47,01491000,-0.7825374603271484,-2.924534320831299,0.44097524881362915,0.1659734910667222,0.6024487096771469,2.9218380451202393,1.6362600326538086,1.4351974725723267,1.1882214546203613,-1.2235127091407776,2.1419968605041504,1.571201915231942,False,True,True,True,True
47,01510000,0.6410632729530334,0.2318463921546936,0.5409095287322998,0.7016485377807116,0.6415874753031421,1.7024694681167603,1.9253935813903809,0.9954628944396973,0.8986986875534058,0.10015374422073364,0.40921688079833984,0.7552551008517927,True,True,False,False,True
47,01516500,0.4685508608818054,-0.7301956415176392,0.30222588777542114,0.40101488070683133,0.24786143358360557,1.6702624559402466,1.9138649702072144,1.5182663202285767,1.659690260887146,0.16632497310638428,1.1987465023994446,0.8612509210467237,False,True,False,True,True
47,01518862,0.5302152037620544,-0.33930647373199463,0.4002367854118347,0.5458924074059028,0.5133580500404926,1.6004159450531006,1.8083117008209229,1.3024897575378418,1.2530910968780518,0.12997841835021973,0.8695216774940491,0.8505173341683488,True,True,False,True,True
47,01532000,0.6244837045669556,-0.03208744525909424,0.6322933435440063,0.595047161853774,0.6664800318313067,1.524672508239746,1.5087350606918335,1.1971627473831177,1.1221113204956055,-0.007809638977050781,0.6565711498260498,1.011894581385612,True,True,True,True,True
47,01539000,0.6364092230796814,0.34828418493270874,0.6347767114639282,0.5775404173428971,0.6299457276609342,1.7990479469299316,1.8030822277069092,0.8705083131790161,0.858166515827179,0.0016325116157531738,0.28812503814697266,0.9943340168343148,True,True,True,True,True
47,01542810,0.48330289125442505,0.16266727447509766,0.5257528424263,0.43829595523578624,0.5261957689855337,2.2315070629119873,2.1378767490386963,0.8332521915435791,1.0901767015457153,-0.042449951171875,0.3206356167793274,1.1323931246262344,False,True,True,True,True
47,01543000,0.5461431741714478,0.22532212734222412,0.5759379863739014,0.49060022528819325,0.5772848966202054,1.8197336196899414,1.7589887380599976,0.8053539991378784,0.9875346422195435,-0.029794812202453613,0.32082104682922363,1.0928705036559327,True,True,True,True,True
47,01543500,0.544053852558136,0.24452239274978638,0.5279752612113953,0.5080933129575895,0.46997280209165293,1.6821106672286987,1.711512804031372,0.8774128556251526,0.8481292724609375,0.016078591346740723,0.2995314598083496,0.946320859394775,True,True,True,True,True
47,01544500,0.4846611022949219,-0.09648120403289795,0.520419716835022,0.5570109186162144,0.702892922239436,1.6559406518936157,1.5974562168121338,0.7694580554962158,1.0675406455993652,-0.0357586145401001,0.5811423063278198,1.0615315975979365,False,True,True,True,True
47,01545600,0.5029003620147705,-0.31309473514556885,0.4444541931152344,0.603652720068333,0.5962983664453573,1.421750545501709,1.5030092000961304,0.9622167944908142,1.3018977642059326,0.05844616889953613,0.8159950971603394,0.9283743626610887,True,True,True,True,True
47,01547700,0.5679952502250671,0.20196640491485596,0.5515305399894714,0.5274614035212113,0.5701350498630195,1.8830084800720215,1.9185558557510376,0.8937281370162964,1.115213394165039,0.016464710235595703,0.3660288453102112,0.9550179980442749,True,True,True,True,True
47,01548500,0.6613031625747681,-0.09674549102783203,0.5702933073043823,0.737083039387752,0.6995760662657877,1.1926076412200928,1.3433157205581665,1.1867265701293945,0.9674597382545471,0.09100985527038574,0.7580486536026001,0.8799419340198488,True,True,True,True,True
47,01549500,0.6995824575424194,-0.20141804218292236,0.6309975385665894,0.733791485194734,0.6833720145525658,1.277618169784546,1.4159667491912842,1.1674801111221313,1.2099905014038086,0.06858491897583008,0.9010004997253418,0.9238791554535905,True,True,True,True,True
47,01550000,0.6976094245910645,-0.05286085605621338,0.5884218215942383,0.7254572918656488,0.7073541152998486,1.3457672595977783,1.570044755935669,1.1925849914550781,1.047741413116455,0.10918760299682617,0.7504702806472778,0.8545077589179784,True,True,False,True,True
47,01552000,0.6719938516616821,0.17296981811523438,0.6370956897735596,0.6992479293957496,0.6591500268371077,1.4162315130233765,1.4896674156188965,1.0182127952575684,0.9881638288497925,0.03489816188812256,0.49902403354644775,0.9300671720355642,True,True,True,True,True
47,01552500,0.5666016936302185,0.3374707102775574,0.6165957450866699,0.5168052390624555,0.6307551213597791,2.1627299785614014,2.0341696739196777,0.7676767706871033,0.9647750854492188,-0.049994051456451416,0.22913098335266113,1.218189835023334,True,True,True,True,True
47,01557500,0.5715047717094421,0.044598519802093506,0.5824434161186218,0.49972810175345794,0.6855448805646451,1.581763744354248,1.5614434480667114,0.6797858476638794,0.9167177677154541,-0.010938644409179688,0.5269062519073486,1.0207601340268462,True,True,True,True,True
47,01567500,0.3278930187225342,-1.2659482955932617,0.5110980868339539,0.6624480297901238,0.6425098236866058,1.653947114944458,1.410630464553833,1.1215906143188477,1.0416377782821655,-0.18320506811141968,1.593841314315796,1.1149456137608442,False,True,True,True,True
47,01568000,0.575937032699585,-0.08486330509185791,0.6282709836959839,0.6810125007928589,0.6384819052240152,1.5286991596221924,1.4312652349472046,1.114291787147522,1.0670623779296875,-0.052333950996398926,0.6608003377914429,1.0791978272458393,True,True,True,True,True
47,01580000,-0.03169131278991699,-4.0273237228393555,-0.12131631374359131,0.5104544555857796,0.35356780619564454,1.457082986831665,1.5190550088882446,1.0648599863052368,1.2529915571212769,0.08962500095367432,3.9956324100494385,0.9775692576904077,False,True,True,True,True
47,01583500,-0.7956244945526123,-9.28486156463623,-0.7055023908615112,0.15159719361851864,0.12822595544289495,1.5461283922195435,1.506829023361206,1.1861988306045532,1.337357521057129,-0.09012210369110107,8.489237070083618,1.0106160427547364,False,True,True,True,True
47,01586610,-0.0771033763885498,-4.213016986846924,-0.10011875629425049,0.3631521051799572,0.33306888110399846,1.6487501859664917,1.6662721633911133,1.3647569417953491,1.44606614112854,0.023015379905700684,4.135913610458374,0.9944352367884324,False,True,True,True,True
47,01591400,0.06192374229431152,-2.264763832092285,0.12191236019134521,0.47174875581373454,0.4056667576832862,1.6981191635131836,1.6429260969161987,1.3343980312347412,1.4643537998199463,-0.05998861789703369,2.3266875743865967,1.0257828419068464,False,True,True,True,True
47,01594950,0.3966333270072937,-0.1387472152709961,0.3702552914619446,0.608870296027536,0.6339208674021177,2.2865724563598633,2.3360202312469482,0.8418488502502441,1.1220581531524658,0.02637803554534912,0.5353805422782898,0.9507303058996158,False,True,True,True,True
47,01596500,0.6749159693717957,-0.053215861320495605,0.5904237627983093,0.7808787940743667,0.7190543312456796,1.518845558166504,1.7048382759094238,1.0982173681259155,1.1485263109207153,0.08449220657348633,0.7281318306922913,0.8839602898651566,True,True,True,True,True
47,01605500,-0.13640058040618896,-1.4469997882843018,0.10691672563552856,-0.10437554363482571,0.2081767291136215,1.8355205059051514,1.6271945238113403,2.0282442569732666,1.717455506324768,-0.24331730604171753,1.3105992078781128,1.1856534816892292,False,True,True,True,True
47,01606500,0.3144683241844177,-0.8207374811172485,0.2523641586303711,0.2266966084447939,0.4575194031758487,1.4746167659759521,1.539963722229004,1.7375247478485107,1.4014400243759155,0.06210416555404663,1.1352058053016663,0.9452925934099295,False,True,True,True,True
47,01632000,0.4783991575241089,-0.919905424118042,0.39878004789352417,0.6007674839656734,0.4598173989287394,1.3969066143035889,1.4997363090515137,1.19392728805542,1.4155315160751343,0.07961910963058472,1.3983045816421509,0.9430602526260187,False,True,True,True,True
47,01632900,0.540825366973877,-0.5851045846939087,0.5175827145576477,0.5612497245778111,0.7534669840095387,0.89783775806427,0.9202806949615479,0.7555840611457825,1.0803742408752441,0.023242652416229248,1.1259299516677856,0.9793569285710882,True,True,True,True,True
47,01634500,0.469133198261261,-1.377668857574463,0.4111061096191406,0.5472543006607882,0.5086830604618191,1.2958849668502808,1.3648728132247925,1.384556770324707,1.411283254623413,0.05802708864212036,1.8468020558357239,0.9685796924154594,False,True,True,True,True
47,01638480,0.4096810817718506,-0.9935420751571655,0.488900363445282,0.6217042351264752,0.5252846907633039,1.9824248552322388,1.8446168899536133,1.1124746799468994,1.2105008363723755,-0.0792192816734314,1.4032231569290161,1.0564552268698333,False,True,True,True,True
47,01639500,-0.2714618444442749,-1.573901891708374,0.4907868504524231,-0.05080367055131774,0.7337604795991657,1.9825403690338135,1.2546430826187134,1.8784067630767822,1.1043022871017456,-0.762248694896698,1.3024400472640991,1.5852466656702355,False,True,True,True,True
47,01644000,0.47148650884628296,-0.9617190361022949,0.5634731650352478,0.6948352895683303,0.6826299227197978,1.5233237743377686,1.3844256401062012,1.0713865756988525,1.0879063606262207,-0.09198665618896484,1.4332055449485779,1.0641824590430713,False,True,True,True,True
47,01664000,0.5525941848754883,-0.8308670520782471,0.644489049911499,0.6290698428184058,0.7836420848499146,1.0653752088546753,0.9496822357177734,1.3096070289611816,1.0894278287887573,-0.09189486503601074,1.3834612369537354,1.0664238813357398,True,True,True,True,True
47,01666500,0.4492592215538025,-0.7591567039489746,0.5855454206466675,0.6997628424473192,0.6656030886687595,1.3371835947036743,1.15999436378479,1.0494073629379272,1.161337971687317,-0.136286199092865,1.208415925502777,1.1127808697457884,False,True,True,True,True
47,01667500,0.37786954641342163,-0.836519718170166,0.6286230087280273,0.5159746178759991,0.7384662574718683,1.2652008533477783,0.9775213003158569,1.3942903280258179,1.1858495473861694,-0.2507534623146057,1.2143892645835876,1.2064852429345123,False,True,True,True,True
47,01669000,0.019411802291870117,-5.129142761230469,0.44103503227233887,0.42192051093137173,0.5462053839980097,1.2831592559814453,0.9687897562980652,1.2040232419967651,1.3947746753692627,-0.42162322998046875,5.148554563522339,1.0818915726304392,False,True,True,True,True
47,01669520,-0.16015374660491943,-4.762338161468506,0.37123942375183105,0.49335759151097214,0.5815687569564204,1.6732760667800903,1.2318347692489624,1.0300904512405396,1.2396705150604248,-0.5313931703567505,4.602184414863586,1.1154654230370518,False,True,True,True,True
47,02011400,0.07291275262832642,-2.042752981185913,0.07741045951843262,0.1394374726856069,0.1570282629737072,1.3881531953811646,1.384781837463379,1.7425304651260376,1.785333514213562,-0.004497706890106201,2.1156657338142395,1.0021259061950196,False,True,True,True,True
47,02013000,0.58970046043396,-0.759894847869873,0.4065525531768799,0.6658643905461681,0.4084716929229454,1.2831952571868896,1.543239712715149,1.0631040334701538,1.5042924880981445,0.18314790725708008,1.349595308303833,0.8642942027656721,True,True,False,True,True
47,02014000,0.4973946809768677,-0.8381235599517822,0.37161868810653687,0.6746587592740989,0.4804165425039312,1.3448351621627808,1.5037206411361694,0.991237223148346,1.3621045351028442,0.1257759928703308,1.33551824092865,0.9058223324730685,False,True,False,True,True
47,02015700,0.4511792063713074,-0.2240912914276123,0.4035707116127014,0.5880108934751007,0.5386081146631954,1.4065393209457397,1.4662772417068481,1.3352283239364624,1.294517159461975,0.04760849475860596,0.6752704977989197,0.9294971497884353,False,True,True,True,True
47,02016000,0.5028373003005981,-0.16359388828277588,0.312233030796051,0.5895299967994557,0.4586326589652735,1.3902451992034912,1.635169506072998,1.1597594022750854,1.1922669410705566,0.19060426950454712,0.666431188583374,0.713992573022111,True,True,False,False,True
47,02017500,0.5566256046295166,-0.6088283061981201,0.4756981134414673,0.7135796532560388,0.5253367524385829,1.2588928937911987,1.3689708709716797,1.121854543685913,1.2633525133132935,0.08092749118804932,1.1654539108276367,0.9305613972065362,True,True,True,True,True
47,02018000,0.5322264432907104,-0.47181451320648193,0.4144219756126404,0.6312562651295557,0.5117030847480002,1.2742754220962524,1.4257317781448364,0.9930785894393921,1.2130104303359985,0.11780446767807007,1.0040409564971924,0.8826696591252057,True,True,False,True,True
47,02027000,0.44490116834640503,-0.08915150165557861,0.5407289266586304,0.6630022722295779,0.6042753416754849,1.848855972290039,1.6817152500152588,1.1274096965789795,1.26116943359375,-0.09582775831222534,0.5340526700019836,1.1794350327129146,False,True,True,True,True
47,02027500,0.2714587450027466,-0.6435247659683228,0.36961865425109863,0.6505040453258577,0.6130019411118058,1.910949945449829,1.7775585651397705,1.0524616241455078,1.2352700233459473,-0.09815990924835205,0.9149835109710693,1.1072805226229434,False,True,True,True,True
47,02028500,0.5057611465454102,-0.621394157409668,0.6139378547668457,0.7233509797187281,0.712984199605822,1.4341564178466797,1.267525553703308,0.906276524066925,1.1720317602157593,-0.10817670822143555,1.1271553039550781,1.0959732060363412,True,True,True,True,True
47,02038850,-0.012791633605957031,-0.9181152582168579,0.2982977628707886,-0.2897516769897679,0.26377647720664066,1.7019518613815308,1.4166535139083862,0.14415064454078674,1.667771339416504,-0.3110893964767456,0.9053236246109009,1.343622311425319,False,True,True,True,True
47,02046000,0.45531290769577026,-0.39604508876800537,0.6275538206100464,0.2872369534956659,0.495815691195878,1.7378923892974854,1.4370806217193604,0.5845596194267273,1.3736917972564697,-0.17224091291427612,0.8513579964637756,1.202313143976683,False,True,True,True,True
47,02051500,0.3702240586280823,-0.5094068050384521,0.44112569093704224,0.4167078857584281,0.6043680224127417,1.29554283618927,1.2204381227493286,0.6989285945892334,1.256085991859436,-0.07090163230895996,0.8796308636665344,1.0806038478611621,False,True,True,True,True
47,02053200,-1.362682580947876,-8.753578186035156,-0.16151678562164307,-0.17175303789469964,0.44214313110765135,2.2726948261260986,1.5934967994689941,1.7900055646896362,1.2477421760559082,-1.201165795326233,7.39089560508728,1.1625196538426885,False,True,True,True,True
47,02053800,0.4024278521537781,-1.1893949508666992,0.45945894718170166,0.6709301026078074,0.42550905421818874,1.1799194812774658,1.1222033500671387,1.0015738010406494,1.490388035774231,-0.057031095027923584,1.5918228030204773,1.035827539924486,False,True,True,True,True
47,02055100,0.2580258250236511,-0.5071283578872681,-0.017942309379577637,0.15536966605228164,0.4360020117788611,1.4170074462890625,1.659737229347229,0.4008873999118805,1.3514803647994995,0.27596813440322876,0.7651541829109192,0.639330032342831,False,True,False,False,True
47,02056900,0.28087395429611206,-0.9429553747177124,0.46646827459335327,0.23476230458847602,0.6460794223383606,1.3088542222976685,1.1273763179779053,0.4943462312221527,1.2546216249465942,-0.1855943202972412,1.2238293290138245,1.1516504923499384,False,True,True,True,True
47,02059500,0.3986316919326782,-1.0471270084381104,0.3205528259277344,0.4051758018827012,0.49441023610760315,1.178824782371521,1.253016710281372,0.6790850162506104,1.3896310329437256,0.07807886600494385,1.4457587003707886,0.9459945383798007,False,True,True,True,True
47,02064000,0.18164211511611938,-0.5389912128448486,0.3820497989654541,0.08898917526789762,0.5496895430110444,1.3201380968093872,1.1471612453460693,0.3966750502586365,1.3541743755340576,-0.20040768384933472,0.720633327960968,1.2780993829641327,False,True,True,True,True
47,02065500,0.2812407612800598,-0.6203503608703613,0.28561484813690186,0.3267260549882526,0.5244029299197617,1.1988246440887451,1.1951713562011719,0.5724674463272095,1.3540898561477661,-0.004374086856842041,0.9015911221504211,1.004851519440885,False,True,True,True,True
47,02069700,0.21419787406921387,-1.7837419509887695,-0.010435700416564941,0.3293050316649102,0.3699214102344799,1.2330002784729004,1.3981729745864868,0.4157130718231201,1.160731554031372,0.2246335744857788,1.9979398250579834,0.8875673973417795,False,True,False,True,True
47,02070000,0.17482507228851318,-1.1530025005340576,0.30773597955703735,0.09893986379623076,0.5645465913293246,1.3519787788391113,1.2383196353912354,0.29461824893951416,1.2719061374664307,-0.13291090726852417,1.3278275728225708,1.1000965110146002,False,True,True,True,True
47,02074500,0.18714004755020142,-0.19649064540863037,0.3127968907356262,0.05589064562522794,0.4792286959676695,1.5097018480300903,1.3881163597106934,0.39659175276756287,1.4024442434310913,-0.1256568431854248,0.3836306929588318,1.3275463759593118,False,True,True,True,True
47,02077200,0.4614409804344177,-0.1589677333831787,0.5218994617462158,0.468695706190119,0.4275593318188621,1.9694368839263916,1.8556028604507446,1.05815851688385,1.4614601135253906,-0.060458481311798096,0.6204087138175964,1.0974494393216618,False,True,True,True,True
47,02081500,0.4051041007041931,-0.9426473379135132,0.5699901580810547,0.30633531702077244,0.5361521343042748,1.6762207746505737,1.4251151084899902,0.6582049131393433,1.2543747425079346,-0.16488605737686157,1.3477514386177063,1.1223415925609945,False,True,True,True,True
47,02082950,0.35533982515335083,-3.630600929260254,0.5252898931503296,0.30376513111849246,0.589929012215244,1.0196349620819092,0.8749707937240601,0.5811529755592346,1.3252829313278198,-0.16995006799697876,3.9859407544136047,1.0426373793460915,False,True,True,True,True
47,02092500,-1.3873729705810547,-4.341696739196777,-2.763591766357422,-0.47173804947144826,-0.5887050573519352,3.1624579429626465,3.970689058303833,2.2424674034118652,2.0904033184051514,1.3762187957763672,2.9543237686157227,0.5341679167340525,False,True,False,False,True
47,02096846,0.22709214687347412,-1.2351300716400146,0.2545226812362671,-0.007216360778196762,-0.07481968651242377,1.9731301069259644,1.937800645828247,0.40273311734199524,1.9795809984207153,-0.02743053436279297,1.4622222185134888,1.0187594840342935,False,True,True,True,True
47,02102908,-1.0774929523468018,-4.374719619750977,-0.3548480272293091,0.0335890244174365,0.3956152861073893,1.6022439002990723,1.293910264968872,1.6258115768432617,1.242596983909607,-0.7226449251174927,3.297226667404175,1.2191674998450783,False,True,True,True,True
47,02108000,-0.656651496887207,-4.865518093109131,-0.9143879413604736,0.0835520434713164,0.1837163854545234,1.9159486293792725,2.0596017837524414,1.6872586011886597,1.378617525100708,0.2577364444732666,4.208866596221924,0.9387634560086502,False,True,False,True,True
47,02111180,0.45626842975616455,-0.47924113273620605,0.31958597898483276,0.6068429887798832,0.6549520583348007,1.4826231002807617,1.6585367918014526,0.7550248503684998,1.0836684703826904,0.1366824507713318,0.9355095624923706,0.8538951858416236,False,True,False,True,True
47,02111500,0.16344869136810303,-4.029292106628418,-0.48872554302215576,0.4721677633011272,0.14886231553456242,1.1352227926254272,1.5144054889678955,0.5744020938873291,1.2420012950897217,0.6521742343902588,4.192740797996521,0.8444515733713144,False,True,False,True,True
47,02112120,0.06999969482421875,-4.9663262367248535,-0.44290685653686523,0.47683229941899397,0.1244109057978866,1.1694996356964111,1.4567253589630127,0.7950217723846436,1.3481993675231934,0.512906551361084,5.036325931549072,0.898158586570404,False,True,False,True,True
47,02112360,0.05600470304489136,-2.65915584564209,-0.4792931079864502,0.440732923816308,0.1809683089976436,1.2260130643844604,1.5347487926483154,0.5832125544548035,1.0859090089797974,0.5352978110313416,2.715160548686981,0.8028485603585375,False,True,False,True,True
47,02118500,0.40449148416519165,-1.2878165245056152,0.4789949655532837,0.28775567195495233,0.5810076650890612,1.326525092124939,1.240773320198059,0.4614548981189728,1.3430336713790894,-0.07450348138809204,1.6923080086708069,1.0440247762265271,False,True,True,True,True
47,02125000,0.5074317455291748,0.2552012801170349,0.45733386278152466,0.4383659633286279,0.4120757999734075,2.409493923187256,2.529059410095215,1.2217963933944702,1.0145963430404663,0.050097882747650146,0.2522304654121399,0.8013805244906037,True,True,True,True,True
47,02128000,0.17981761693954468,-0.30211377143859863,0.4573228359222412,-0.07212757710303941,0.4838513307623753,1.9651809930801392,1.5985201597213745,0.3070061504840851,1.3124181032180786,-0.27750521898269653,0.4819313883781433,1.5758189353812215,False,True,True,True,True
47,02137727,0.5304620265960693,-0.26272380352020264,0.5479581356048584,0.515781039703463,0.7487106628374706,1.8040385246276855,1.7701078653335571,0.6357991695404053,1.105709433555603,-0.017496109008789062,0.793185830116272,1.0220580201315805,True,True,True,True,True
47,02140991,0.39765506982803345,-0.3141744136810303,0.5073560476303101,0.4367979575464148,0.7387004191633735,1.80525541305542,1.632610559463501,0.6339587569236755,1.0365961790084839,-0.10970097780227661,0.7118294835090637,1.1541113150603008,False,True,True,True,True
47,02143000,0.286118745803833,-0.7207897901535034,0.5526562333106995,0.2528230974566934,0.5924240658356323,1.7518994808197021,1.3868098258972168,0.5259026288986206,1.3465368747711182,-0.26653748750686646,1.0069085359573364,1.2647087376744215,False,True,True,True,True
47,02143040,0.3500748872756958,0.04828876256942749,0.66273033618927,0.2589991444558539,0.6669723302711185,2.2195467948913574,1.5988998413085938,0.513256847858429,1.231987476348877,-0.3126554489135742,0.3017861247062683,2.036016646616491,False,True,True,True,True
47,02149000,0.39784348011016846,-2.2659099102020264,0.22352498769760132,0.44662312673381177,0.5133597492339308,1.3774763345718384,1.5642032623291016,0.5111977458000183,1.1752780675888062,0.17431849241256714,2.663753390312195,0.9345590725303078,False,True,False,True,True
47,02152100,0.2310054898262024,-0.439355731010437,0.48541688919067383,0.14552461123882932,0.5187935368995492,2.131211757659912,1.7433826923370361,0.4752267897129059,1.398298978805542,-0.25441139936447144,0.6703612208366394,1.379513897070232,False,True,True,True,True
47,02177000,0.3100842237472534,-1.588108777999878,0.1026986837387085,0.6058245223134935,0.5106953444328015,2.3225553035736084,2.64872670173645,0.8421486616134644,1.0701614618301392,0.20738554000854492,1.8981930017471313,0.8907458093999591,False,True,False,True,True
47,02178400,0.2465696930885315,-1.7610633373260498,0.2696738839149475,0.5521912973916936,0.5802363080752464,2.157580614089966,2.124241352081299,0.6937642693519592,0.9868841767311096,-0.023104190826416016,2.0076330304145813,1.0115081742910181,False,True,True,True,True
47,02193340,0.20648455619812012,-0.6104720830917358,0.272174596786499,0.05971372113042239,0.03942129792661231,1.7916157245635986,1.7158557176589966,0.5388969779014587,1.8539758920669556,-0.0656900405883789,0.816956639289856,1.0804082339614502,False,True,True,True,True
47,02196000,0.5084681510925293,-1.929511308670044,0.30166226625442505,0.14704253393710476,-0.5366376370856931,1.0336922407150269,1.2321062088012695,1.809963583946228,2.50838041305542,0.20680588483810425,2.4379794597625732,0.9151732456112471,True,True,False,True,True
47,02198100,0.16652274131774902,-3.2941932678222656,-0.5105760097503662,-0.05969344706641522,-0.5620190870749384,1.5611661672592163,2.1017136573791504,1.9976648092269897,2.465679168701172,0.6770987510681152,3.4607160091400146,0.8043472075490026,False,True,False,True,True
47,02202600,-3.2545909881591797,-7.042840003967285,-5.0594024658203125,-2.148536846382187,-2.076993481335418,2.808027982711792,3.351100206375122,3.938521385192871,3.6836111545562744,1.8048114776611328,3.7882490158081055,0.5235763356289997,False,True,False,False,True
47,02212600,0.26929306983947754,-0.7664898633956909,0.4430891275405884,0.09961192966165966,0.1648307755373305,1.6302735805511475,1.423251748085022,0.4693187475204468,1.7054049968719482,-0.17379605770111084,1.0357829332351685,1.1677919688812362,False,True,True,True,True
47,02215100,0.41971027851104736,-1.3230228424072266,0.3766601085662842,0.3551620252076275,0.4277592535915945,1.4165922403335571,1.4681988954544067,1.5795044898986816,1.4502302408218384,0.043050169944763184,1.742733120918274,0.9752973249730404,False,True,True,True,True
47,02216180,0.38377946615219116,-3.5859904289245605,-0.09175968170166016,0.49403189919491963,-0.33409808904086646,1.454795002937317,1.9364097118377686,1.3542218208312988,2.2437288761138916,0.4755391478538513,3.9697698950767517,0.8802098961847618,False,True,False,True,True
47,02221525,0.25444507598876953,-2.9083945751190186,0.43796175718307495,0.17629767717678213,0.28185268633739136,1.1094045639038086,0.9632368087768555,0.4555750787258148,1.68514084815979,-0.18351668119430542,3.162839651107788,1.0580227584822481,False,True,True,True,True
47,02231000,-1.9805564880371094,-4.403712272644043,-1.516432523727417,-1.72398029053709,-1.1072370454815244,3.0665833950042725,2.817725896835327,3.5909981727600098,2.94895076751709,-0.4641239643096924,2.4231557846069336,1.1915369895976289,False,True,True,True,True
47,02245500,-0.37812018394470215,-3.428227424621582,-0.5119649171829224,-0.37716384691574656,-0.6586035149957257,2.335263967514038,2.4460384845733643,2.238942861557007,2.538545846939087,0.13384473323822021,3.05010724067688,0.9561180238342972,False,True,False,True,True
47,02246000,-0.28094005584716797,-2.741250991821289,-0.27894484996795654,-0.2546976688248015,-0.4908184522064023,2.5545542240142822,2.5525639057159424,2.1292734146118164,2.4059090614318848,-0.0019952058792114258,2.460310935974121,1.0008109567981989,False,True,True,True,True
47,02296500,-4.355166912078857,-6.714629650115967,-1.4123623371124268,-2.015618524388775,-0.4897141447076556,3.924710273742676,2.6341614723205566,3.701589822769165,2.2484970092773438,-2.9428045749664307,2.3594627380371094,2.247235028349978,False,True,True,True,True
47,02297155,-2.0946426391601562,-6.494691371917725,-0.8514021635055542,-1.5787669780436309,-0.7766328525955364,3.2545549869537354,2.517310380935669,3.3262665271759033,2.599191188812256,-1.243240475654602,4.400048732757568,1.2825515241226537,False,True,True,True,True
47,02297310,-1.3018438816070557,-3.901036262512207,-0.4375118017196655,-0.7539898162189209,0.174063267533615,3.4861371517181396,2.7549405097961426,2.5720698833465576,1.587191104888916,-0.8643320798873901,2.5991923809051514,1.3325387094226524,False,True,True,True,True
47,02298123,-6.764915943145752,-7.676763534545898,-4.291199207305908,-2.168100405369009,-1.0229738270183635,4.661746978759766,3.8481976985931396,3.6260669231414795,2.344132661819458,-2.4737167358398438,0.9118475914001465,3.712862060688716,False,True,True,True,True
47,02298608,-0.25210392475128174,-1.0920655727386475,0.10260826349258423,-0.3577358517200264,0.3011202247612811,3.408093214035034,2.885242462158203,2.2812397480010986,1.5736064910888672,-0.35471218824386597,0.8399616479873657,1.4222956953972752,False,True,True,True,True
47,02299950,0.3624534606933594,-0.30944132804870605,0.5316528081893921,-0.2520676002513016,0.2967571836470373,2.7626755237579346,2.3678700923919678,2.232545852661133,1.662323236465454,-0.16919934749603271,0.6718947887420654,1.2518241699906782,False,True,True,True,True
47,02342933,0.2635921835899353,-0.33352065086364746,0.22491520643234253,0.2772235654057704,0.25403636523353035,2.9880170822143555,3.0654799938201904,1.1963824033737183,1.1294320821762085,0.03867697715759277,0.5971128344535828,0.9352266859361915,False,True,True,True,True
47,02349900,0.08266854286193848,-2.435967206954956,0.34726911783218384,-0.0026377593444679714,-0.14741569169338287,1.710455298423767,1.4428316354751587,1.821622371673584,2.1268205642700195,-0.26460057497024536,2.5186357498168945,1.1050571028341363,False,True,True,True,True
47,02350900,-0.08925116062164307,-5.4276604652404785,0.08971422910690308,0.09869618893523113,0.30535077010544387,1.204085111618042,1.1007331609725952,1.580898642539978,1.335780382156372,-0.17896538972854614,5.3384093046188354,1.0335241041884338,False,True,True,True,True
47,02361000,0.7616531848907471,-1.5974540710449219,0.6860953569412231,0.7322870507835997,0.7420364591031519,0.8310282826423645,0.9536960124969482,0.7769427299499512,1.1871860027313232,0.07555782794952393,2.359107255935669,0.9679718555570479,True,True,True,True,True
47,02369800,-0.25125551223754883,-3.619088649749756,0.4005570411682129,0.18986091685309747,0.6594522707702003,2.263328790664673,1.5665656328201294,1.5508143901824951,1.1910046339035034,-0.6518125534057617,3.367833137512207,1.193540631851865,False,True,True,True,True
47,02371500,0.4725550413131714,-2.76430082321167,0.5465981364250183,0.591350543824414,0.768969102062109,1.267304539680481,1.1749897003173828,1.3229116201400757,1.0256755352020264,-0.07404309511184692,3.2368558645248413,1.0228750053171478,False,True,True,True,True
47,02372250,0.690779983997345,-1.5305352210998535,0.6775330901145935,0.7203758421018318,0.7790396422611605,1.1254078149795532,1.1492611169815063,1.2401504516601562,1.0804368257522583,0.013246893882751465,2.2213152050971985,0.9940364636894601,True,True,True,True,True
47,02374500,0.3627816438674927,-1.784153699874878,0.5846277475357056,0.6131934857511997,0.7821792430091292,1.4952558279037476,1.2072303295135498,1.2330760955810547,0.9154857397079468,-0.2218461036682129,2.1469353437423706,1.1033315252435631,False,True,True,True,True
47,02381600,0.06788992881774902,-2.3522214889526367,-0.33220016956329346,0.5015628519360396,0.07003384742487184,1.9712916612625122,2.356687545776367,1.1365671157836914,1.7838242053985596,0.4000900983810425,2.4201114177703857,0.8346811244130075,False,True,False,True,True
47,02384540,0.43622416257858276,-0.4765676259994507,0.4435334801673889,0.5271654582350415,0.5811914034817214,2.6291842460632324,2.6120851039886475,0.7683408260345459,1.2581278085708618,-0.007309317588806152,0.9127917885780334,1.0080076504634126,False,True,True,True,True
47,02395120,0.559984564781189,-1.0127437114715576,0.3789389729499817,0.6643884797649626,0.5518853105414487,1.4334739446640015,1.7030327320098877,0.7587448358535767,1.3421211242675781,0.18104559183120728,1.5727282762527466,0.8848843792250148,True,True,False,True,True
47,02415000,0.7341169118881226,-0.862902045249939,0.7016798257827759,0.80361106090063,0.8379660485017033,1.3434233665466309,1.4230129718780518,0.8515124320983887,1.0606780052185059,0.03243708610534668,1.5970189571380615,0.9796889786684339,True,True,True,True,True
47,02427250,0.6296836137771606,0.016048729419708252,0.34882235527038574,0.6109254182543444,0.1385515036480277,1.9372223615646362,2.568873643875122,1.0583384037017822,0.5208244323730469,0.2808612585067749,0.6136348843574524,0.5422990679533001,True,True,False,False,True
47,02430085,0.39290136098861694,-1.0082266330718994,0.3599565029144287,0.48174288707817225,0.23404456442988508,2.104625940322876,2.1609766483306885,0.8167007565498352,0.525812029838562,0.03294485807418823,1.4011279940605164,0.9764869032566305,False,True,True,True,True
47,02450250,0.5731163024902344,0.12703466415405273,0.5107162594795227,0.5083793515059067,0.5955557115875305,2.6436336040496826,2.830263376235962,1.4159119129180908,1.2216086387634277,0.06240004301071167,0.44608163833618164,0.8601151949597061,True,True,True,True,True
47,02464000,0.7023894786834717,-0.07189226150512695,0.5406522154808044,0.6911676178197764,0.5828496919197204,1.9317554235458374,2.3999311923980713,1.1468114852905273,0.9247239232063293,0.16173726320266724,0.7742817401885986,0.7911131635840056,True,True,False,False,True
47,02464360,0.5882519483566284,-1.0155258178710938,0.6004594564437866,0.6818788015356536,0.4935510824788172,1.5421897172927856,1.5191564559936523,0.9503999948501587,0.7411821484565735,-0.012207508087158203,1.6037777662277222,1.007611720491594,True,True,True,True,True
47,02465493,0.35423070192337036,-4.016022205352783,0.33734893798828125,0.6730906174339277,0.350684114277548,1.2877980470657349,1.3045223951339722,1.026871919631958,0.6905391216278076,0.01688176393508911,4.370252907276154,0.9961371196831693,False,True,True,True,True
47,02469800,0.6116172075271606,-0.48084747791290283,0.6064944267272949,0.6736579032004975,0.5299283021705112,1.7145256996154785,1.7257959842681885,1.0724271535873413,1.0823078155517578,0.005122780799865723,1.0924646854400635,0.9953108042134999,True,True,True,True,True
47,02472000,0.4206876754760742,-1.2792181968688965,0.3573092818260193,0.45492792864863707,0.2176874779725082,1.8337225914001465,1.9314268827438354,1.4836407899856567,0.5051472783088684,0.06337839365005493,1.6999058723449707,0.9627165276141871,False,True,True,True,True
47,02472500,0.06285744905471802,-3.1506452560424805,0.6839511394500732,0.19139066363852852,0.7489414198322384,2.1629371643066406,1.256082534790039,1.6165934801101685,1.1632078886032104,-0.6210936903953552,3.2135027050971985,1.1932762307653229,False,True,True,True,True
47,02479155,0.6693816781044006,-0.4277576208114624,0.4813043475151062,0.5477713062629509,0.5545852658004811,2.0041682720184326,2.510308265686035,1.4243907928466797,1.2501863241195679,0.18807733058929443,1.097139298915863,0.8285747937612454,True,True,False,True,True
47,02479300,-0.3297717571258545,-2.910729169845581,0.6479150652885437,0.34448240695041543,0.7017747667399599,3.227292060852051,1.6606321334838867,1.3231823444366455,0.8480172753334045,-0.9776868224143982,2.5809574127197266,1.3788078089146556,False,True,True,True,True
47,02479560,0.1063772439956665,-2.028796911239624,0.6580346822738647,0.3701159396333995,0.8014262143704782,2.409818410873413,1.4907273054122925,1.4313193559646606,0.9646090269088745,-0.5516574382781982,2.1351741552352905,1.2583664835608723,False,True,True,True,True
47,02481000,0.63987135887146,0.04480850696563721,0.5386808514595032,0.7324213493201552,0.4913899698115447,2.729304790496826,3.089042901992798,1.0864156484603882,0.8707411289215088,0.10119050741195679,0.5950628519058228,0.8299498832974174,True,True,False,True,True
47,02481510,0.5286462306976318,-0.8919445276260376,0.7025870084762573,0.6350580814000988,0.6592662468828008,2.3613498210906982,1.8757147789001465,1.2697011232376099,0.9388229250907898,-0.1739407777786255,1.4205907583236694,1.1224425660658808,True,True,True,True,True
47,03010655,0.4924716353416443,-0.40844833850860596,0.4458118677139282,0.6383917804583028,0.6563817841255604,1.5122922658920288,1.5802804231643677,0.9467362761497498,1.103946328163147,0.046659767627716064,0.9009199738502502,0.9482087544043376,False,True,True,True,True
47,03011800,0.5924402475357056,0.11788994073867798,0.5352165102958679,0.5719832312793095,0.6455003039578556,1.4503604173660278,1.5488367080688477,0.8570417165756226,1.0010629892349243,0.057223737239837646,0.4745503067970276,0.8794148135187844,True,True,True,True,True
47,03015500,0.5158475637435913,0.03338879346847534,0.45284217596054077,0.5197849070601579,0.5033698494990457,1.8828175067901611,2.001582384109497,0.8308936357498169,0.8618447184562683,0.06300538778305054,0.48245877027511597,0.8694077262869063,True,True,True,True,True
47,03021350,0.4485543966293335,0.2916147708892822,0.3985978364944458,0.3722473036228975,0.31241402522308814,3.1174824237823486,3.2556309700012207,0.8321623802185059,0.7445046901702881,0.049956560134887695,0.15693962574005127,0.6816829408167838,False,True,True,False,True
47,03026500,0.5224989652633667,-0.017648816108703613,0.525944709777832,0.5328918271946452,0.6763905786102553,1.5918920040130615,1.5861380100250244,0.8309621214866638,1.0798752307891846,-0.003445744514465332,0.5401477813720703,1.0063792625523935,True,True,True,True,True
47,03028000,0.4942097067832947,0.21742475032806396,0.5331702828407288,0.4404430994925673,0.6017388847313978,1.8003648519515991,1.729635238647461,0.7273311614990234,0.9253798127174377,-0.03896057605743408,0.2767849564552307,1.1407611763168055,False,True,True,True,True
47,03049000,0.5229887962341309,-0.33780646324157715,0.5585554242134094,0.5453113731698942,0.7377034001528469,1.5329782962799072,1.47472083568573,1.3962310552597046,1.1053260564804077,-0.035566627979278564,0.860795259475708,1.0413183362568021,True,True,True,True,True
47,03049800,0.2932780981063843,-0.08475995063781738,0.2867562770843506,0.3900678962795531,0.3733842585007161,2.6659727096557617,2.6782455444335938,1.0260756015777588,1.1913174390792847,0.006521821022033691,0.37803804874420166,0.9827482417611179,False,True,True,True,True
47,03050000,0.6013363599777222,0.20207345485687256,0.4911651015281677,0.5930793233827945,0.5808016683858663,1.9756852388381958,2.2320446968078613,1.1249315738677979,1.0191349983215332,0.11017125844955444,0.3992629051208496,0.7240633751933263,True,True,False,False,True
47,03069500,0.6394272446632385,0.43089717626571655,0.4226342439651489,0.6571754023631043,0.5120056808410071,1.9199262857437134,2.4294815063476562,0.9854838252067566,0.7981802821159363,0.2167930006980896,0.20853006839752197,-0.039624656358026776,True,True,False,False,False
47,03070500,0.5613908171653748,0.2836803197860718,0.49973398447036743,0.49762436249736497,0.5594532383351505,2.0308659076690674,2.168916702270508,0.7375645637512207,0.7986763119697571,0.061656832695007324,0.277710497379303,0.7779816273534842,True,True,True,False,True
47,03076600,0.5393710136413574,-0.16348564624786377,0.4850979447364807,0.7093834293717027,0.7095627380811589,1.8990031480789185,2.0077626705169678,1.1779890060424805,1.0770275592803955,0.05427306890487671,0.7028566598892212,0.9227821659775823,True,True,True,True,True
47,03078000,0.5266449451446533,0.029075562953948975,0.5770428776741028,0.5891409064423339,0.7393587848906638,1.9839370250701904,1.8753509521484375,0.7010542750358582,0.9635260701179504,-0.05039793252944946,0.49756938219070435,1.101288251112954,True,True,True,True,True
47,03140000,0.5927481651306152,-0.23389172554016113,0.5534474849700928,0.6302746883955378,0.5765945635974805,1.314530849456787,1.3764978647232056,0.9921630620956421,1.1570240259170532,0.03930068016052246,0.8266398906707764,0.9524573147218531,True,True,True,True,True
47,03144000,0.5888316035270691,0.02714163064956665,0.6093062162399292,0.5027011346894872,0.5782711253173234,1.607655644416809,1.5671170949935913,0.858234167098999,1.0617725849151611,-0.020474612712860107,0.5616899728775024,1.0364518038446902,True,True,True,True,True
47,03170000,0.09674578905105591,-4.41500997543335,0.13968509435653687,0.5047053092222984,0.4155967010236177,1.096410870552063,1.0700327157974243,1.115072250366211,1.295255184173584,-0.04293930530548096,4.5117557644844055,1.0095172051739791,False,True,True,True,True
47,03173000,0.6088035106658936,-0.9772868156433105,0.5911672115325928,0.7046755611399786,0.6826875083713908,1.0097236633300781,1.032233476638794,1.0205034017562866,1.0746140480041504,0.01763629913330078,1.586090326309204,0.9888806464292988,True,True,True,True,True
47,03180500,0.6807491779327393,0.22859716415405273,0.5792966485023499,0.73046172350522,0.6691067109693669,1.6322928667068481,1.8737863302230835,1.0360502004623413,0.9589413404464722,0.1014525294303894,0.4521520137786865,0.7756229623251284,True,True,False,False,True
47,03182500,0.6222772598266602,0.1855335831642151,0.4944881200790405,0.6363076291550189,0.6289418570448352,1.6525824069976807,1.9117991924285889,1.207937479019165,1.0344302654266357,0.12778913974761963,0.43674367666244507,0.7074047168257307,True,True,False,False,True
47,03186500,0.6480154395103455,0.4412045478820801,0.6142599582672119,0.6422916929588611,0.6135342354849715,2.234114408493042,2.3387885093688965,0.9259612560272217,0.872214138507843,0.033755481243133545,0.20681089162826538,0.8367809307461054,True,True,True,True,True
47,03237280,0.2535340189933777,-0.07138442993164062,0.3701305389404297,0.09331709490401419,0.3929374773871611,2.8265552520751953,2.5964367389678955,0.5264045000076294,1.1306406259536743,-0.116596519947052,0.3249184489250183,1.35884856748765,False,True,True,True,True
47,03237500,0.6317895650863647,0.30696648359298706,0.47355401515960693,0.6309627842634681,0.42671377894674656,1.7607381343841553,2.1053466796875,1.109173059463501,0.8208327293395996,0.1582355499267578,0.3248230814933777,0.5128562009840306,True,True,False,False,True
47,03238500,0.6272619962692261,0.442963182926178,0.5323202013969421,0.617821079461201,0.5304534019434298,2.227400779724121,2.4950015544891357,1.149320363998413,0.9431415796279907,0.09494179487228394,0.1842988133430481,0.48484858285244503,True,True,True,False,True
47,03241500,0.718235194683075,-1.1286284923553467,0.6337645053863525,0.8534755141821899,0.8182498226394528,1.1883935928344727,1.3548686504364014,1.0447901487350464,0.991288959980011,0.08447068929672241,1.8468636870384216,0.9542626291861436,True,True,True,True,True
47,03280700,0.4459729790687561,-0.08376336097717285,0.4539347290992737,0.3794724778116919,0.47513683006695784,2.373427629470825,2.3563120365142822,0.830937922000885,1.2879091501235962,-0.007961750030517578,0.529736340045929,1.0150296466914603,False,True,True,True,True
47,03281500,0.3750779628753662,0.06677860021591187,0.4514724016189575,0.20216691348733373,0.3691287096560597,2.2209975719451904,2.0808193683624268,0.5434298515319824,0.8391414880752563,-0.07639443874359131,0.30829936265945435,1.247793047914848,False,True,True,True,True
47,03285000,0.5803496837615967,0.3066502809524536,0.5388364791870117,0.5999275389991731,0.5671306313253661,2.200103521347046,2.306358814239502,1.1163610219955444,0.9684601426124573,0.04151320457458496,0.27369940280914307,0.8483255566197451,True,True,True,True,True
47,03291780,0.4235684275627136,0.23595893383026123,0.49915486574172974,0.3384163194542005,0.538475732490943,3.0689520835876465,2.8606715202331543,0.669193685054779,0.9594912528991699,-0.07558643817901611,0.1876094937324524,1.4028923945970933,False,True,True,True,True
47,03338780,0.5566627383232117,-1.1752984523773193,0.579925537109375,0.7583471319422472,0.6450476325925757,1.6188544034957886,1.5758098363876343,0.9745804071426392,0.8019627332687378,-0.02326279878616333,1.731961190700531,1.013431478090311,True,True,True,True,True
47,03340800,0.6673635244369507,-0.48945558071136475,0.7088090777397156,0.7829966982682894,0.7229218492186005,1.643703818321228,1.5378979444503784,1.010759949684143,0.9905491471290588,-0.04144555330276489,1.1568191051483154,1.035827168758119,True,True,True,True,True
47,03346000,0.4470708966255188,-0.3142209053039551,0.5906528830528259,0.3602893189696763,0.6306395017556081,2.4564409255981445,2.1135737895965576,1.5873908996582031,1.2348647117614746,-0.14358198642730713,0.7612918019294739,1.1886030902518618,False,True,True,True,True
47,03366500,0.6854419708251953,0.2517358660697937,0.6629879474639893,0.5856886196129174,0.6267528346625442,2.211841106414795,2.289424180984497,0.9425849914550781,0.9396361112594604,0.022454023361206055,0.4337061047554016,0.9482275598267875,True,True,True,True,True
47,03368000,0.3725391626358032,0.13577920198440552,0.42228585481643677,0.23697384925847553,0.4077209474544461,3.9998817443847656,3.838047504425049,0.6247972846031189,0.9059557914733887,-0.049746692180633545,0.2367599606513977,1.2101144637960128,False,True,True,True,True
47,03384450,0.38809406757354736,0.2973328232765198,0.570802628993988,0.22694560932676844,0.5113907328570317,3.6774096488952637,3.0798404216766357,0.563542366027832,1.1399093866348267,-0.18270856142044067,0.09076124429702759,3.01306805383258,False,True,True,True,True
47,03439000,0.24769777059555054,-0.7695735692977905,0.4841010570526123,0.4541994392553582,0.6707735841454423,2.58890438079834,2.143888235092163,1.0809533596038818,1.117116928100586,-0.23640328645706177,1.017271339893341,1.2323896065742383,False,True,True,True,True
47,03456500,0.5952005982398987,0.4473033547401428,0.6340606212615967,0.5061935149168217,0.6599240235406715,2.432624340057373,2.312915086746216,0.7226331233978271,1.0518466234207153,-0.038860023021698,0.14789724349975586,1.2627501507271983,True,True,True,True,True
47,03460000,0.3352459669113159,-1.1363813877105713,0.46561384201049805,0.5602534553682723,0.6669042596108907,1.5282442569732666,1.3702186346054077,1.2769345045089722,1.2416743040084839,-0.13036787509918213,1.4716273546218872,1.0885875589970113,False,True,True,True,True
47,03463300,0.564447820186615,0.6265966892242432,0.504067063331604,0.42582906416473576,0.4077333091171732,3.9834985733032227,4.250656604766846,0.7351561784744263,0.8929741382598877,0.060380756855010986,-0.062148869037628174,,True,False,True,False,False
47,03471500,0.23505336046218872,-1.76688814163208,0.4093114733695984,0.46377924457261077,0.6180056835842944,1.3179584741592407,1.158151626586914,1.4027000665664673,1.2807159423828125,-0.17425811290740967,2.001941502094269,1.0870445578580168,False,True,True,True,True
47,03473000,0.23500698804855347,-1.0549683570861816,0.5386075377464294,0.45088269589734553,0.6809969698011229,1.310579538345337,1.017817497253418,1.446940302848816,1.2460817098617554,-0.303600549697876,1.289975345134735,1.2353537614830659,False,True,True,True,True
47,03479000,0.5296459197998047,0.28161710500717163,0.6515369415283203,0.426614519919459,0.586175991100778,2.0165703296661377,1.7357183694839478,0.7409777641296387,1.280083417892456,-0.12189102172851562,0.24802881479263306,1.4914389557133667,True,True,True,True,True
47,03488000,0.6214929819107056,-0.3045424222946167,0.5555323958396912,0.6913562755254243,0.6545626518468962,1.2384169101715088,1.3419921398162842,1.1155812740325928,1.1034495830535889,0.0659605860710144,0.9260354042053223,0.9287709889152472,True,True,True,True,True
47,03498500,0.5339994430541992,-0.12609636783599854,0.5703495740890503,0.4004859341427931,0.6764166128972902,1.8342548608779907,1.7612625360488892,1.5761736631393433,1.2322208881378174,-0.036350131034851074,0.6600958108901978,1.0550679620066512,True,True,True,True,True
47,03500000,-0.5570446252822876,-3.3267264366149902,-0.0529705286026001,0.07812656076619906,0.36152479829490747,2.5500943660736084,2.097074270248413,1.1296072006225586,1.170520544052124,-0.5040740966796875,2.7696818113327026,1.181997114115119,False,True,True,True,True
47,03500240,0.27103328704833984,-2.081958770751953,-0.037485718727111816,0.5247637329367516,0.36738784929145374,1.7246384620666504,2.057478427886963,0.9771445393562317,1.1671741008758545,0.30851900577545166,2.352992057800293,0.8688822579095858,False,True,False,True,True
47,03504000,0.294428288936615,-0.21654975414276123,0.4685511589050293,0.5051877065724737,0.7031212936747384,2.3088510036468506,2.003807783126831,0.5563572645187378,0.8366972804069519,-0.1741228699684143,0.5109780430793762,1.3407638984232553,False,True,True,True,True
47,03574500,0.4180282950401306,-0.020750880241394043,0.4535630941390991,0.533579012076353,0.4437918380178154,3.0601625442504883,2.9652655124664307,1.2665995359420776,1.1183701753616333,-0.035534799098968506,0.43877917528152466,1.080985609848437,False,True,True,True,True
47,03592718,0.4450961947441101,-0.2400815486907959,0.3433355689048767,0.47946706978269105,0.1352278658360978,2.7388079166412354,2.9793701171875,1.1092026233673096,0.4674127995967865,0.1017606258392334,0.685177743434906,0.8514828789839392,False,True,False,True,True
47,03604000,0.6126915812492371,0.23991382122039795,0.5677962303161621,0.6760936191591478,0.5200050135090191,2.361675500869751,2.4948015213012695,0.9396077990531921,0.8011447787284851,0.04489535093307495,0.3727777600288391,0.8795653717925616,True,True,True,True,True
47,04015330,0.48123759031295776,0.256037175655365,0.5863808393478394,0.35116914843394,0.5367122316164799,1.5964610576629639,1.4255235195159912,0.6415390968322754,1.255491852760315,-0.10514324903488159,0.22520041465759277,1.4668874575330921,False,True,True,True,True
47,04027000,0.46932172775268555,-0.19730007648468018,0.5162698030471802,0.4612150663805217,0.5136729358037795,1.2265496253967285,1.171038269996643,1.4521220922470093,1.4335148334503174,-0.04694807529449463,0.6666218042373657,1.0704268522212599,False,True,True,True,True
47,04040500,-0.06560266017913818,-1.0339837074279785,0.5800753831863403,0.34436050687035413,0.6498375955647029,1.801284670829773,1.1307597160339355,1.4006781578063965,1.2911756038665771,-0.6456780433654785,0.9683810472488403,1.6667603059764982,False,True,True,True,True
47,04043050,0.35712212324142456,0.1927672028541565,0.36298930644989014,0.4159114293569508,0.3318255418853575,1.8636237382888794,1.855100154876709,0.9516048431396484,1.0352412462234497,-0.005867183208465576,0.16435492038726807,1.0356982510449992,False,True,True,True,True
47,04045500,-2.5825536251068115,-4.584842681884766,-0.6718250513076782,-0.4541721056237693,0.0841556953077589,1.9550904035568237,1.3355677127838135,1.7174146175384521,1.3031973838806152,-1.9107285737991333,2.002289056777954,1.954272095395578,False,True,True,True,True
47,04057510,-5.674643516540527,-8.405592918395996,-5.802300453186035,-1.099130111491708,-1.1400167631681324,2.193432569503784,2.214308738708496,2.1363685131073,2.1397407054901123,0.1276569366455078,2.7309494018554688,0.9532554735145313,False,True,False,True,True
47,04057800,0.1974315047264099,-0.966923713684082,0.24454933404922485,0.3623185252418496,0.3077398876818086,1.4593631029129028,1.4158765077590942,1.4864528179168701,1.5809946060180664,-0.04711782932281494,1.164355218410492,1.0404668855155195,False,True,True,True,True
47,04059500,-1.1543006896972656,-3.8510799407958984,-0.3111177682876587,-0.3140590301208135,-0.148537721734179,1.3923864364624023,1.0862442255020142,2.0768849849700928,2.025756597518921,-0.8431829214096069,2.696779251098633,1.312662937118826,False,True,True,True,True
47,04063700,-2.1087865829467773,-9.32357120513916,-2.27309513092041,-0.43089132636342553,-0.7691085150887582,1.2772337198257446,1.3105520009994507,1.9696248769760132,2.465097665786743,0.1643085479736328,7.214784622192383,0.97722613264598,False,True,False,True,True
47,04074950,-4.655007839202881,-14.499272346496582,-5.456790924072266,-0.9569440140391612,-1.037495060224571,1.0532565116882324,1.125449299812317,1.7477991580963135,1.9051320552825928,0.8017830848693848,9.844264507293701,0.9185532769588488,False,True,False,True,True
47,04105700,-6.240337371826172,-30.009449005126953,-7.369045257568359,-1.3339405802663853,-1.326308580373579,1.2756630182266235,1.3714958429336548,1.1937388181686401,1.5720736980438232,1.1287078857421875,23.76911163330078,0.9525136697090162,False,True,False,True,True
47,04115265,-3.3022217750549316,-19.70805549621582,-6.689353942871094,-0.7529864321489594,-1.3090151493257092,1.0645872354507446,1.4232454299926758,1.1770576238632202,1.8979952335357666,3.387132167816162,16.40583372116089,0.7935409912482957,False,True,False,False,True
47,04122200,-4.0672078132629395,-13.674994468688965,-5.841979503631592,-0.8667238304608313,-1.009541105630452,1.1638336181640625,1.3523759841918945,1.2045636177062988,1.5074894428253174,1.7747716903686523,9.607786655426025,0.8152777789496038,False,True,False,True,True
47,04122500,-5.740475654602051,-15.90104866027832,-6.0418171882629395,-1.173604526839914,-1.0968268890550257,1.2548236846923828,1.2825661897659302,1.03498375415802,1.368062973022461,0.30134153366088867,10.16057300567627,0.9703420728838282,False,True,False,True,True
47,04127918,-0.701125979423523,-4.470860481262207,-0.49178779125213623,0.04760088016283481,-0.015720634216993767,1.4134626388549805,1.3236392736434937,1.5797916650772095,1.7269467115402222,-0.20933818817138672,3.769734501838684,1.055531281598023,False,True,True,True,True
47,04127997,-10.347758293151855,-33.89109802246094,-20.069686889648438,-2.0019210064699022,-3.035386699758506,0.9204754829406738,1.2542561292648315,1.134342074394226,1.3959522247314453,9.721928596496582,23.543339729309082,0.587062468270219,False,True,False,False,True
47,04161580,-1.8672940731048584,-14.496502876281738,-5.132030010223389,-0.26053936346895434,-1.0602682456162587,1.1142563819885254,1.6294879913330078,1.4468786716461182,2.2056162357330322,3.2647359371185303,12.62920880317688,0.7414932330283995,False,True,False,False,True
47,04185000,-0.3596954345703125,-2.2220652103424072,-0.08652627468109131,0.3010106428840914,0.4604540060274711,1.6457468271255493,1.4711682796478271,1.4271849393844604,1.268302083015442,-0.2731691598892212,1.8623697757720947,1.1466782609140935,False,True,True,True,True
47,04196800,0.42494720220565796,-0.35650432109832764,0.3815661072731018,0.4610808213780838,0.47292987716779344,1.7440457344055176,1.808633804321289,0.7589969635009766,0.8711698651313782,0.04338109493255615,0.7814515233039856,0.9444865181794766,False,True,True,True,True
47,04197100,0.4846457242965698,-0.5599526166915894,0.5124690532684326,0.5820506473938772,0.6324759519900853,1.6717205047607422,1.6259673833847046,1.3249050378799438,1.1753517389297485,-0.027823328971862793,1.0445983409881592,1.0266354328550271,False,True,True,True,True
47,04197170,0.6846432685852051,0.12568038702011108,0.6456305384635925,0.6086025974881127,0.5959366856460049,1.678062081336975,1.7788326740264893,1.1074434518814087,1.0816015005111694,0.03901273012161255,0.558962881565094,0.9302051506311527,True,True,True,True,True
47,04213000,0.3817480802536011,0.09047919511795044,0.37185776233673096,0.388591680727821,0.36244121823342157,2.358543634414673,2.377333641052246,0.8420905470848083,0.8238690495491028,0.009890317916870117,0.29126888513565063,0.966044028656669,False,True,True,True,True
47,04213075,0.3707078695297241,-0.11654794216156006,0.33013850450515747,0.4642950623570108,0.4068567544561673,2.248654365539551,2.3200056552886963,1.0778510570526123,1.0210167169570923,0.04056936502456665,0.4872558116912842,0.9167390843759281,False,True,True,True,True
47,04216418,0.5882008671760559,-0.200239896774292,0.4604712128639221,0.6865014445284838,0.6378297777836244,1.5007394552230835,1.7177892923355103,0.9635328650474548,1.0131632089614868,0.1277296543121338,0.7884407639503479,0.8379971455659317,True,True,False,True,True
47,04221000,0.6134589910507202,-0.48443007469177246,0.5379700660705566,0.6953698270841423,0.6942101342978503,1.2453745603561401,1.3615614175796509,1.0507452487945557,1.1125353574752808,0.07548892498016357,1.0978890657424927,0.9312417553506546,True,True,True,True,True
47,04224775,0.5623746514320374,-0.5420764684677124,0.504562258720398,0.6555593294130985,0.6226332455431431,1.197434425354004,1.2740752696990967,1.233608365058899,1.2154858112335205,0.057812392711639404,1.1044511198997498,0.9476550915925668,True,True,True,True,True
47,04233000,0.6319057941436768,-0.5636276006698608,0.5144986510276794,0.7374107428392251,0.6471200089309825,0.9980193376541138,1.1461848020553589,0.9400425553321838,1.1522830724716187,0.11740714311599731,1.1955333948135376,0.9017951789340783,True,True,False,True,True
47,04256000,0.33144664764404297,-0.01614201068878174,0.5368887782096863,0.49416108126393843,0.6076795501759329,2.1080329418182373,1.7544946670532227,0.8620786070823669,1.0441054105758667,-0.2054421305656433,0.3475886583328247,1.5910495801302222,False,True,True,True,True
47,04296000,-0.21724450588226318,-0.9509897232055664,0.48623740673065186,0.3573388263748034,0.5410594885618087,2.377502918243408,1.5445905923843384,1.4049434661865234,1.2564893960952759,-0.703481912612915,0.7337452173233032,1.9587550228663997,False,True,True,True,True
47,05057200,-4.426705837249756,-14.494255065917969,-2.954908609390259,-2.749180128555711,-2.4639193020604435,1.1423910856246948,0.9752475619316101,4.43236780166626,4.260957717895508,-1.471797227859497,10.067549228668213,1.1461922057126304,False,True,True,True,True
47,05120500,-60.71397399902344,-94.17725372314453,-41.14199447631836,-8.518950167599401,-8.120327151196992,1.9217640161514282,1.588056206703186,7.282832145690918,8.046181678771973,-19.571979522705078,33.463279724121094,1.58487929707013,False,True,True,True,True
47,05291000,-2.0203607082366943,-7.76603889465332,-0.14763569831848145,-1.2901900106662008,-0.4139041039103344,1.4463120698928833,0.8915272355079651,3.05194091796875,2.3364384174346924,-1.872725009918213,5.745678186416626,1.3259362862238835,False,True,True,True,True
47,05362000,0.5925134420394897,-0.8492567539215088,0.6634705066680908,0.38805672655661105,0.5631502739803983,1.0813064575195312,0.9826609492301941,1.58600652217865,1.3861290216445923,-0.07095706462860107,1.4417701959609985,1.0492152388968654,True,True,True,True,True
47,05393500,0.5833079814910889,-0.2211693525314331,0.5671798586845398,0.594769976941006,0.5328569925336286,1.328565239906311,1.3540323972702026,1.0217279195785522,1.3608171939849854,0.016128122806549072,0.804477334022522,0.9799520482125882,True,True,True,True,True
47,05399500,0.47354865074157715,0.03792273998260498,0.5136279463768005,0.00031324926664877406,0.2130563780283692,1.6805851459503174,1.6153465509414673,1.9279881715774536,1.684393048286438,-0.04007929563522339,0.43562591075897217,1.0920039296225401,False,True,True,True,True
47,05408000,-0.9884449243545532,-4.847557067871094,-0.2955833673477173,-0.18293593897874705,0.3483465018899604,1.4976178407669067,1.2088624238967896,1.7257972955703735,1.2720807790756226,-0.6928615570068359,3.8591121435165405,1.1795391093184142,False,True,True,True,True
47,05413500,0.4406222105026245,-2.0515997409820557,0.056872010231018066,0.4822224794298744,0.5511447860880208,0.7611567378044128,0.9883410334587097,0.526565670967102,0.8445009589195251,0.38375020027160645,2.49222195148468,0.8460208569934966,False,True,False,True,True
47,05414000,0.24763917922973633,-1.6051523685455322,-0.03659248352050781,0.46744578054202235,0.5095516337175131,1.1135753393173218,1.3071051836013794,0.6132335662841797,0.8614219427108765,0.28423166275024414,1.8527915477752686,0.8465927464470927,False,True,False,True,True
47,05444000,0.057176411151885986,-5.9967360496521,-0.32849836349487305,0.5495685174401865,0.3768138059974101,1.235621452331543,1.4667319059371948,0.9793962240219116,1.2508456707000732,0.38567477464675903,6.053912460803986,0.9362933017046732,False,True,False,True,True
47,05454000,0.5850730538368225,-0.7480630874633789,0.3692907691001892,0.4784929685523116,0.6179783823516456,1.2650845050811768,1.5597258806228638,0.6322975158691406,1.1050423383712769,0.2157822847366333,1.3331361413002014,0.8381393482242693,True,True,False,True,True
47,05458000,0.09945595264434814,-2.589813470840454,-0.10544824600219727,0.5258347830765138,0.45441986080808316,1.7721158266067505,1.9634002447128296,1.2449268102645874,1.2467679977416992,0.2049041986465454,2.6892694234848022,0.9238067421370422,False,True,False,True,True
47,05466500,-0.4108787775039673,-3.5004663467407227,0.3637338876724243,0.3017853843760123,0.6428993393179302,1.7265492677688599,1.1594539880752563,1.337173581123352,0.9342880249023438,-0.7746126651763916,3.0895875692367554,1.2507171743210213,False,True,True,True,True
47,05487980,0.5837222337722778,-0.12657201290130615,0.5208690166473389,0.5892619574618092,0.5030303767950838,1.6078782081604004,1.724998116493225,1.2677849531173706,1.1767208576202393,0.06285321712493896,0.710294246673584,0.9115110147389055,True,True,True,True,True
47,05488200,0.4861549735069275,-0.0098876953125,0.4543348550796509,0.47442200244227284,0.45362152456432536,2.166316509246826,2.232384204864502,1.057269811630249,1.090340256690979,0.03182011842727661,0.4960426688194275,0.9358520538101935,False,True,True,True,True
47,05489000,0.4788737893104553,-0.12413418292999268,0.3886246085166931,0.4621021976277868,0.3748168093945473,2.026653289794922,2.195138692855835,1.0325682163238525,0.9073609113693237,0.09024918079376221,0.603007972240448,0.8503350122247214,False,True,True,True,True
47,05495000,0.494815468788147,-0.2994753122329712,0.46438705921173096,0.6284182795253219,0.4530904593018297,1.9508888721466064,2.0087831020355225,1.0635541677474976,0.7772314548492432,0.030428409576416016,0.7942907810211182,0.9616910956245796,False,True,True,True,True
47,05495500,0.7159677147865295,-0.06597280502319336,0.6309947967529297,0.6574625746186711,0.5713403075306038,1.4642192125320435,1.668931484222412,0.966251015663147,1.1525344848632812,0.08497291803359985,0.7819405198097229,0.8913307139342553,True,True,True,True,True
47,05501000,0.6332439184188843,0.299186646938324,0.6232596635818481,0.5330068254073999,0.5409463661653484,1.8218542337417603,1.84648597240448,0.8790568709373474,1.2186648845672607,0.009984254837036133,0.3340572714805603,0.9701121463610555,True,True,True,True,True
47,05503800,0.662803053855896,-0.27137577533721924,0.7020163536071777,0.535308618761108,0.543755438657767,1.8209781646728516,1.7118240594863892,1.4065691232681274,1.366813063621521,-0.03921329975128174,0.9341788291931152,1.0419762239582668,True,True,True,True,True
47,05507600,0.6703428626060486,0.5149116516113281,0.5674939751625061,0.5537474392776571,0.34690943332057256,2.4149258136749268,2.7661046981811523,1.0903959274291992,1.4650225639343262,0.10284888744354248,0.15543121099472046,0.33829964532003837,True,True,False,False,True
47,05508805,0.5089759826660156,0.47145020961761475,0.5479444265365601,0.39555290803695997,0.40723317092474454,2.2681591510772705,2.1762962341308594,0.8584572076797485,1.3899884223937988,-0.038968443870544434,0.03752577304840088,,True,False,True,False,True
47,05525500,0.15856647491455078,-2.4936904907226562,0.4802427887916565,0.5166365183130152,0.6925065739386084,1.889517903327942,1.485050916671753,1.2853320837020874,0.9313201904296875,-0.3216763138771057,2.652256965637207,1.1212839924806541,False,True,True,True,True
47,05556500,0.5395731925964355,-1.816101312637329,0.433618426322937,0.7428912378752448,0.62718632762225,1.2840639352798462,1.4241669178009033,1.1288667917251587,1.258315920829773,0.10595476627349854,2.3556745052337646,0.9550214743004216,True,True,False,True,True
47,05584500,0.17266374826431274,-1.4524953365325928,0.433801531791687,0.48204783889507397,0.5095834817111853,1.8564010858535767,1.5357309579849243,1.347941517829895,0.8842930197715759,-0.26113778352737427,1.6251590847969055,1.1606844437386314,False,True,True,True,True
47,05591550,0.714413583278656,-0.30491387844085693,0.6361751556396484,0.7570232296932888,0.5911414782508699,1.5382440090179443,1.7362116575241089,0.9704648852348328,0.8659608364105225,0.07823842763900757,1.019327461719513,0.9232450507052695,True,True,True,True,True
47,05592050,0.6857284307479858,-0.34718596935272217,0.6356238722801208,0.7176419944534236,0.600210567402087,1.5563428401947021,1.6758211851119995,1.1489723920822144,0.9548477530479431,0.05010455846786499,1.032914400100708,0.9514920515553081,True,True,True,True,True
47,05592575,0.6426988840103149,0.17587316036224365,0.486700177192688,0.5533237196607604,0.43297075364399684,2.0681748390197754,2.4788806438446045,1.2600821256637573,1.0611982345581055,0.15599870681762695,0.4668257236480713,0.6658309537903043,True,True,False,False,True
47,05593575,0.7115646600723267,0.33218157291412354,0.7094250321388245,0.6563314716769089,0.5204018950658418,1.6623456478118896,1.6685000658035278,1.0407463312149048,1.3649238348007202,0.0021396279335021973,0.3793830871582031,0.9943602442862458,True,True,True,True,True
47,05593900,0.4242740273475647,0.35726046562194824,0.5828347206115723,0.2282754766259093,0.5023291351644119,2.8599891662597656,2.434504270553589,0.5551462769508362,1.1238642930984497,-0.15856069326400757,0.06701356172561646,3.3660985803623764,False,True,True,True,True
47,05595730,0.710026741027832,0.3870353102684021,0.6505448222160339,0.5688613647535599,0.47989226872169666,2.0586180686950684,2.2599174976348877,0.9681928753852844,1.2996406555175781,0.059481918811798096,0.32299143075942993,0.8158405668164573,True,True,True,True,True
47,06221400,0.020823121070861816,0.3783387541770935,-0.012830138206481934,-0.007792620887121515,-0.08214677076006649,1.8877402544021606,1.9199060201644897,0.3312290906906128,0.29105591773986816,0.03365325927734375,-0.3575156331062317,,False,False,True,False,False
47,06224000,-0.31131720542907715,-0.02957439422607422,0.12228959798812866,-0.20507374958153868,-0.05718809540864589,2.0962681770324707,1.715017557144165,0.3484560549259186,0.25603318214416504,-0.4336068034172058,-0.28174281120300293,,False,False,True,False,True
47,06278300,0.09336864948272705,0.23410767316818237,0.44871985912323,0.10807285301237712,0.6091807790578319,2.7190539836883545,2.120257616043091,0.7948377132415771,1.087798833847046,-0.35535120964050293,-0.14073902368545532,,False,False,True,False,True
47,06289000,-0.478523850440979,-0.6127935647964478,-0.11206221580505371,0.10815499336694856,0.016761950502834133,1.0464363098144531,0.9075345396995544,0.48722341656684875,0.3245980739593506,-0.3664616346359253,0.13426971435546875,3.7292948107847037,False,True,True,True,True
47,06311000,0.5001266002655029,0.5315327644348145,0.5652226209640503,0.4926785850914923,0.6272182931527843,0.7410416007041931,0.6911081671714783,0.8026719093322754,1.2062206268310547,-0.06509602069854736,-0.03140616416931152,,True,False,True,False,True
47,06332515,-0.7288486957550049,-45.87154006958008,-3.6066207885742188,-0.4345126495255449,-3.3752489499051386,0.2745029330253601,0.4480842649936676,2.23236346244812,5.171388626098633,2.877772092819214,45.14269137382507,0.936251649929587,False,True,False,True,True
47,06339100,-0.45896172523498535,-11.774590492248535,-0.599840521812439,-0.6490344040879155,-0.6478200389268365,0.48387041687965393,0.5066936612129211,2.5179221630096436,2.487342119216919,0.1408787965774536,11.31562876701355,0.9875500690701225,False,True,False,True,True
47,06344600,0.07864660024642944,-8.657163619995117,0.04683351516723633,0.1664983257536541,-0.03966957811649907,0.4286762773990631,0.4360142648220062,1.3976109027862549,1.667667031288147,0.031813085079193115,8.735810220241547,0.9963583131641894,False,True,True,True,True
47,06352000,0.23732900619506836,-7.899840354919434,0.43274813890457153,0.24601839678604476,0.338552824249696,0.41496679186820984,0.35787609219551086,0.90109783411026,0.904335081577301,-0.19541913270950317,8.137169361114502,1.0240156157549531,False,True,True,True,True
47,06404000,-2.0599043369293213,-19.200218200683594,-3.479647159576416,-0.9846231759049113,-2.281467591898895,0.4912188947200775,0.594351053237915,2.5327587127685547,3.9155497550964355,1.4197428226470947,17.140313863754272,0.9171693800981469,False,True,False,True,True
47,06406000,-0.6046962738037109,-21.757556915283203,-0.33939456939697266,0.3151223597280217,0.27736136569846215,0.22102311253547668,0.2019275277853012,0.8728057146072388,1.4279043674468994,-0.2653017044067383,21.152860641479492,1.01254211942788,False,True,True,True,True
47,06409000,-95.30911254882812,-140.71926879882812,-51.66472625732422,-7.844733185750332,-5.237117405156387,0.72492516040802,0.5360674262046814,2.720015048980713,2.607109308242798,-43.644386291503906,45.41015625,1.9611150873655914,False,True,True,True,True
47,06431500,-3.5308847427368164,-5.9552531242370605,-3.474785804748535,-0.5157672940814022,-0.6532328017551996,0.4074734151363373,0.40494298934936523,0.5070749521255493,0.7332703471183777,-0.05609893798828125,2.424368381500244,1.0231396096469325,False,True,True,True,True
47,06440200,0.05717194080352783,-40.42642593383789,-6.8742547035217285,0.3750048744756087,-6.409500068973674,0.23234298825263977,0.6714567542076111,0.9696009159088135,8.185418128967285,6.931426644325256,40.48359787464142,0.8287843223374411,False,True,False,True,True
47,06447500,-406.647216796875,-956.3343505859375,-186.58421325683594,-18.774841302106786,-12.296840443883454,1.2756766080856323,0.865359365940094,11.414329528808594,8.24344539642334,-220.06300354003906,549.6871337890625,1.4003422856618766,False,True,True,True,True
47,06470800,-1.5032637119293213,-5.077474594116211,-1.1634249687194824,-1.0503756261350472,-0.8270369331703571,1.539656400680542,1.43133544921875,2.8577721118927,2.636381149291992,-0.33983874320983887,3.5742108821868896,1.0950807757045125,False,True,True,True,True
47,06477500,-16.690332412719727,-39.31958770751953,-4.310782432556152,-8.016128530313114,-4.700562375838011,1.622705101966858,0.8891004920005798,9.443482398986816,6.527401447296143,-12.379549980163574,22.629255294799805,1.5470595394718265,False,True,True,True,True
47,06479215,-6.608841419219971,-18.79885482788086,-2.5726993083953857,-2.9609270310680134,-1.7379553586022074,1.6974352598190308,1.1631406545639038,4.430350303649902,3.493844509124756,-4.036142110824585,12.190013408660889,1.3311023520250556,False,True,True,True,True
47,06601000,-9.036344528198242,-28.173641204833984,-4.29045295715332,-1.873113208900346,-0.9336288044494017,1.4420819282531738,1.0470045804977417,2.676891326904297,2.179863929748535,-4.745891571044922,19.137296676635742,1.2479917436217136,False,True,True,True,True
47,06614800,-0.25011134147644043,-0.25091850757598877,0.48973405361175537,0.2799739650980996,0.27714423887764295,3.674287796020508,2.347454071044922,1.1025240421295166,0.5970641374588013,-0.7398453950881958,0.0008071660995483398,,False,False,True,False,True
47,06622700,0.802691638469696,0.798994243144989,0.6036043167114258,0.7763640912022484,0.4108824401364498,1.1793478727340698,1.671605110168457,0.9399888515472412,0.611566960811615,0.19908732175827026,0.0036973953247070312,,True,False,False,False,False
47,06623800,0.7812147736549377,0.790285587310791,0.6469453573226929,0.7801524226814789,0.5581177600573523,1.2845360040664673,1.6317672729492188,1.122183918952942,0.8376467227935791,0.13426941633224487,-0.009070813655853271,,True,False,False,False,False
47,06632400,0.1277449131011963,0.07358968257904053,0.6379258632659912,0.459127544173464,0.495247418202575,2.2617201805114746,1.4571888446807861,1.3502130508422852,0.6641618013381958,-0.5101809501647949,0.05415523052215576,10.420714218104415,False,True,True,True,True
47,06746095,0.3268165588378906,0.3565016984939575,0.2121347188949585,0.08986799341305551,-0.027679643246312446,5.160222053527832,5.582486629486084,0.49070653319358826,0.36657828092575073,0.11468183994293213,-0.029685139656066895,,False,False,False,False,False
47,06803510,-0.3501359224319458,-3.843552589416504,0.018616139888763428,-0.6426450074337859,-0.30717247188859087,1.2427598237991333,1.0595413446426392,2.5537002086639404,2.143699884414673,-0.36875206232070923,3.493416666984558,1.1055562784152535,False,True,True,True,True
47,06803530,-0.10883259773254395,-4.689046382904053,0.09324270486831665,-0.2591956128751278,-0.213897867460074,1.136354923248291,1.0276057720184326,2.1732594966888428,2.137641429901123,-0.2020753026008606,4.580213785171509,1.0441191857146672,False,True,True,True,True
47,06814000,0.3386802077293396,-1.3350656032562256,0.39293360710144043,-0.21436152505660155,0.3040998865155461,1.1853693723678589,1.1357063055038452,2.1755168437957764,1.4655829668045044,-0.05425339937210083,1.6737458109855652,1.0324143600635238,False,True,True,True,True
47,06847900,-1020.0289306640625,-1772.707763671875,-464.92425537109375,-106.27387963192096,-64.56482054359498,1.41366708278656,0.9549612998962402,104.82179260253906,63.88814926147461,-555.1046752929688,752.6788330078125,1.7375053621139986,False,True,True,True,True
47,06853800,-20.568866729736328,-46.79318618774414,-5.082088947296143,-12.869827069253079,-6.771075958774585,1.7373830080032349,0.9225890040397644,14.460602760314941,8.637150764465332,-15.486777782440186,26.224319458007812,1.5905502259930397,False,True,True,True,True
47,06876700,-2.130974531173706,-28.336862564086914,-5.646021366119385,-0.5372370429424302,-1.8649133364447712,0.5029314756393433,0.7327399849891663,2.0889883041381836,3.2796545028686523,3.5150468349456787,26.205888032913208,0.8658680510833685,False,True,False,True,True
47,06878000,0.3138697147369385,-3.423007011413574,-0.9196375608444214,0.5330746017954369,-0.9450589320282787,0.6733896136283875,1.1263483762741089,1.3069806098937988,2.8110105991363525,1.2335072755813599,3.7368767261505127,0.6699095619212361,False,True,False,False,True
47,06879650,0.20139384269714355,-0.9309815168380737,0.07565551996231079,-0.04453354275936805,0.04106053695851297,1.707787036895752,1.8373178243637085,0.3696630597114563,1.6885194778442383,0.12573832273483276,1.1323753595352173,0.8889605627003029,False,True,False,True,True
47,06885500,0.25390732288360596,-1.384890079498291,0.48316043615341187,-0.1889159435380523,0.3054703744702496,1.322432041168213,1.1006642580032349,2.141167640686035,1.5094974040985107,-0.2292531132698059,1.638797402381897,1.1398910645919988,False,True,True,True,True
47,06888500,0.39250028133392334,-0.06248974800109863,0.416659414768219,0.14217811263451152,0.5140831926741407,1.406105875968933,1.3778631687164307,0.45139792561531067,1.0043562650680542,-0.024159133434295654,0.454990029335022,1.0530981601280467,False,True,True,True,True
47,06889200,0.17897754907608032,0.031550824642181396,0.2959274649620056,0.14960275478399432,0.2061277314343528,2.9290521144866943,2.712428331375122,1.0262893438339233,1.2780872583389282,-0.11694991588592529,0.14742672443389893,1.7932748715336317,False,True,True,True,True
47,06889500,0.40493160486221313,-0.1573399305343628,0.3567640781402588,0.3158117910268635,0.29376381438712196,2.0023374557495117,2.0817997455596924,1.3949427604675293,1.1340067386627197,0.048167526721954346,0.5622715353965759,0.9143340473602647,False,True,True,True,True
47,06892000,0.4263114333152771,-0.10653555393218994,0.30522453784942627,0.4570939595413206,0.45736215247590983,1.7407270669937134,1.9156441688537598,1.3044545650482178,1.0324450731277466,0.12108689546585083,0.532846987247467,0.772754846393426,False,True,False,False,True
47,06903400,0.46265989542007446,-0.5172930955886841,0.3959615230560303,0.5785585571651604,0.5403503187781888,1.8702255487442017,1.9829038381576538,1.163524866104126,1.0166122913360596,0.06669837236404419,0.9799529910087585,0.9319371715010684,False,True,True,True,True
47,06906800,0.49026256799697876,0.30152207612991333,0.45506787300109863,0.4159687749116111,0.42999352909493394,2.1228139400482178,2.1948752403259277,1.1865553855895996,0.9419660568237305,0.03519469499588013,0.18874049186706543,0.8135286464090142,False,True,True,True,True
47,06910800,0.42629653215408325,0.010289251804351807,0.4880061745643616,0.31051409345130787,0.39504715621358355,1.8172390460968018,1.7167248725891113,0.7065470814704895,0.9027217030525208,-0.06170964241027832,0.41600728034973145,1.1483378905253772,False,True,True,True,True
47,06911900,0.3901790976524353,0.18693256378173828,0.4063430428504944,0.2417226410283445,0.28513793967232415,2.2894227504730225,2.2588770389556885,0.683228611946106,0.8088921308517456,-0.016163945198059082,0.20324653387069702,1.079528761894372,False,True,True,True,True
47,06917000,0.4984840750694275,0.5415869951248169,0.48973870277404785,0.22857878511528407,0.1629949490776198,2.428316116333008,2.449397087097168,0.549589991569519,0.4503346085548401,0.008745372295379639,-0.043102920055389404,,False,False,True,False,False
47,06918460,0.6016399264335632,-1.5026805400848389,0.24744760990142822,0.7095481379821476,0.5787380022884098,1.2085987329483032,1.661164402961731,0.7804267406463623,1.240439534187317,0.354192316532135,2.104320466518402,0.8316832810555009,True,True,False,True,True
47,06919500,0.43958544731140137,-0.45296621322631836,0.39167898893356323,0.29362099233987105,0.4636280173836693,1.7045406103134155,1.775902271270752,1.6543809175491333,0.8568853735923767,0.047906458377838135,0.8925516605377197,0.9463264027216343,False,True,True,True,True
47,06921070,0.636050820350647,-0.013666272163391113,0.4242963194847107,0.55108617654457,0.4438555835221394,1.7128558158874512,2.154268980026245,0.8570811748504639,1.29511296749115,0.21175450086593628,0.6497170925140381,0.6740819915225471,True,True,False,False,True
47,06921200,0.3971450924873352,-0.046225905418395996,0.3504220247268677,0.2729815582646766,0.31306490892231176,2.6263794898986816,2.7262566089630127,0.6434163451194763,1.3802493810653687,0.04672306776046753,0.4433709979057312,0.8946185745545727,False,True,True,True,True
47,07057500,0.4628683924674988,-0.8830416202545166,0.24710386991500854,0.2699581370448204,0.5753678334283705,1.3436166048049927,1.5907522439956665,0.371460884809494,0.8133168816566467,0.21576452255249023,1.3459100127220154,0.8396887455230974,False,True,False,True,True
47,07060710,0.38605672121047974,-0.24782443046569824,0.30842190980911255,0.19346021242583578,-0.14656180083334003,3.1992101669311523,3.3954648971557617,0.5467545986175537,2.064744234085083,0.07763481140136719,0.633881151676178,0.8775246571126516,False,True,True,True,True
47,07066000,0.3914479613304138,-0.5773437023162842,0.41441935300827026,0.1940739095748092,0.7163114901076963,1.7258038520812988,1.6929179430007935,0.3409915268421173,1.0026177167892456,-0.022971391677856445,0.968791663646698,1.0237113845420471,False,True,True,True,True
47,07083000,-0.8691511154174805,-0.9523595571517944,0.7483973503112793,0.23377322508344367,0.5502120965718035,2.130661964416504,0.7817176580429077,1.2325098514556885,0.7189958691596985,-1.6175484657287598,0.08320844173431396,20.439715875146668,False,True,True,True,True
47,07142300,-612.5993041992188,-812.1014404296875,-196.286865234375,-50.74797621981204,-26.19385843247914,2.0617589950561523,1.1690807342529297,49.09740447998047,25.865413665771484,-416.31243896484375,199.50213623046875,3.0867567978515855,False,True,True,True,True
47,07145700,0.5384072065353394,0.13786929845809937,0.5859490633010864,0.35118080485818803,0.501758043241677,1.7798486948013306,1.6857006549835205,1.548311471939087,1.1969555616378784,-0.04754185676574707,0.40053790807724,1.1186950243835074,True,True,True,True,True
47,07167500,0.30186784267425537,0.502957284450531,0.4012088179588318,0.1094714091694532,0.19061946292442222,4.135063171386719,3.8295788764953613,0.5393305420875549,0.6107180714607239,-0.09934097528457642,-0.20108944177627563,,False,False,True,False,False
47,07180500,0.3242117762565613,0.0877305269241333,0.367404043674469,0.25261875606820305,0.32766533933791087,2.504772901535034,2.4234066009521484,0.7128684520721436,1.168250322341919,-0.043192267417907715,0.23648124933242798,1.182645632750321,False,True,True,True,True
47,07184000,0.41827303171157837,0.38987916707992554,0.2370505928993225,0.3333448218477958,0.029371548856551355,3.014004945755005,3.451693534851074,0.987419605255127,0.4992271363735199,0.18122243881225586,0.028393864631652832,,False,False,False,False,False
47,07195800,0.38223695755004883,-1.6698131561279297,0.24458706378936768,0.3054849401294949,0.52846604559455,1.5096042156219482,1.6693382263183594,0.4231404960155487,1.3190851211547852,0.13764989376068115,2.0520501136779785,0.9329207932870776,False,True,False,True,True
47,07196900,0.5183089375495911,-0.229073166847229,0.44636476039886475,0.5910274497769729,0.35901419700487425,2.2628417015075684,2.4259495735168457,1.0588983297348022,0.7224695682525635,0.07194417715072632,0.7473821043968201,0.9037384268000511,True,True,True,True,True
47,07197000,0.5732151865959167,-1.225130558013916,0.46808362007141113,0.5169756224594244,0.5861627939986016,1.6135613918304443,1.801369071006775,0.6480098962783813,1.0490559339523315,0.10513156652450562,1.7983457446098328,0.9415398474739267,True,True,False,True,True
47,07261000,0.6699831485748291,0.31350916624069214,0.5740042924880981,0.695252971712273,0.4032564732646948,2.2242212295532227,2.5270423889160156,1.1892404556274414,0.7352798581123352,0.09597885608673096,0.35647398233413696,0.7307549475047909,True,True,True,False,True
47,07263295,0.35395359992980957,0.42700666189193726,0.548235297203064,0.23467191625634087,0.4517419155153408,4.193446159362793,3.506673574447632,0.6901220679283142,1.0682679414749146,-0.1942816972732544,-0.07305306196212769,,False,False,True,False,True
47,07291000,0.5082240104675293,0.06612825393676758,0.3738443851470947,0.4526790329832374,0.3079891924275976,3.668328285217285,4.139288425445557,0.9613560438156128,1.0672873258590698,0.13437962532043457,0.4420957565307617,0.6960395494972723,True,True,False,False,True
47,07299670,-0.30261528491973877,-24.707677841186523,-5.824604034423828,0.07854476065247518,-4.1330111257565685,0.4190003573894501,0.959058403968811,0.5469174981117249,5.78659200668335,5.521988749504089,24.405062556266785,0.7737359313555153,False,True,False,False,True
47,07301410,-518.9619750976562,-1330.462646484375,-474.9565124511719,-24.07983582600561,-24.308360770807077,1.5395891666412354,1.4729998111724854,15.60500431060791,18.227243423461914,-44.005462646484375,811.5006713867188,1.0542272658521483,False,True,True,True,True
47,07315200,0.05454939603805542,-8.885052680969238,-0.030268073081970215,-0.25938663876144474,-1.9525429363700453,0.7992880940437317,0.8343707323074341,2.1729624271392822,3.9007036685943604,0.08481746912002563,8.939602077007294,0.9905121650394063,False,True,True,True,True
47,07315700,-0.8315514326095581,-4.4173150062561035,-0.022576570510864258,-1.279603229488497,-0.201144214066878,1.6953279972076416,1.2667533159255981,3.1782784461975098,2.0854008197784424,-0.8089748620986938,3.5857635736465454,1.2256074181923842,False,True,True,True,True
47,07335700,0.3420459032058716,0.20957475900650024,0.39540112018585205,0.2864257294837784,0.41436599706300836,4.765444278717041,4.568138599395752,0.7555275559425354,1.1789681911468506,-0.05335521697998047,0.13247114419937134,1.402768597662899,False,True,True,True,True
47,07340300,0.478266179561615,0.4270336627960205,0.6475008130073547,0.3605291182270992,0.6758441057051812,3.388082265853882,2.784893035888672,0.6297370791435242,1.089276671409607,-0.16923463344573975,0.05123251676559448,4.303266053081943,False,True,True,True,True
47,07346045,0.7109622359275818,-2.017268657684326,0.48594123125076294,0.736626602166528,0.5705163159544633,0.9455305337905884,1.2609697580337524,1.2129888534545898,1.346157193183899,0.22502100467681885,2.728230893611908,0.9175212753423104,True,True,False,True,True
47,07359610,0.4481663703918457,0.4390367269515991,0.5802843570709229,0.36515483401110904,0.529395092771239,3.6484720706939697,3.181885242462158,0.7229924201965332,0.9665151238441467,-0.13211798667907715,0.009129643440246582,,False,False,True,False,True
47,07362100,0.5199059247970581,-0.3185523748397827,0.42066192626953125,0.5764413911033606,0.3717001303293803,2.1959729194641113,2.412292003631592,1.0531708002090454,0.8238000869750977,0.09924399852752686,0.8384582996368408,0.8816351408644746,True,True,True,True,True
47,07362587,0.2284461259841919,0.37785619497299194,0.4509025812149048,0.0988511558346945,0.36121590487731847,5.934994220733643,5.006818771362305,0.6438623666763306,1.118767499923706,-0.2224564552307129,-0.14941006898880005,,False,False,True,False,True
47,07375000,0.07390838861465454,-3.5004215240478516,0.3395390510559082,0.47971382227302617,0.45971436634849205,3.3413634300231934,2.8217616081237793,1.3134574890136719,1.4065989255905151,-0.26563066244125366,3.574329912662506,1.0743162128096302,False,True,True,True,True
47,08013000,-0.5550566911697388,-4.012645244598389,0.13336896896362305,0.24629163442836022,0.5185348299359904,3.6477487087249756,2.7231335639953613,1.4218915700912476,1.0518566370010376,-0.6884256601333618,3.45758855342865,1.1991057205030071,False,True,True,True,True
47,08014500,-0.8598266839981079,-5.169702529907227,-0.045935630798339844,0.08329374443724658,0.44926292539411683,3.6446948051452637,2.7332377433776855,1.5508246421813965,1.2805135250091553,-0.8138910531997681,4.309875845909119,1.188843271198242,False,True,True,True,True
47,08023080,0.4813579320907593,-0.2973053455352783,0.3777821660041809,0.45788688305636494,0.30019088268771366,2.5495033264160156,2.7924983501434326,0.8672811985015869,0.863090455532074,0.10357576608657837,0.7786632776260376,0.8669825981747121,False,True,False,True,True
47,08050800,0.15225744247436523,-0.32103168964385986,0.07087123394012451,0.13679904172023838,-1.0767459827668193,3.0910120010375977,3.2359862327575684,1.019934892654419,2.894394636154175,0.08138620853424072,0.4732891321182251,0.8280412479154267,False,True,True,True,True
47,08066200,0.5479979515075684,-0.8033334016799927,0.4149423837661743,0.5294163718157094,0.3475645657412394,2.260789394378662,2.572108030319214,1.2664319276809692,1.4461694955825806,0.13305556774139404,1.351331353187561,0.9015374227590157,True,True,False,True,True
47,08066300,-1.3150348663330078,-8.941325187683105,0.1761520504951477,-0.46456876868274444,0.18041748536541102,2.634068727493286,1.5713461637496948,2.1189565658569336,1.7133581638336182,-1.4911869168281555,7.626290321350098,1.195532408811335,False,True,True,True,True
47,08070000,-0.06330430507659912,-3.5441346168518066,0.44674116373062134,0.01753194055118057,0.5230112645729481,2.2192142009735107,1.6007908582687378,1.872343897819519,1.3848463296890259,-0.5100454688072205,3.4808303117752075,1.146529828553205,False,True,True,True,True
47,08070200,-0.8549507856369019,-6.720724582672119,0.25250518321990967,-0.3155292035070967,0.4896090774698364,2.358232021331787,1.497009038925171,2.1213481426239014,1.3762129545211792,-1.1074559688568115,5.865773797035217,1.1887996378954404,False,True,True,True,True
47,08082700,0.418839693069458,-0.7061370611190796,-0.013014793395996094,0.12884094645149424,-4.443170638110901,1.0665746927261353,1.4081573486328125,1.5757008790969849,6.420627593994141,0.4318544864654541,1.1249767541885376,0.6161214133024845,False,True,False,False,True
47,08086212,0.4366666078567505,-10.033832550048828,-3.6712851524353027,0.5658550985955036,-7.778529209042702,0.45581451058387756,1.3125733137130737,1.3303956985473633,9.660897254943848,4.107951760292053,10.470499157905579,0.6076641907572848,False,True,False,False,True
47,08086290,0.21325665712356567,-6.728764057159424,0.08817076683044434,-0.30293199682682737,-2.686838742998703,0.7329301238059998,0.7890468835830688,2.245656728744507,4.668849468231201,0.12508589029312134,6.9420207142829895,0.9819813429775913,False,True,False,True,True
47,08101000,0.2058432698249817,-1.4738528728485107,0.2556736469268799,0.3553309144442308,0.272373392129878,1.344389796257019,1.301528811454773,1.312010645866394,1.1546765565872192,-0.04983037710189819,1.6796961426734924,1.0296663044201468,False,True,True,True,True
47,08103900,0.2806510925292969,-0.5914319753646851,0.11018013954162598,0.01639438583589914,0.25383491754345044,1.5356359481811523,1.707927942276001,1.8450157642364502,1.0110937356948853,0.1704709529876709,0.8720830678939819,0.8045244091261329,False,True,False,True,True
47,08104900,0.05516535043716431,0.09038794040679932,0.12711459398269653,-0.3640871295678638,0.039203460641547005,2.753020763397217,2.6461241245269775,0.18955862522125244,0.7940955758094788,-0.07194924354553223,-0.03522258996963501,,False,False,True,False,True
47,08109700,-0.26488327980041504,-1.0368406772613525,0.24727660417556763,-1.4551492864863755,0.12577916415046875,1.4686129093170166,1.1329214572906494,3.415886640548706,0.6689468622207642,-0.5121598839759827,0.7719573974609375,1.6634561514152715,False,True,True,True,True
47,08150800,0.2217736840248108,-15.74073600769043,-0.47982633113861084,0.4600072891236938,-0.10827226303214199,0.6047993302345276,0.833995521068573,0.7730467319488525,1.9190906286239624,0.7016000151634216,15.96250969171524,0.9560470108577248,False,True,False,True,True
47,08158700,0.6252020597457886,-1.7443621158599854,0.14950644969940186,0.4955136116125354,0.47489435441347105,0.8215610980987549,1.2375900745391846,0.6809483170509338,1.2946833372116089,0.4756956100463867,2.369564175605774,0.7992476359393068,True,True,False,False,True
47,08164300,0.2665979862213135,-1.2628164291381836,0.18835365772247314,-0.7700424315469192,-0.5635033655258377,1.864076018333435,1.9609928131103516,2.744157552719116,2.5164906978607178,0.07824432849884033,1.529414415359497,0.9488403354165793,False,True,True,True,True
47,08164600,0.2364976406097412,-0.9344868659973145,-0.06161773204803467,-0.3860273108929666,-1.0983670003682042,2.8705670833587646,3.3849055767059326,2.3465514183044434,3.0568370819091797,0.2981153726577759,1.1709845066070557,0.7454147591400936,False,True,False,False,True
47,08165300,0.11870568990707397,-4.729372978210449,-0.24231886863708496,0.03293503323280522,0.3784898107375989,0.8939939737319946,1.0614283084869385,0.4673638343811035,0.9954807758331299,0.36102455854415894,4.848078668117523,0.9255324463032398,False,True,False,True,True
47,08171300,0.6358975172042847,-0.7618507146835327,0.6531025767326355,0.2832737772991497,0.5634723348074797,1.0777177810668945,1.051946759223938,0.4027807414531708,0.6252043843269348,-0.01720505952835083,1.3977482318878174,1.012309126304609,True,True,True,True,True
47,08175000,0.05442303419113159,-1.749006986618042,-0.5403608083724976,-0.38288909323826603,-0.47624585058348634,1.2990572452545166,1.6580250263214111,2.2933566570281982,2.3288466930389404,0.5947838425636292,1.8034300208091736,0.6701930012805498,False,True,False,False,True
47,08176900,-1.4198100566864014,-4.83164644241333,-2.127969741821289,-3.6549779252297174,-3.3985785703356264,2.281961679458618,2.5944719314575195,5.574963569641113,5.269102096557617,0.7081596851348877,3.4118363857269287,0.7924403151049676,False,True,False,False,True
47,08178880,0.4424617886543274,0.36436885595321655,0.5109924077987671,0.048304728735441005,0.26555755782147394,4.188098907470703,3.922269344329834,0.3593929708003998,0.5688633322715759,-0.0685306191444397,0.07809293270111084,1.8775521263458055,False,True,True,True,True
47,08189500,-0.9389076232910156,-4.233434677124023,-0.8802019357681274,-2.1253595702170816,-1.6216444719612624,1.9523324966430664,1.9225491285324097,4.045928001403809,3.530395030975342,-0.058705687522888184,3.294527053833008,1.017819154787206,False,True,True,True,True
47,08190000,0.38390153646469116,-10.508522987365723,0.45354682207107544,0.007955345379665357,0.2848910012361382,0.6826100945472717,0.6428714394569397,0.22716253995895386,0.44307640194892883,-0.06964528560638428,10.892424523830414,1.0063939195037812,False,True,True,True,True
47,08194200,-0.032590270042419434,-2.8862640857696533,-0.8230814933776855,0.22260480497939805,-1.7271599200978267,1.0768065452575684,1.4307926893234253,1.0984536409378052,3.6307332515716553,0.7904912233352661,2.853673815727234,0.722991738236272,False,True,False,False,True
47,08195000,0.2780511975288391,-2.879497528076172,0.16182070970535278,0.0303611387142938,0.3886274191877114,1.1382722854614258,1.226482629776001,0.2935023307800293,0.582656979560852,0.11623048782348633,3.157548725605011,0.9631896455370722,False,True,False,True,True
47,08196000,0.14098995923995972,-0.9095418453216553,0.17061269283294678,-0.07514126839786539,0.3770440631857692,1.535415768623352,1.50870943069458,0.3851523995399475,0.9220774173736572,-0.02962273359298706,1.050531804561615,1.028197845571509,False,True,True,True,True
47,08198500,0.45748698711395264,-0.49537134170532227,0.5957294702529907,0.3566555480851842,0.4004235400596764,1.6734516620635986,1.4445884227752686,0.8462802171707153,1.5087487697601318,-0.13824248313903809,0.9528583288192749,1.1450818856884422,False,True,True,True,True
47,08200000,0.3439645767211914,0.4167572259902954,0.45608705282211304,-0.03645551085797849,0.2827035133790815,4.549302101135254,4.142340660095215,0.31500357389450073,0.6573274731636047,-0.11212247610092163,-0.072792649269104,,False,False,True,False,True
47,08202700,0.4025813937187195,-1.254868984222412,0.16812211275100708,0.051840685491104876,-1.9750680273511119,1.3768185377120972,1.624677300453186,1.7296282052993774,3.9460785388946533,0.2344592809677124,1.6574503779411316,0.8585422018733645,False,True,False,True,True
47,08267500,-0.08340644836425781,0.1479915976524353,-0.26375365257263184,-0.1466953118361225,-0.2953723892711153,1.1214238405227661,1.2111704349517822,0.21828944981098175,0.22665950655937195,0.18034720420837402,-0.23139804601669312,,False,False,False,False,False
47,08269000,0.052868664264678955,-0.36123478412628174,-0.22611498832702637,0.535587193109653,0.4122999433316973,0.513188898563385,0.5838990211486816,0.8935392498970032,0.9260314106941223,0.2789836525917053,0.4141034483909607,0.3262947853351053,False,True,False,False,True
47,08271000,0.32386475801467896,0.5450285077095032,0.3400934934616089,0.23238322581524395,0.35689663144016326,1.0233228206634521,1.0109672546386719,0.40975847840309143,0.6176019906997681,-0.01622873544692993,-0.22116374969482422,,False,False,True,False,False
47,08324000,-14.10712718963623,-38.56700897216797,-3.976776123046875,-3.02351291392226,-1.2230631396117952,0.6947623491287231,0.3987671434879303,3.054872751235962,2.306126117706299,-10.130351066589355,24.45988178253174,1.414161898109583,False,True,True,True,True
47,08377900,0.4678531885147095,0.0989115834236145,0.7083649635314941,0.5290503545006462,0.7171215386914693,0.6167059540748596,0.45654356479644775,1.3216638565063477,1.1745645999908447,-0.24051177501678467,0.36894160509109497,1.6518965920295168,False,True,True,True,True
47,08378500,-0.7324532270431519,-1.976907730102539,0.20058304071426392,-0.07900194607264144,0.2144941087444019,0.8298066258430481,0.5636802911758423,1.3611494302749634,1.440611481666565,-0.9330362677574158,1.2444545030593872,1.7497552264575558,False,True,True,True,True
47,08380500,0.14513510465621948,-2.180701494216919,0.20351243019104004,0.5031239474430176,0.15979402540491772,0.34894517064094543,0.3368200361728668,1.173816204071045,1.7144767045974731,-0.05837732553482056,2.3258365988731384,1.025099495623684,False,True,True,True,True
47,09035800,0.7110345363616943,0.3899381160736084,0.7678453922271729,0.6497602280892498,0.6448254566293503,0.6423164010047913,0.5757244229316711,1.3159747123718262,1.2955856323242188,-0.056810855865478516,0.32109642028808594,1.1769277147795922,True,True,True,True,True
47,09035900,0.8035685420036316,0.8329124450683594,0.8475908041000366,0.7244131179482067,0.6905845735389062,0.7157125473022461,0.630432665348053,0.8926737904548645,0.7697979211807251,-0.04402226209640503,-0.029343903064727783,,True,False,True,False,True
47,09065500,0.4849553108215332,0.5897460579872131,0.614855170249939,0.2314576917470439,0.3307234941742234,2.462392807006836,2.1293492317199707,0.5290132164955139,0.5790591835975647,-0.12989985942840576,-0.10479074716567993,,False,False,True,False,True
47,09066000,0.8532257080078125,0.8312147855758667,0.6895879507064819,0.7827129659317205,0.6125652375668276,0.8208394050598145,1.1937199831008911,1.117118239402771,0.7338821291923523,0.16363775730133057,0.0220109224319458,,True,False,False,False,False
47,09066200,0.4992181062698364,0.6044912338256836,0.3706044554710388,0.31341719403050283,0.17357449344053444,2.2888472080230713,2.565986156463623,0.628484845161438,0.5707747936248779,0.1286136507987976,-0.10527312755584717,,False,False,False,False,False
47,09066300,0.4461100101470947,0.26621973514556885,0.6006118655204773,0.07057855843517402,0.5041158834404105,1.2532837390899658,1.0642293691635132,1.8588510751724243,0.8737941384315491,-0.15450185537338257,0.17989027500152588,1.8588671920817956,False,True,True,True,True
47,09081600,-0.20144641399383545,-0.16375720500946045,0.2727808356285095,0.43536063657235424,0.14120533265725144,2.498448371887207,1.9437966346740723,0.8130654096603394,0.28520429134368896,-0.47422724962234497,-0.037689208984375,,False,False,True,False,True
47,09107000,-1.4805419445037842,-1.7743453979492188,0.7417296767234802,0.039055303047314416,0.7364153895497374,1.4536973237991333,0.46907034516334534,1.2645841836929321,0.8858686089515686,-2.2222716212272644,0.29380345344543457,8.56380360804706,False,True,True,True,True
47,09210500,-2.7735788822174072,-4.850050926208496,0.4137278199195862,-0.6031683049295544,0.6305136087575468,0.8523215055465698,0.3359513282775879,1.6594791412353516,0.7395315766334534,-3.1873067021369934,2.076472043991089,2.5349624914818607,False,True,True,True,True
47,09223000,0.019081056118011475,-0.577951192855835,0.4254576563835144,0.29402694537046037,0.2149661993761094,0.914984941482544,0.7002584934234619,1.3544342517852783,0.41385066509246826,-0.40637660026550293,0.5970322489738464,1.680661054681662,False,True,True,True,True
47,09306242,-1113.2606201171875,-3959.891357421875,-726.8040771484375,-33.28252931951542,-30.610733797243654,0.7774564623832703,0.6283330917358398,16.764127731323242,25.515300750732422,-386.45654296875,2846.6307373046875,1.1357592812809516,False,True,True,True,True
47,09312600,-1.2581138610839844,-3.194016933441162,0.3361702561378479,0.0003329349017857641,0.3539445748566762,0.868448793888092,0.4708685278892517,1.4723299741744995,1.53865385055542,-1.5942841172218323,1.9359030723571777,1.8235350932526873,False,True,True,True,True
47,09352900,-0.03396332263946533,-0.015101790428161621,0.3500217795372009,0.3884166903284201,0.1551357262247477,2.5118184089660645,1.9915218353271484,0.8116236925125122,0.41004717350006104,-0.38398510217666626,-0.01886153221130371,,False,False,True,False,True
47,09378170,-3.573122024536133,-5.8173346519470215,-0.06485676765441895,-3.180291316352461,-0.02164986525941437,1.3927172422409058,0.6720508933067322,4.940877437591553,1.893040657043457,-3.508265256881714,2.2442126274108887,2.5632499407728324,False,True,True,True,True
47,09386900,-3.09519624710083,-28.730148315429688,-1.5952084064483643,-7.048485041738482,-5.567609328326319,0.3458819091320038,0.2753446102142334,8.998125076293945,7.524285316467285,-1.4999878406524658,25.634952068328857,1.0585133858122424,False,True,True,True,True
47,09430600,0.05900228023529053,0.0673336386680603,0.07050144672393799,-0.14755413967837594,-0.10673145893246216,2.2499704360961914,2.236180543899536,0.7211742997169495,0.7927513718605042,-0.011499166488647461,-0.008331358432769775,,False,False,True,False,True
47,09447800,-2.1678755283355713,-141.81251525878906,-14.55984878540039,-0.4243784377197748,-9.278581171645333,0.14915837347507477,0.33057212829589844,1.964853048324585,10.881006240844727,12.39197325706482,139.6446397304535,0.9112606593351223,False,True,False,True,True
47,09484600,-5.2030029296875,-378.73858642578125,-13.03534984588623,-2.2371323103406437,-9.068038457380986,0.1821233183145523,0.27395308017730713,3.6252119541168213,10.66669750213623,7.8323469161987305,373.53558349609375,0.9790318586441159,False,True,False,True,True
47,09492400,-1.5263774394989014,-2.826422929763794,0.37199652194976807,-0.3669327804142728,0.5077938625823529,1.2777668237686157,0.6370646357536316,1.6774855852127075,0.71949702501297,-1.8983739614486694,1.3000454902648926,2.4602365653080827,False,True,True,True,True
47,09494000,-1.1899311542510986,-8.54214096069336,0.11613607406616211,-0.05442612169192396,0.21560511882522693,0.492970734834671,0.3131833076477051,1.4280774593353271,0.6350511908531189,-1.3060672283172607,7.352209806442261,1.1776428125286684,False,True,True,True,True
47,09497980,0.5162786245346069,-2.1031994819641113,0.5642299056053162,-0.7231239179373958,0.27299913875094306,0.549570620059967,0.5216203927993774,2.711028575897217,1.6153857707977295,-0.04795128107070923,2.6194781064987183,1.018305662090378,True,True,True,True,True
47,09505350,0.2824798822402954,-0.4827936887741089,0.30771881341934204,0.045409439282803055,0.2866423605766162,0.8639399409294128,0.8486092686653137,1.8637295961380005,1.5903416872024536,-0.02523893117904663,0.7652735710144043,1.032980272852741,False,True,True,True,True
47,09505800,-0.062323570251464844,-1.286912441253662,-0.21411561965942383,-0.23000161971604127,-0.41292427927525965,0.8552401065826416,0.9143019914627075,2.131953716278076,2.311244487762451,0.15179204940795898,1.2245888710021973,0.876046522222815,False,True,False,True,True
47,09508300,0.2951071262359619,0.4641077518463135,0.2992144823074341,0.014802383850009537,0.08480626302479988,2.5080082416534424,2.500690460205078,0.4396631121635437,0.5660317540168762,-0.004107356071472168,-0.16900062561035156,,False,False,True,False,False
47,09510200,0.7596208453178406,0.07438153028488159,0.748954713344574,0.4883738883593729,0.5603789737687743,0.5254506468772888,0.5369817614555359,1.4704484939575195,1.4220670461654663,0.010666131973266602,0.685239315032959,0.9844344424797729,True,True,True,True,True
47,09512280,-0.8438898324966431,-3.658597946166992,-0.8053115606307983,-1.737432691325953,-1.5675875901795502,1.4856252670288086,1.4700019359588623,3.5987844467163086,3.430751085281372,-0.03857827186584473,2.814708113670349,1.0137059582407424,False,True,True,True,True
47,10234500,-4.105621814727783,-5.515024662017822,-0.22795188426971436,-0.9646739614863153,0.40771966674558613,1.4775824546813965,0.7246329188346863,1.9602404832839966,0.9209489822387695,-3.877669930458069,1.409402847290039,3.751285722115537,False,True,True,True,True
47,10244950,-2.154369592666626,-4.86104154586792,-1.203324794769287,-0.16351546750213508,0.07150391172830173,0.8771437406539917,0.7330840229988098,1.3234676122665405,1.4517704248428345,-0.9510447978973389,2.706671953201294,1.3513705444697495,False,True,True,True,True
47,10336645,0.5177938938140869,0.514624297618866,0.4451201558113098,0.3457658866096961,0.4577803867058078,2.628549814224243,2.8196768760681152,1.5906612873077393,1.1565827131271362,0.0726737380027771,0.0031695961952209473,,True,False,True,False,False
47,10336660,0.6245713829994202,0.6236840486526489,0.3553445339202881,0.522333456768911,0.35103858748639205,3.002682685852051,3.9346816539764404,1.342743158340454,0.834014892578125,0.2692268490791321,0.0008873343467712402,,True,False,False,False,False
47,10343500,-1.4428730010986328,-1.463374376296997,0.09487521648406982,-1.1876417548054246,0.3553457125355204,2.1363887786865234,1.3004212379455566,3.085432291030884,1.3999286890029907,-1.5377482175827026,0.020501375198364258,,False,False,True,False,True
47,11124500,-3.441354751586914,-4.4472575187683105,0.4376515746116638,-2.861818426845077,-0.1716955589274456,2.7740933895111084,0.9871112108230591,4.453804016113281,2.1237432956695557,-3.879006326198578,1.0059027671813965,4.856243816753581,False,True,True,True,True
47,11141280,-2.6729979515075684,-5.530959606170654,-0.20047485828399658,-1.2019697105215377,-0.020099237404603176,1.6655985116958618,0.9522182941436768,2.620302438735962,1.8653117418289185,-2.4725230932235718,2.857961654663086,1.8651351529469866,False,True,True,True,True
47,11143000,0.6400216817855835,0.6598660945892334,0.6215065717697144,0.5544505823088097,0.6673436967358888,2.0901877880096436,2.1432671546936035,1.4187021255493164,1.0749602317810059,0.01851511001586914,-0.019844412803649902,,True,False,True,False,False
47,11148900,0.5684723854064941,0.46275806427001953,0.32111626863479614,0.18750156438305676,0.2748453652348356,2.041613817214966,2.560748815536499,1.7885358333587646,1.409897804260254,0.247356116771698,0.10571432113647461,-1.3398543746250546,True,True,False,False,False
47,11176400,0.39289700984954834,-1.0489718914031982,0.32958316802978516,0.38841774590160505,0.31268418198273573,0.5349122285842896,0.5621132254600525,1.0756943225860596,1.0111197233200073,0.06331384181976318,1.4418689012527466,0.9560890440422469,False,True,True,True,True
47,11237500,0.5997437834739685,0.5928943753242493,0.6385103464126587,0.44510150618516,0.6353977272580451,2.474205732345581,2.3513360023498535,1.4391396045684814,1.0842061042785645,-0.038766562938690186,0.006849408149719238,,True,False,True,False,True
47,11264500,0.7837513089179993,0.7746339440345764,0.8597188591957092,0.7142346411947285,0.9003781746267614,1.460098147392273,1.17599356174469,1.2542208433151245,1.0681647062301636,-0.07596755027770996,0.009117364883422852,,True,False,True,False,True
47,11266500,0.372514545917511,0.35781264305114746,0.7973390817642212,0.30844524411756336,0.7277377291818417,2.436724901199341,1.3848083019256592,1.3764394521713257,0.9049510955810547,-0.4248245358467102,0.014701902866363525,,False,False,True,False,True
47,11284400,-0.20011544227600098,-0.9749457836151123,0.4865110516548157,-1.7333754390317067,0.2965861942945196,1.9492250680923462,1.2750171422958374,3.6756937503814697,1.512965440750122,-0.6866264939308167,0.7748303413391113,1.8861636635758803,False,True,True,True,True
47,11381500,0.3359411954879761,0.28185784816741943,0.539098858833313,0.4131283072507289,0.5296782609518722,1.963519811630249,1.6358214616775513,1.1482596397399902,0.6102737784385681,-0.20315766334533691,0.05408334732055664,4.7563810934483035,False,True,True,True,True
47,11451100,0.4921433925628662,0.45657461881637573,0.38282883167266846,0.2021720153790817,0.41925368064534274,3.0178356170654297,3.3268089294433594,1.7634522914886475,1.3053672313690186,0.10931456089019775,0.03556877374649048,,False,False,False,False,False
47,11468500,0.8445713520050049,0.7366912364959717,0.747833251953125,0.751788794245162,0.5405466753973541,1.6638911962509155,2.1193528175354004,1.2182121276855469,1.4274541139602661,0.09673810005187988,0.1078801155090332,0.10328145649992707,True,True,True,False,True
47,11473900,0.5169521570205688,0.5233020782470703,0.6154689192771912,0.2895138901580895,0.6162979310323151,2.597094774246216,2.3171730041503906,1.6799205541610718,0.8220067620277405,-0.09851676225662231,-0.006349921226501465,,True,False,True,False,True
47,11476600,0.7089037895202637,0.6790732145309448,0.7183198928833008,0.6643532547363494,0.755928192521464,3.9010705947875977,3.8374578952789307,0.8219969868659973,0.958306074142456,-0.00941610336303711,0.029830574989318848,,True,False,True,False,True
47,11478500,0.6795172691345215,0.6595081686973572,0.6130388975143433,0.5591944656451373,0.5190620368284631,3.8420121669769287,4.221726417541504,0.8262816667556763,0.8223191499710083,0.06647837162017822,0.020009100437164307,,True,False,True,False,False
47,11480390,0.5926028490066528,0.569779634475708,0.5373892784118652,0.6443383881816024,0.5921030223244652,3.2866499423980713,3.502291679382324,1.2139241695404053,1.1862369775772095,0.0552135705947876,0.022823214530944824,,True,False,True,False,False
47,11481200,0.665501594543457,0.6515710949897766,0.7290329337120056,0.5891702308081859,0.6851175860662226,3.196716785430908,2.877169132232666,0.8308972716331482,1.124964714050293,-0.06353133916854858,0.01393049955368042,,True,False,True,False,True
47,11482500,0.7394667267799377,0.6821041107177734,0.7310921549797058,0.7293793917922655,0.6523851327152743,2.6791281700134277,2.721846580505371,0.9453614950180054,0.8860607147216797,0.008374571800231934,0.05736261606216431,0.8540064527190262,True,True,True,True,True
47,11523200,0.4874098300933838,0.48774462938308716,0.02705293893814087,0.556973729356311,0.08306105199963032,2.621260643005371,3.6113507747650146,0.8497979640960693,0.4401733875274658,0.4603568911552429,-0.00033479928970336914,,False,False,False,False,False
47,11528700,0.6400880813598633,0.4221641421318054,0.6411916017532349,0.5537782873607959,0.5166091054250291,1.5573142766952515,1.5549250841140747,1.3991409540176392,1.4504570960998535,-0.001103520393371582,0.21792393922805786,1.0050637869216228,True,True,True,True,True
47,11532500,0.8109256029129028,0.8056761622428894,0.792445957660675,0.7179996683846289,0.6727132462769025,3.698806047439575,3.8753488063812256,0.8527243137359619,0.810427725315094,0.018479645252227783,0.005249440670013428,,True,False,True,False,False
47,12010000,0.8175104856491089,0.7732521295547485,0.7859042286872864,0.6919185587496192,0.6505574269580522,4.460137367248535,4.830958366394043,0.9974428415298462,1.0067471265792847,0.03160625696182251,0.04425835609436035,,True,False,True,False,True
47,12013500,0.8486065864562988,0.7737116813659668,0.8646177649497986,0.7009954551508359,0.7709200749497451,2.7951323986053467,2.643198251724243,1.2875304222106934,1.2079159021377563,-0.016011178493499756,0.07489490509033203,1.2137819451695466,True,True,True,True,True
47,12020000,0.4852249026298523,0.4458370804786682,0.4405730366706848,0.4067190786111382,0.3681415790282866,8.302041053771973,8.654616355895996,1.3076097965240479,1.2736307382583618,0.04465186595916748,0.03938782215118408,,False,False,True,False,False
47,12025700,0.7445909976959229,0.7144941091537476,0.6705756783485413,0.5766582932701567,0.504041772059068,3.4682819843292236,3.9388926029205322,0.7957154512405396,0.7893205881118774,0.07401531934738159,0.030096888542175293,,True,False,True,False,False
47,12040500,0.7013061046600342,0.7427060604095459,0.724431037902832,0.47890471054490735,0.4987865717594482,7.019805908203125,6.7425947189331055,0.6632647514343262,0.6252158880233765,-0.02312493324279785,-0.04139995574951172,,True,False,True,False,False
47,12041200,0.5486797094345093,0.6793011426925659,0.5532965660095215,0.3960856099211809,0.40014523033792293,7.209481239318848,7.172510623931885,0.5460292100906372,0.5221284627914429,-0.004616856575012207,-0.13062143325805664,,True,False,True,False,False
47,12048000,-0.48734402656555176,-0.8501448631286621,0.2836848497390747,0.17408170374925658,0.5414609597141822,2.4081151485443115,1.6711814403533936,1.0764192342758179,1.2213106155395508,-0.7710288763046265,0.36280083656311035,3.125212509454905,False,True,True,True,True
47,12054000,0.6386164426803589,0.6480163931846619,0.5749503374099731,0.5668969532525137,0.4040046664328768,4.230113983154297,4.587623596191406,0.6674638390541077,0.5593901872634888,0.06366610527038574,-0.009399950504302979,,True,False,True,False,False
47,12056500,0.5182499885559082,0.6085569262504578,0.5007250308990479,0.3290320729298657,0.30081140166553766,7.764819622039795,7.904791355133057,0.541857898235321,0.49997663497924805,0.01752495765686035,-0.09030693769454956,,True,False,True,False,False
47,12073500,-2.4722495079040527,-2.6599390506744385,-1.649728775024414,-0.8837729873895892,-0.7085735618478293,3.740482807159424,3.267554998397827,2.358921527862549,2.3904337882995605,-0.8225207328796387,0.18768954277038574,5.382347150186668,False,True,True,True,True
47,12082500,0.6930335164070129,0.6896977424621582,0.6905878782272339,0.7784455245142481,0.7068953505023352,2.669614791870117,2.6802284717559814,0.9144829511642456,0.8902896642684937,0.0024456381797790527,0.0033357739448547363,,True,False,True,False,True
47,12114500,0.5180754661560059,0.4177970886230469,0.556580126285553,0.7638224482254972,0.7061793221951818,4.345781326293945,4.1685590744018555,0.9629091620445251,0.9092022776603699,-0.03850466012954712,0.10027837753295898,1.3839776936647346,True,True,True,True,True
47,12115000,0.6177133321762085,0.5161571502685547,0.65329509973526,0.8091265958200441,0.6510681763668495,3.969102144241333,3.779877185821533,1.014092206954956,0.9170874357223511,-0.035581767559051514,0.10155618190765381,1.3503653533509798,True,True,True,True,True
47,12117000,0.6099525690078735,0.357536256313324,0.724557638168335,0.7163969553530212,0.8467107395290905,2.6900525093078613,2.2605669498443604,1.0801148414611816,1.0038764476776123,-0.11460506916046143,0.25241631269454956,1.454031944041373,True,True,True,True,True
47,12143600,0.6627404689788818,0.6607707142829895,0.60848069190979,0.6985668146389392,0.5221344183474668,4.500436305999756,4.848966121673584,0.9225754737854004,0.8768289685249329,0.0542597770690918,0.001969754695892334,,True,False,True,False,False
47,12144000,0.6195782423019409,0.5945830345153809,0.6466506123542786,0.7682819611456542,0.5785021696391621,3.8996503353118896,3.7583322525024414,0.8860732316970825,0.8295351266860962,-0.027072370052337646,0.02499520778656006,,True,False,True,False,True
47,12145500,0.8368738889694214,0.7494281530380249,0.8413023352622986,0.6862553138665433,0.7627378595220733,2.228947639465332,2.1984846591949463,1.265738844871521,1.164879322052002,-0.004428446292877197,0.08744573593139648,1.0506422210952793,True,True,True,True,True
47,12147500,0.7599879503250122,0.747228741645813,0.7148367166519165,0.7979815877631941,0.6290624534639184,4.290659427642822,4.6768598556518555,0.8668590784072876,0.8033952713012695,0.0451512336730957,0.012759208679199219,,True,False,True,False,False
47,12167000,0.7401995658874512,0.7343277335166931,0.6235380172729492,0.6912826167888113,0.4636589055437921,4.076480865478516,4.9071125984191895,0.8867431282997131,0.7376296520233154,0.11666154861450195,0.005871832370758057,,True,False,False,False,False
47,12175500,-0.14922845363616943,-0.11714816093444824,-0.06892704963684082,0.3524197380002163,0.306741767528527,5.53822135925293,5.341228485107422,0.7971031665802002,0.6723209023475647,-0.08030140399932861,-0.03208029270172119,,False,False,True,False,True
47,12178100,0.6356579065322876,0.7175376415252686,0.5172998309135437,0.6079409085612093,0.5704486937168056,3.756605625152588,4.323939800262451,0.7320039868354797,0.7531557083129883,0.1183580756187439,-0.08187973499298096,,True,False,False,False,False
47,12186000,0.488827109336853,0.5382949113845825,0.4161021113395691,0.4461018531504407,0.35609207699804934,5.66240930557251,6.051817893981934,0.7427657842636108,0.6908861398696899,0.07272499799728394,-0.04946780204772949,,False,False,True,False,False
47,12189500,0.6277437806129456,0.7212896347045898,0.5146222710609436,0.6220132008069518,0.4989761096884452,3.089478015899658,3.5278007984161377,0.6881523728370667,0.6709901690483093,0.11312150955200195,-0.09354585409164429,,True,False,False,False,False
47,12375900,0.602831244468689,0.6045482158660889,0.4178304672241211,0.6459398650193977,0.23905601091608863,2.022557497024536,2.448714017868042,0.7211082577705383,0.4624427556991577,0.18500077724456787,-0.0017169713973999023,,True,False,False,False,False
47,12377150,0.3346864581108093,0.3436134457588196,0.11514335870742798,0.48727383127220514,0.020417928497051263,3.978531837463379,4.588239669799805,1.00660240650177,0.41531243920326233,0.21954309940338135,-0.008926987648010254,,False,False,False,False,False
47,12381400,-0.4352320432662964,-0.6550513505935669,0.7076472043991089,-0.3612368470909355,0.6291961226711303,1.733038067817688,0.7821691632270813,2.264836311340332,1.3512612581253052,-1.1428792476654053,0.2198193073272705,6.199175912077042,False,True,True,True,True
47,12390700,0.6997581720352173,-0.2809619903564453,0.4806670546531677,0.6995856277942958,0.5342543154230077,0.7199228405952454,0.9468327164649963,0.9333604574203491,1.2080693244934082,0.21909111738204956,0.9807201623916626,0.7766018016314089,True,True,False,False,True
47,12447390,0.05920630693435669,0.041391074657440186,0.4345996379852295,0.4417345146190721,0.46640480119737304,2.3060100078582764,1.7876890897750854,1.2799208164215088,0.9886029958724976,-0.3753933310508728,0.017815232276916504,,False,False,True,False,True
47,12451000,0.7107144594192505,0.7295416593551636,0.5350009202957153,0.6418652286222555,0.3799093374000838,2.422879934310913,3.0718114376068115,0.713117778301239,0.6208988428115845,0.17571353912353516,-0.018827199935913086,,True,False,False,False,False
47,12488500,0.3724561333656311,0.33505451679229736,0.214735746383667,0.5863395200893888,0.5022719611380821,2.329103708267212,2.6054015159606934,1.0606647729873657,1.1973530054092407,0.1577203869819641,0.03740161657333374,,False,False,False,False,False
47,13011500,0.0789099931716919,0.07691580057144165,0.6614648103713989,0.44931427957086956,0.4371922749115167,2.383432149887085,1.4449528455734253,1.3486071825027466,0.5576971173286438,-0.582554817199707,0.001994192600250244,,False,False,True,False,True
47,13011900,0.8160080313682556,0.7851949334144592,0.675753116607666,0.8241291039883833,0.4177995732479358,0.8551621437072754,1.1352380514144897,1.0152690410614014,0.49798712134361267,0.1402549147605896,0.030813097953796387,,True,False,False,False,False
47,13018300,-0.5004240274429321,-1.2103304862976074,-0.12143421173095703,0.37506287180496134,-0.00449822636986319,1.304976463317871,1.1281907558441162,0.9551988244056702,0.2974297106266022,-0.3789898157119751,0.7099064588546753,1.5338588077130848,False,True,True,True,True
47,13023000,-1.736922264099121,-2.118016242980957,0.11837691068649292,-0.20208418530330752,0.34047344039762906,2.0131096839904785,1.1425564289093018,1.1936293840408325,0.5608186721801758,-1.855299174785614,0.38109397888183594,5.868350794282368,False,True,True,True,True
47,13161500,-0.15413784980773926,-5.444234848022461,0.5012866854667664,0.027293560872521883,0.5351375999478281,0.42166686058044434,0.2771826982498169,1.694698452949524,1.4015477895736694,-0.6554245352745056,5.290096998214722,1.1238965061502078,False,True,True,True,True
47,13235000,0.4468023180961609,0.33066457509994507,0.8135086894035339,0.41732379873096004,0.767469539055943,1.2973624467849731,0.7532696723937988,1.0197190046310425,0.816409170627594,-0.36670637130737305,0.11613774299621582,4.157512466204218,False,True,True,True,True
47,13240000,0.6298012137413025,0.6362904906272888,0.5584415197372437,0.5520267483229495,0.4294983447096773,2.697624444961548,2.9461724758148193,0.8252047896385193,0.816744327545166,0.07135969400405884,-0.006489276885986328,,True,False,True,False,False
47,13313000,-1.0368270874023438,-1.1853013038635254,0.6021021604537964,-0.40143169012833213,0.5978389347337532,3.253995656967163,1.4382210969924927,1.9694163799285889,1.318637490272522,-1.6389292478561401,0.14847421646118164,12.03847716404441,False,True,True,True,True
47,13331500,-0.24874424934387207,-0.29972100257873535,0.33279210329055786,0.38785749782903356,0.19653619798599964,2.5782883167266846,1.8846266269683838,1.1721031665802002,0.4934362471103668,-0.5815363526344299,0.05097675323486328,12.407873505696593,False,True,True,True,True
47,14020000,-0.33142340183258057,-0.39348042011260986,0.45210909843444824,0.32488157234326953,0.6725853942201534,2.2259209156036377,1.4279029369354248,1.400454044342041,0.9752217531204224,-0.7835325002670288,0.0620570182800293,13.626009466509917,False,True,True,True,True
47,14096850,-34.529239654541016,-34.68836975097656,-4.066570281982422,-4.6220298070208035,-0.8043461508951513,2.8724427223205566,1.0847145318984985,4.774409770965576,1.954288125038147,-30.462669372558594,0.15913009643554688,192.4324823205082,False,True,True,True,True
47,14137000,0.5984851121902466,0.3029727339744568,0.6227944493293762,0.7195840235881643,0.6983568074386495,2.5930213928222656,2.5132999420166016,1.0840712785720825,0.9861683249473572,-0.02430933713912964,0.2955123782157898,1.0822616544386456,True,True,True,True,True
47,14138800,0.7514830231666565,0.710161566734314,0.736517071723938,0.7407403401815841,0.7005062784635014,4.52090311050415,4.6550397872924805,1.0060460567474365,0.8799188733100891,0.014965951442718506,0.04132145643234253,,True,False,True,False,True
47,14138900,0.800082802772522,0.8100784420967102,0.779970109462738,0.77303245021895,0.712457354498746,4.532826900482178,4.75537633895874,0.862618088722229,0.8054052591323853,0.020112693309783936,-0.009995639324188232,,True,False,True,False,False
47,14139800,0.8376970887184143,0.7961277365684509,0.8420222401618958,0.8309624427026359,0.8069540002829076,3.3926451206207275,3.347135305404663,0.9475977420806885,0.8886114954948425,-0.004325151443481445,0.04156935214996338,,True,False,True,False,True
47,14141500,0.7845821976661682,0.6677632331848145,0.8035791516304016,0.8769106255363941,0.8942573779039322,2.991377592086792,2.8564343452453613,1.0535074472427368,1.0176823139190674,-0.0189969539642334,0.11681896448135376,1.1626187498628755,True,True,True,True,True
47,14154500,0.6812624335289001,0.5023348927497864,0.7488582134246826,0.5139346422300513,0.6751650002294465,1.9702805280685425,1.748923897743225,1.4680595397949219,1.2989027500152588,-0.06759577989578247,0.17892754077911377,1.3777829818788463,True,True,True,True,True
47,14158790,0.6953040957450867,0.6082836389541626,0.6820840835571289,0.7428745866200456,0.7265232989494304,3.495208740234375,3.570227861404419,0.9117788076400757,0.8961875438690186,0.013220012187957764,0.08702045679092407,0.8480815583429968,True,True,True,True,True
47,14166500,0.35186487436294556,0.07404285669326782,0.3778536915779114,0.15708204618888288,0.20717836471175588,2.8717775344848633,2.813612461090088,1.7472721338272095,1.7650316953659058,-0.02598881721496582,0.27782201766967773,1.0935448436842963,False,True,True,True,True
47,14182500,0.7568559646606445,0.7485517263412476,0.7239251136779785,0.6921204897299229,0.6405981169661243,3.6548473834991455,3.8944926261901855,0.843599259853363,0.8036634922027588,0.032930850982666016,0.008304238319396973,,True,False,True,False,False
47,14185000,0.8312273025512695,0.7437863945960999,0.8499628305435181,0.8955392627139721,0.9038858230831366,2.1382384300231934,2.0160648822784424,1.0548056364059448,0.9870340824127197,-0.018735527992248535,0.08744090795516968,1.2142650211483863,True,True,True,True,True
47,14185900,0.8015787601470947,0.7814800143241882,0.7720752358436584,0.7152728426445005,0.6572347481290484,3.54276704788208,3.797032117843628,0.8378435969352722,0.8145983815193176,0.02950352430343628,0.020098745822906494,,True,False,True,False,False
47,14187000,0.7395880222320557,0.6484842896461487,0.7575725317001343,0.7188460119687714,0.6617440684377305,2.3104140758514404,2.2292063236236572,1.2538328170776367,1.3219314813613892,-0.017984509468078613,0.09110373258590698,1.1974069443435809,True,True,True,True,True
47,14216500,0.5030399560928345,0.40913403034210205,0.573222279548645,0.6894812699957535,0.6824072899883529,3.8287200927734375,3.5480828285217285,0.9409103989601135,0.940243661403656,-0.07018232345581055,0.09390592575073242,1.7473684210526317,True,True,True,True,True
47,14222500,0.7795587182044983,0.7048873901367188,0.8398342132568359,0.7043540170229775,0.7970163990797106,2.8294341564178467,2.4117817878723145,1.2044869661331177,1.1717000007629395,-0.060275495052337646,0.07467132806777954,1.8072107007073086,True,True,True,True,True
47,14236200,0.8129162788391113,0.765587568283081,0.8039013147354126,0.6978068825532764,0.6576483665845441,2.926776170730591,2.99646258354187,0.8623482584953308,0.811944305896759,0.00901496410369873,0.04732871055603027,,True,False,True,False,True
47,14301000,0.7148986458778381,0.68602454662323,0.7570297718048096,0.511350798257688,0.7781602138433787,2.703087091445923,2.4953813552856445,1.4615089893341064,1.1909700632095337,-0.042131125926971436,0.028874099254608154,,True,False,True,False,True
47,14303200,0.8244215250015259,0.788944661617279,0.8177710175514221,0.8713171492836744,0.9004635431079653,2.6926727294921875,2.743194818496704,1.0776525735855103,1.0241820812225342,0.00665050745010376,0.035476863384246826,,True,False,True,False,True
47,14305500,0.8794370889663696,0.8596622943878174,0.8667133450508118,0.868532226349011,0.8423346917331137,3.100454092025757,3.259955883026123,0.922614336013794,0.9329876899719238,0.012723743915557861,0.019774794578552246,,True,False,True,False,True
47,14306340,0.6321707963943481,0.5849536657333374,0.6930266618728638,0.5072124237228506,0.5744407808328831,3.7964746952056885,3.468228578567505,1.459646224975586,1.4070593118667603,-0.060855865478515625,0.04721713066101074,,True,False,True,False,True
47,14306500,0.4802761673927307,0.4309368133544922,0.61435866355896,0.3768433676205326,0.5686071232782002,3.6911425590515137,3.1795547008514404,1.4833773374557495,1.318482518196106,-0.13408249616622925,0.049339354038238525,,False,False,True,False,True
47,14308990,-0.40125536918640137,-1.2445669174194336,-0.13322007656097412,-0.17048331572907816,-0.16568746070911278,2.0359387397766113,1.8308939933776855,2.0439891815185547,2.0882487297058105,-0.26803529262542725,0.8433115482330322,1.31783662062619,False,True,True,True,True
47,14309500,0.7042775750160217,0.6521282196044922,0.7580761909484863,0.5786166083389774,0.6554485081584303,2.459240198135376,2.2243242263793945,1.400956630706787,1.30154287815094,-0.0537986159324646,0.05214935541152954,2.0316257124928994,True,True,True,True,True
47,14316700,0.6832320690155029,0.5362493991851807,0.6526800394058228,0.6445950751558667,0.7148780830154016,2.2483012676239014,2.354229211807251,1.0998989343643188,1.0597450733184814,0.030552029609680176,0.14698266983032227,0.7921385586140894,True,True,True,False,True
47,14325000,0.782198965549469,0.7620190382003784,0.7854132652282715,0.8011204866782224,0.8161579019686895,3.170746326446533,3.1472625732421875,1.1070960760116577,1.070206880569458,-0.0032142996788024902,0.020179927349090576,,True,False,True,False,True
47,14362250,-9.408164978027344,-12.461080551147461,-8.678711891174316,-4.237309261988335,-4.581038205108716,2.35650897026062,2.2724313735961914,5.677590370178223,6.201322555541992,-0.7294530868530273,3.052915573120117,1.2389365409497772,False,True,True,True,True
47,14400000,0.6709980964660645,0.650962769985199,0.5961374640464783,0.4159001314829823,0.32309990433289715,7.033542633056641,7.792767524719238,0.6160524487495422,0.5585561990737915,0.07486063241958618,0.02003532648086548,,True,False,True,False,False
