seed,basin,dataset_test_sample_count,evaluated_test_day_count,official_forward_max_abs_parity_error_mm_day,best_feasible_operator_by_nse,best_feasible_nse,robust_lower_envelope_nse_loss,high_skill_original_path,robust_lower_envelope_nse_loss_positive,original_n,original_nse,original_kge,original_correlation,original_variability_ratio,original_bias_ratio,original_rmse_mm_day,original_test_days,original_cell_count,original_minimum_storage_mm,original_negative_storage_cell_fraction,original_test_day_any_negative_storage_fraction,original_maximum_release_overshoot_mm,original_minimum_executed_release_mm,original_mean_l1_release_adjustment_mm,original_mean_l2_release_adjustment_mm,source_order_runoff_first_n,source_order_runoff_first_nse,source_order_runoff_first_kge,source_order_runoff_first_correlation,source_order_runoff_first_variability_ratio,source_order_runoff_first_bias_ratio,source_order_runoff_first_rmse_mm_day,source_order_runoff_first_test_days,source_order_runoff_first_cell_count,source_order_runoff_first_minimum_storage_mm,source_order_runoff_first_negative_storage_cell_fraction,source_order_runoff_first_test_day_any_negative_storage_fraction,source_order_runoff_first_maximum_release_overshoot_mm,source_order_runoff_first_minimum_executed_release_mm,source_order_runoff_first_mean_l1_release_adjustment_mm,source_order_runoff_first_mean_l2_release_adjustment_mm,proportional_allocation_n,proportional_allocation_nse,proportional_allocation_kge,proportional_allocation_correlation,proportional_allocation_variability_ratio,proportional_allocation_bias_ratio,proportional_allocation_rmse_mm_day,proportional_allocation_test_days,proportional_allocation_cell_count,proportional_allocation_minimum_storage_mm,proportional_allocation_negative_storage_cell_fraction,proportional_allocation_test_day_any_negative_storage_fraction,proportional_allocation_maximum_release_overshoot_mm,proportional_allocation_minimum_executed_release_mm,proportional_allocation_mean_l1_release_adjustment_mm,proportional_allocation_mean_l2_release_adjustment_mm,euclidean_simplex_projection_n,euclidean_simplex_projection_nse,euclidean_simplex_projection_kge,euclidean_simplex_projection_correlation,euclidean_simplex_projection_variability_ratio,euclidean_simplex_projection_bias_ratio,euclidean_simplex_projection_rmse_mm_day,euclidean_simplex_projection_test_days,euclidean_simplex_projection_cell_count,euclidean_simplex_projection_minimum_storage_mm,euclidean_simplex_projection_negative_storage_cell_fraction,euclidean_simplex_projection_test_day_any_negative_storage_fraction,euclidean_simplex_projection_maximum_release_overshoot_mm,euclidean_simplex_projection_minimum_executed_release_mm,euclidean_simplex_projection_mean_l1_release_adjustment_mm,euclidean_simplex_projection_mean_l2_release_adjustment_mm,et_first_stress_n,et_first_stress_nse,et_first_stress_kge,et_first_stress_correlation,et_first_stress_variability_ratio,et_first_stress_bias_ratio,et_first_stress_rmse_mm_day,et_first_stress_test_days,et_first_stress_cell_count,et_first_stress_minimum_storage_mm,et_first_stress_negative_storage_cell_fraction,et_first_stress_test_day_any_negative_storage_fraction,et_first_stress_maximum_release_overshoot_mm,et_first_stress_minimum_executed_release_mm,et_first_stress_mean_l1_release_adjustment_mm,et_first_stress_mean_l2_release_adjustment_mm,source_order_runoff_first_nse_loss,source_order_runoff_first_kge_loss,source_order_runoff_first_rmse_change_mm_day,proportional_allocation_nse_loss,proportional_allocation_kge_loss,proportional_allocation_rmse_change_mm_day,euclidean_simplex_projection_nse_loss,euclidean_simplex_projection_kge_loss,euclidean_simplex_projection_rmse_change_mm_day,et_first_stress_nse_loss,et_first_stress_kge_loss,et_first_stress_rmse_change_mm_day
11,03364500,3652,3652,0.0,euclidean_simplex_projection,0.10909193754196167,0.5737023949623108,True,True,3652,0.6827943325042725,0.723733407446023,0.8273825604728691,0.7895342707633972,0.952770471572876,1.9536430835723877,3652,233728,-187.1007843017578,0.4300554490690033,1.0,8.057876586914062,-4.285801410675049,0.0,0.0,3652,0.10742223262786865,-0.2936017233890378,0.7243382242872952,1.149304986000061,2.2550394535064697,3.277161121368408,3652,233728,0.0,0.0,0.0,5.960464477539063e-08,0.0,0.04911943897604942,0.04911943897604942,3652,0.10895466804504395,-0.2899439245234605,0.7244490194375962,1.1494698524475098,2.2512736320495605,3.2743465900421143,3652,233728,0.0,0.0,0.0,1.1920928955078125e-07,0.0,0.04911943897604942,0.0488971471786499,3652,0.10909193754196167,-0.28967251300697927,0.7244565786455304,1.1494510173797607,2.25099778175354,3.274094343185425,3652,233728,0.0,0.0,0.0,0.0,0.0,0.04911943897604942,0.048883724957704544,3652,0.10909193754196167,-0.2896725148465267,0.7244565700355854,1.1494510173797607,2.25099778175354,3.274094343185425,3652,233728,0.0,0.0,0.0,1.4901161193847656e-08,0.0,0.04911943897604942,0.04903469979763031,0.5753720998764038,1.0173351308350607,1.3235180377960205,0.5738396644592285,1.0136773319694834,1.3207035064697266,0.5737023949623108,1.0134059204530024,1.320451259613037,0.5737023949623108,1.0134059222925496,1.320451259613037
11,11230500,3652,3652,0.0,euclidean_simplex_projection,0.7381547689437866,0.014973223209381104,True,True,3652,0.7531279921531677,0.7825460535402193,0.9084962398160286,1.1699081659317017,1.1002222299575806,1.2796084880828857,3652,233728,-6.678121566772461,0.004522350766703176,0.10460021905805038,6.678121566772461,-0.01785990223288536,0.0,0.0,3652,0.7381282448768616,0.7400604945413498,0.9092884285973495,1.1920523643493652,1.1498527526855469,1.3179092407226562,3652,233728,0.0,0.0,0.0,4.76837158203125e-07,0.0,0.001288043218664825,0.001288043218664825,3652,0.738140344619751,0.7400913826523334,0.9092890713474204,1.1920421123504639,1.1498126983642578,1.3178788423538208,3652,233728,0.0,0.0,0.0,2.384185791015625e-07,0.0,0.001288043218664825,0.0012870393693447113,3652,0.7381547689437866,0.7401231330405247,0.9092899357295996,1.1920274496078491,1.1497769355773926,1.3178424835205078,3652,233728,0.0,0.0,0.0,0.0,0.0,0.001288043218664825,0.0012861557770520449,3652,0.7381547689437866,0.7401231330876595,0.9092899358646372,1.1920274496078491,1.1497769355773926,1.3178424835205078,3652,233728,0.0,0.0,0.0,0.0,0.0,0.001288043218664825,0.0012861557770520449,0.014999747276306152,0.04248555899886952,0.03830075263977051,0.014987647533416748,0.042454670887885904,0.03827035427093506,0.014973223209381104,0.04242292049969465,0.03823399543762207,0.014973223209381104,0.0424229204525598,0.03823399543762207
11,11151300,3652,3652,0.0,euclidean_simplex_projection,-6.3884477615356445,6.703265964984894,False,True,3652,0.31481820344924927,0.20617748263226854,0.6722349744512126,1.0247728824615479,1.7225722074508667,0.18343161046504974,3652,233728,-7.445209503173828,0.6594460227272727,0.9882256297918949,5.216203689575195,-0.2579123079776764,0.0,0.0,3652,-6.389606952667236,-5.41902962667697,0.5552870084896749,2.960907220840454,7.095983505249023,0.6023958325386047,3652,233728,0.0,0.0,0.0,2.9802322387695312e-08,0.0,0.07582773268222809,0.07582773268222809,3652,-6.388664722442627,-5.414672257079606,0.5552967764142311,2.961010217666626,7.091362476348877,0.6023573875427246,3652,233728,0.0,0.0,0.0,5.960464477539063e-08,0.0,0.07582773268222809,0.07578960061073303,3652,-6.3884477615356445,-5.4143071642752965,0.5552968158640597,2.960988998413086,7.09098482131958,0.6023485660552979,3652,233728,0.0,0.0,0.0,0.0,0.0,0.07582773268222809,0.07578866183757782,3652,-6.388449192047119,-5.414307165559111,0.5552967973465777,2.960988998413086,7.09098482131958,0.6023486256599426,3652,233728,0.0,0.0,0.0,0.0,0.0,0.07582773268222809,0.0758250281214714,6.704425156116486,5.625207109309239,0.418964222073555,6.703482925891876,5.620849739711875,0.41892577707767487,6.703265964984894,5.620484646907565,0.4189169555902481,6.703267395496368,5.62048464819138,0.4189170151948929
11,07208500,3652,3652,0.0,euclidean_simplex_projection,-1.6082220077514648,2.2508509755134583,True,True,3652,0.6426289677619934,0.7621797035666605,0.831439049304132,1.027682900428772,0.8345329165458679,0.15903128683567047,3652,233728,-52.624210357666016,0.6348319414019715,0.9997261774370209,5.739709377288818,-0.023121071979403496,0.0,0.0,3652,-1.6083290576934814,-0.9108474053089448,0.7043090070408811,1.6817868947982788,2.760417938232422,0.42963936924934387,3652,233728,0.0,0.0,0.0,0.0,0.0,0.03453390672802925,0.03453390672802925,3652,-1.6082630157470703,-0.9108177274337907,0.7043116631783036,1.681775689125061,2.760390520095825,0.4296339452266693,3652,233728,0.0,0.0,0.0,0.0,0.0,0.03453390672802925,0.03453383594751358,3652,-1.6082220077514648,-0.91080073021288,0.7043129024729601,1.681767225265503,2.760375499725342,0.4296305775642395,3652,233728,0.0,0.0,0.0,0.0,0.0,0.03453390672802925,0.03453373536467552,3652,-1.6082220077514648,-0.9108007303843904,0.7043129013646193,1.681767225265503,2.760375499725342,0.4296305775642395,3652,233728,0.0,0.0,0.0,0.0,0.0,0.03453390672802925,0.034533798694610596,2.250958025455475,1.6730271088756052,0.2706080824136734,2.2508919835090637,1.6729974310004514,0.27060265839099884,2.2508509755134583,1.6729804337795406,0.27059929072856903,2.2508509755134583,1.672980433951051,0.27059929072856903
11,12092000,3652,3652,0.0,source_order_runoff_first,0.7209838628768921,-0.00610661506652832,True,False,3652,0.7148772478103638,0.6547458441642969,0.8700740322730882,0.6906488537788391,0.918627142906189,2.3266022205352783,3652,233728,-6.73350715637207,0.039182297371303396,0.9778203723986857,6.73350715637207,-0.005033975001424551,0.0,0.0,3652,0.7209838628768921,0.66318036514715,0.8715410768355681,0.6977298855781555,0.9253103137016296,2.3015525341033936,3652,233728,0.0,0.0,0.0,2.384185791015625e-07,0.0,0.002293366938829422,0.002293366938829422,3652,0.720943808555603,0.6631152515979255,0.8715342307427391,0.6976715922355652,0.9252643585205078,2.301717758178711,3652,233728,0.0,0.0,0.0,2.384185791015625e-07,0.0,0.0022933671716600657,0.0019241184927523136,3652,0.7208702564239502,0.6630119384601113,0.8715163026500437,0.6975839734077454,0.9251839518547058,2.3020212650299072,3652,233728,0.0,0.0,0.0,0.0,0.0,0.0022933671716600657,0.0017887608846649528,3652,0.7208693623542786,0.6630114177229548,0.8715158356784863,0.6975837349891663,0.9251833558082581,2.3020248413085938,3652,233728,0.0,0.0,0.0,1.1920928955078125e-07,0.0,0.002293366938829422,0.002283310517668724,-0.00610661506652832,-0.008434520982853022,-0.025049686431884766,-0.006066560745239258,-0.008369407433628573,-0.024884462356567383,-0.005993008613586426,-0.008266094295814375,-0.024580955505371094,-0.005992114543914795,-0.008265573558657868,-0.02457737922668457
11,06350000,3652,3652,0.0,et_first_stress,-1.2747554779052734,1.7496328949928284,False,True,3652,0.47487741708755493,0.38663460973403185,0.7566944378978652,0.4442918300628662,0.9094023704528809,0.30727633833885193,3652,233728,-8.953094482421875,0.6313920454545454,1.0,8.953094482421875,-0.4993860125541687,0.0,0.0,3652,-1.2753851413726807,-5.726215748847265,0.3738507188814513,1.2656265497207642,7.691738128662109,0.6396262049674988,3652,233728,0.0,0.0,0.0,1.862645149230957e-09,0.0,0.06800909340381622,0.06800909340381622,3652,-1.2749242782592773,-5.724984772201445,0.37387700681535213,1.2655333280563354,7.690506935119629,0.6395614743232727,3652,233728,0.0,0.0,0.0,9.313225746154785e-10,0.0,0.06800909340381622,0.06799923628568649,3652,-1.2747559547424316,-5.724649848211146,0.37388872731492007,1.265490174293518,7.690173149108887,0.6395377516746521,3652,233728,0.0,0.0,0.0,0.0,0.0,0.06800909340381622,0.06799865514039993,3652,-1.2747554779052734,-5.7246498475017935,0.3738887349335984,1.265490174293518,7.690173149108887,0.6395376920700073,3652,233728,0.0,0.0,0.0,1.862645149230957e-09,0.0,0.06800909340381622,0.06800787895917892,1.7502625584602356,6.112850358581297,0.33234986662864685,1.7498016953468323,6.111619381935477,0.3322851359844208,1.7496333718299866,6.111284457945178,0.33226141333580017,1.7496328949928284,6.111284457235826,0.3322613537311554
11,11475560,3652,3652,0.0,et_first_stress,0.7602010369300842,-0.004777014255523682,True,False,3652,0.7554240226745605,0.6264524938398075,0.8982190922770573,0.6857238411903381,0.82561856508255,3.8578684329986572,3652,233728,-126.45750427246094,0.3934659090909091,0.8414567360350493,6.0448713302612305,-0.5868578553199768,0.0,0.0,3652,0.7599342465400696,0.7503036725769293,0.8750550717584388,0.8603779077529907,1.1650536060333252,3.822131633758545,3652,233728,0.0,0.0,0.0,2.384185791015625e-07,0.0,0.02376728132367134,0.02376728132367134,3652,0.7601127028465271,0.751585854426974,0.8750885767743635,0.8606690764427185,1.163381814956665,3.8207108974456787,3652,233728,0.0,0.0,0.0,1.1920928955078125e-07,0.0,0.02376728132367134,0.023702936246991158,3652,0.7601252794265747,0.7517190252550245,0.8750886847933504,0.8607082366943359,1.163212776184082,3.820610523223877,3652,233728,0.0,0.0,0.0,0.0,0.0,0.02376728132367134,0.023691749200224876,3652,0.7602010369300842,0.7521794082021126,0.8751075983782438,0.8607999682426453,1.1626046895980835,3.82000732421875,3652,233728,0.0,0.0,0.0,3.725290298461914e-09,0.0,0.02376728132367134,0.023711228743195534,-0.004510223865509033,-0.12385117873712181,-0.035736799240112305,-0.004688680171966553,-0.1251333605871665,-0.037157535552978516,-0.00470125675201416,-0.12526653141521704,-0.03725790977478027,-0.004777014255523682,-0.1257269143623051,-0.03786110877990723
11,08190500,3652,3652,0.0,euclidean_simplex_projection,-33.5652961730957,33.638447523117065,False,True,3652,0.0731513500213623,0.20674746156564372,0.5575112910305721,1.0405054092407227,1.6571245193481445,0.35320526361465454,3652,233728,-13.702296257019043,0.5893174972617744,1.0,10.704302787780762,-1.9007636308670044,0.0,0.0,3652,-33.7486572265625,-17.839792738614513,0.55323515207904,6.095493316650391,19.132129669189453,2.162677526473999,3652,233728,0.0,0.0,0.0,4.76837158203125e-07,0.0,0.0889592096209526,0.0889592096209526,3652,-33.64986038208008,-17.798364977971342,0.5533028520711171,6.08800745010376,19.091190338134766,2.1596009731292725,3652,233728,0.0,0.0,0.0,4.76837158203125e-07,0.0,0.0889592096209526,0.08893056213855743,3652,-33.5652961730957,-17.773039878262164,0.5532426693423653,6.081106662750244,19.066814422607422,2.156964063644409,3652,233728,0.0,0.0,0.0,0.0,0.0,0.0889592096209526,0.08891631662845612,3652,-33.5652961730957,-17.773039878243914,0.5532426701092331,6.081106662750244,19.066814422607422,2.156964063644409,3652,233728,0.0,0.0,0.0,9.313225746154785e-10,0.0,0.0889592096209526,0.08892162889242172,33.82180857658386,18.046540200180157,1.8094722628593445,33.72301173210144,18.005112439536987,1.806395709514618,33.638447523117065,17.97978733982781,1.8037588000297546,33.638447523117065,17.97978733980956,1.8037588000297546
11,11522500,3652,3652,0.0,euclidean_simplex_projection,0.759189248085022,0.027433156967163086,True,True,3652,0.7866224050521851,0.7315820059714325,0.8987954347101703,0.7957907319068909,0.8582099080085754,1.3449276685714722,3652,233728,-19.75161361694336,0.14346163061336253,0.44605695509309967,4.774017333984375,-0.4897254705429077,0.0,0.0,3652,0.7591180801391602,0.7985590609148315,0.8731790240012967,0.8646069765090942,1.078508734703064,1.4289815425872803,3652,233728,0.0,0.0,0.0,2.384185791015625e-07,0.0,0.009407224133610725,0.009407224133610725,3652,0.7591675519943237,0.7987351741587594,0.8731921172992188,0.8646775484085083,1.0781992673873901,1.4288349151611328,3652,233728,0.0,0.0,0.0,1.1920928955078125e-07,0.0,0.009407224133610725,0.009397001937031746,3652,0.759189248085022,0.7988253134190821,0.8731943009019206,0.8646844029426575,1.0779824256896973,1.4287704229354858,3652,233728,0.0,0.0,0.0,0.0,0.0,0.009407224133610725,0.009389873594045639,3652,0.759189248085022,0.7988253133360297,0.8731943007701597,0.8646844029426575,1.0779824256896973,1.4287704229354858,3652,233728,0.0,0.0,0.0,0.0,0.0,0.009407224133610725,0.009389873594045639,0.027504324913024902,-0.066977054943399,0.0840538740158081,0.027454853057861328,-0.06715316818732686,0.08390724658966064,0.027433156967163086,-0.06724330744764961,0.08384275436401367,0.027433156967163086,-0.06724330736459716,0.08384275436401367
11,12383500,3652,3652,0.0,source_order_runoff_first,0.7225067615509033,-0.0834970474243164,True,False,3652,0.6390097141265869,0.5324648694032801,0.8708313622759736,0.5809053778648376,0.8379374742507935,0.7514632344245911,3652,233728,-6.412558555603027,0.00857834748083242,0.458105147864184,6.412558555603027,-0.0016235405346378684,0.0,0.0,3652,0.7225067615509033,0.6295755952327655,0.884806209948452,0.657048761844635,0.9204444885253906,0.6588494181632996,3652,233728,0.0,0.0,0.0,4.76837158203125e-07,0.0,0.0015083870384842157,0.0015083870384842157,3652,0.7225050926208496,0.629573332270458,0.8848058030898384,0.6570467352867126,0.9204432964324951,0.6588513851165771,3652,233728,0.0,0.0,0.0,4.76837158203125e-07,0.0,0.0015083871548995376,0.0015080231241881847,3652,0.7224996089935303,0.629565074945281,0.8848050384587283,0.6570391058921814,0.920438826084137,0.6588578820228577,3652,233728,0.0,0.0,0.0,0.0,0.0,0.0015083871548995376,0.0014958381652832031,3652,0.7224996089935303,0.6295650744695358,0.8848050369288643,0.6570391058921814,0.920438826084137,0.6588578820228577,3652,233728,0.0,0.0,0.0,0.0,0.0,0.0015083870384842157,0.0015082586323842406,-0.0834970474243164,-0.09711072582948543,-0.0926138162612915,-0.0834953784942627,-0.09710846286717789,-0.09261184930801392,-0.08348989486694336,-0.09710020554200094,-0.0926053524017334,-0.08348989486694336,-0.09710020506625572,-0.0926053524017334
11,12035000,3652,3652,0.0,et_first_stress,0.9080070853233337,0.013354182243347168,True,True,3652,0.9213612675666809,0.8539829396843525,0.964745513119841,0.9032108187675476,0.8965110778808594,2.4297935962677,3652,233728,-15.475057601928711,0.17907567771084337,1.0,4.098049640655518,-0.10487186908721924,0.0,0.0,3652,0.9079745411872864,0.9073155110194514,0.9534985885408788,0.9227173924446106,0.9786591529846191,2.6284828186035156,3652,233728,0.0,0.0,0.0,1.1920928955078125e-07,0.0,0.01335430983453989,0.01335430983453989,3652,0.9079960584640503,0.9073426029618847,0.9535101740780109,0.9228189587593079,0.9783857464790344,2.628175735473633,3652,233728,0.0,0.0,0.0,1.1920928955078125e-07,0.0,0.013354310765862465,0.013005944900214672,3652,0.908007025718689,0.9073518656018267,0.9535163250906681,0.9228696227073669,0.9782319068908691,2.628018856048584,3652,233728,0.0,0.0,0.0,0.0,0.0,0.01335430983453989,0.01290648803114891,3652,0.9080070853233337,0.9073518822803923,0.953516369916292,0.9228699207305908,0.9782308340072632,2.6280179023742676,3652,233728,0.0,0.0,0.0,5.960464477539063e-08,0.0,0.01335430983453989,0.013313248753547668,0.013386726379394531,-0.053332571335098944,0.19868922233581543,0.013365209102630615,-0.05335966327753228,0.19838213920593262,0.013354241847991943,-0.05336892591747422,0.1982252597808838,0.013354182243347168,-0.05336894259603986,0.19822430610656738
11,09404450,3652,3652,0.0,euclidean_simplex_projection,-7.147863388061523,7.267546832561493,False,True,3652,0.11968344449996948,0.5621033328365193,0.6937147314902422,1.2871876955032349,1.124362587928772,0.20904240012168884,3652,233728,-6.808544635772705,0.17753542579408543,0.9422234392113911,6.808544635772705,-1.4610265493392944,0.0,0.0,3652,-7.14809513092041,-2.052641876506022,0.6075781935649658,2.373732089996338,3.6976819038391113,0.6359792947769165,3652,233728,0.0,0.0,0.0,0.0,0.0,0.031137101352214813,0.031137101352214813,3652,-7.147994041442871,-2.0526185164827258,0.6075780986485103,2.3737242221832275,3.697659492492676,0.6359753608703613,3652,233728,0.0,0.0,0.0,0.0,0.0,0.031137101352214813,0.031137041747570038,3652,-7.147863388061523,-2.052597369497475,0.6075799254636252,2.3737001419067383,3.697648048400879,0.6359702944755554,3652,233728,0.0,0.0,0.0,0.0,0.0,0.031137101352214813,0.031137004494667053,3652,-7.147863388061523,-2.052597369351755,0.6075799265971662,2.3737001419067383,3.697648048400879,0.6359702944755554,3652,233728,0.0,0.0,0.0,0.0,0.0,0.031137101352214813,0.031137004494667053,7.26777857542038,2.614745209342541,0.42693689465522766,7.267677485942841,2.614721849319245,0.4269329607486725,7.267546832561493,2.614700702333994,0.4269278943538666,7.267546832561493,2.614700702188274,0.4269278943538666
11,02300700,3652,3652,0.0,et_first_stress,-0.06553995609283447,0.6003804206848145,True,True,3652,0.53484046459198,0.6884905619328079,0.7587897498433045,0.9515267610549927,1.1910656690597534,2.96209454536438,3652,233728,-78.79802703857422,0.40324650876232204,1.0,6.240630626678467,-1.3834179639816284,0.0,0.0,3652,-0.06580257415771484,-0.6194023338099093,0.7158277330814892,1.2849047183990479,2.568610668182373,4.483697414398193,3652,233728,0.0,0.0,0.0,1.1920928955078125e-07,0.0,0.0395849384367466,0.0395849384367466,3652,-0.06560218334197998,-0.6186809977657326,0.7158161257304063,1.284915804862976,2.567861795425415,4.483275890350342,3652,233728,0.0,0.0,0.0,1.1920928955078125e-07,0.0,0.0395849347114563,0.03858838230371475,3652,-0.06554007530212402,-0.6185228692196434,0.7158139535616052,1.2849023342132568,2.5677006244659424,4.483145236968994,3652,233728,0.0,0.0,0.0,0.0,0.0,0.0395849384367466,0.03852531686425209,3652,-0.06553995609283447,-0.6185228464521455,0.7158139652514935,1.2849022150039673,2.5677006244659424,4.483145236968994,3652,233728,0.0,0.0,0.0,1.1920928955078125e-07,0.0,0.0395849384367466,0.039565134793519974,0.6006430387496948,1.3078928957427172,1.5216028690338135,0.60044264793396,1.3071715596985405,1.521181344985962,0.600380539894104,1.3070134311524513,1.5210506916046143,0.6003804206848145,1.3070134083849534,1.5210506916046143
11,06280300,3652,3652,0.0,source_order_runoff_first,0.8524078130722046,-0.005289673805236816,True,False,3652,0.8471181392669678,0.8910514748145356,0.9219574046995775,0.9561983346939087,0.9378666877746582,0.6581496000289917,3652,233728,-5.1596150398254395,0.007602854600219058,0.33433734939759036,5.1596150398254395,-0.0815822184085846,0.0,0.0,3652,0.8524078130722046,0.8160607238954941,0.936568269456932,1.0486476421356201,1.1656607389450073,0.6466634273529053,3652,233728,0.0,0.0,0.0,4.76837158203125e-07,0.0,0.0048739854246377945,0.0048739854246377945,3652,0.8513239622116089,0.8315540321021652,0.9338083377744493,1.0368614196777344,1.150445818901062,0.6490334868431091,3652,233728,0.0,0.0,0.0,2.384185791015625e-07,0.0,0.0048739854246377945,0.004624926019459963,3652,0.8494082093238831,0.8468469164059587,0.9304268221746163,1.0210566520690918,1.1348037719726562,0.6532016396522522,3652,233728,0.0,0.0,0.0,0.0,0.0,0.0048739854246377945,0.004447549115866423,3652,0.8500045537948608,0.8502691362383262,0.9300687874645447,1.0157874822616577,1.1314523220062256,0.6519070863723755,3652,233728,0.0,0.0,0.0,0.0,0.0,0.0048739854246377945,0.00447564572095871,-0.005289673805236816,0.0749907509190415,-0.011486172676086426,-0.004205822944641113,0.05949744271237045,-0.009116113185882568,-0.002290070056915283,0.044204558408576955,-0.004947960376739502,-0.0028864145278930664,0.04078233857620939,-0.006242513656616211
11,09513780,3652,3652,0.0,euclidean_simplex_projection,0.27458351850509644,0.26883071660995483,True,True,3652,0.5434142351150513,0.5534246405257854,0.7377768249959744,0.7573262453079224,1.2679141759872437,1.2076820135116577,3652,233728,-7.660618305206299,0.6095204682365827,0.9824753559693319,5.2647809982299805,-1.3246397972106934,0.0,0.0,3652,0.2745342254638672,-0.9853899928615424,0.6941654391124172,1.1180154085159302,2.958139657974243,1.5222986936569214,3652,233728,0.0,0.0,0.0,1.4551915228366852e-11,0.0,0.056150708347558975,0.056150708347558975,3652,0.2745594382286072,-0.9852903681174459,0.6941669946866054,1.1179929971694946,2.958040237426758,1.5222722291946411,3652,233728,0.0,0.0,0.0,0.0,0.0,0.05615070089697838,0.05615045875310898,3652,0.27458351850509644,-0.9852419552606533,0.6941685794447185,1.117970585823059,2.9579927921295166,1.5222469568252563,3652,233728,0.0,0.0,0.0,0.0,0.0,0.05615069344639778,0.05615032836794853,3652,0.27458351850509644,-0.9852419549549922,0.6941685814288552,1.117970585823059,2.9579927921295166,1.5222469568252563,3652,233728,0.0,0.0,0.0,0.0,0.0,0.05615070089697838,0.05615035817027092,0.2688800096511841,1.5388146333873278,0.31461668014526367,0.2688547968864441,1.5387150086432313,0.3145902156829834,0.26883071660995483,1.5386665957864387,0.31456494331359863,0.26883071660995483,1.5386665954807777,0.31456494331359863
11,03455500,3652,3652,0.0,et_first_stress,0.3430935740470886,0.2416490912437439,True,True,3652,0.5847426652908325,0.7651036254524937,0.7900509825945802,0.9742218255996704,1.1021430492401123,2.6908833980560303,3652,233728,-17.119155883789062,0.05139307228915663,0.9789156626506024,16.564136505126953,-2.4215197563171387,0.0,0.0,3652,0.34114229679107666,0.448453786952853,0.7584277287683601,1.087117075920105,1.4881154298782349,3.3894717693328857,3652,233728,0.0,0.0,0.0,2.384185791015625e-07,0.0,0.021685414016246796,0.021685414016246796,3652,0.34226149320602417,0.44981779226664154,0.7585610338612551,1.0869954824447632,1.4866615533828735,3.386591672897339,3652,233728,0.0,0.0,0.0,2.384185791015625e-07,0.0,0.021685410290956497,0.02149575762450695,3652,0.34309083223342896,0.4507950038373879,0.7586452363871969,1.0868192911148071,1.485629916191101,3.384455919265747,3652,233728,0.0,0.0,0.0,0.0,0.0,0.021685410290956497,0.02137232944369316,3652,0.3430935740470886,0.45080119233933313,0.75864498601798,1.086820125579834,1.4856226444244385,3.384449005126953,3652,233728,0.0,0.0,0.0,2.9802322387695312e-08,0.0,0.021685414016246796,0.021569160744547844,0.24360036849975586,0.3166498384996407,0.6985883712768555,0.24248117208480835,0.3152858331858521,0.6957082748413086,0.24165183305740356,0.31430862161510575,0.6935725212097168,0.2416490912437439,0.31430243311316053,0.6935656070709229
11,09047700,3652,3652,0.0,et_first_stress,-1.724153995513916,2.472762942314148,True,True,3652,0.7486089468002319,0.8576202979335832,0.8834316184682842,1.0555741786956787,1.0599608421325684,0.36320528388023376,3652,233728,-25.360624313354492,0.026920180722891568,0.6130887185104053,5.230284690856934,-0.3709161877632141,0.0,0.0,3652,-4.492927551269531,-1.4618798619657114,0.8568164089329849,2.632377862930298,2.837306022644043,1.697771430015564,3652,233728,0.0,0.0,0.0,2.384185791015625e-07,0.0,0.026994047686457634,0.026994047686457634,3652,-2.2949585914611816,-0.867694475715953,0.8652251834164272,2.212001085281372,2.41462779045105,1.3149288892745972,3652,233728,0.0,0.0,0.0,2.384185791015625e-07,0.0,0.026994047686457634,0.023762281984090805,3652,-1.7909235954284668,-0.7026756003104753,0.8625366068702542,2.0795483589172363,2.309497356414795,1.2101836204528809,3652,233728,0.0,0.0,0.0,0.0,0.0,0.026994047686457634,0.023229530081152916,3652,-1.724153995513916,-0.6795707377559186,0.8624243431675153,2.06210994720459,2.293813467025757,1.195619821548462,3652,233728,0.0,0.0,0.0,0.0,0.0,0.026994049549102783,0.023282332345843315,5.241536498069763,2.3195001598992944,1.3345661461353302,3.0435675382614136,1.7253147736495362,0.9517236053943634,2.5395325422286987,1.5602958982440585,0.8469783365726471,2.472762942314148,1.5371910356895018,0.8324145376682281
11,12411000,3652,3652,0.0,et_first_stress,0.6770533323287964,0.045649051666259766,True,True,3652,0.7227023839950562,0.7045886139746997,0.8581705048249622,0.7651734352111816,0.8904154896736145,1.3898582458496094,3652,233728,-53.575748443603516,0.22562551341730558,0.5221796276013143,5.811781883239746,-0.04698929563164711,0.0,0.0,3652,0.6751623153686523,0.5887279932138576,0.8582810014892102,0.903626561164856,1.3738616704940796,1.5042866468429565,3652,233728,0.0,0.0,0.0,2.384185791015625e-07,0.0,0.020901035517454147,0.020901035517454147,3652,0.6764709949493408,0.593974086450312,0.8581363817812172,0.905182421207428,1.3684309720993042,1.5012534856796265,3652,233728,0.0,0.0,0.0,2.384185791015625e-07,0.0,0.020901035517454147,0.02079528570175171,3652,0.676665186882019,0.5951081818238299,0.858036545877841,0.905343234539032,1.3671836853027344,1.5008028745651245,3652,233728,0.0,0.0,0.0,2.384185791015625e-07,0.0,0.020901035517454147,0.02076774835586548,3652,0.6770533323287964,0.5971069962822484,0.8579386652496688,0.9060995578765869,1.365135669708252,1.4999018907546997,3652,233728,0.0,0.0,0.0,0.0,0.0,0.020901035517454147,0.020796125754714012,0.04754006862640381,0.11586062076084214,0.11442840099334717,0.04623138904571533,0.11061452752438772,0.11139523983001709,0.04603719711303711,0.10948043215086989,0.11094462871551514,0.045649051666259766,0.10748161769245135,0.11004364490509033
11,14138870,3652,3652,0.0,et_first_stress,0.7370051741600037,0.07711797952651978,True,True,3652,0.8141231536865234,0.8576901083024784,0.9187057258244639,1.0779956579208374,1.0869483947753906,3.0725715160369873,3652,233728,-61.62149429321289,0.19237318592552027,1.0,7.585063934326172,-0.49344754219055176,0.0,0.0,3652,0.7362730503082275,0.6719149393256327,0.9099384814580372,1.1076617240905762,1.2965428829193115,3.6598780155181885,3652,233728,0.0,0.0,0.0,2.384185791015625e-07,0.0,0.026399249210953712,0.026399249210953712,3652,0.7367656230926514,0.6736819102790551,0.9099649782094407,1.1086175441741943,1.2942438125610352,3.6564583778381348,3652,233728,0.0,0.0,0.0,2.384185791015625e-07,0.0,0.02639925107359886,0.025615712627768517,3652,0.7369865775108337,0.6746462791550312,0.9099453743665337,1.1090428829193115,1.2930099964141846,3.654923915863037,3652,233728,0.0,0.0,0.0,0.0,0.0,0.026399249210953712,0.025431156158447266,3652,0.7370051741600037,0.6748261207920052,0.9099338241367725,1.1091439723968506,1.2927690744400024,3.654794454574585,3652,233728,0.0,0.0,0.0,1.1920928955078125e-07,0.0,0.026399245485663414,0.026145603507757187,0.0778501033782959,0.18577516897684565,0.5873064994812012,0.07735753059387207,0.18400819802342328,0.5838868618011475,0.0771365761756897,0.1830438291474472,0.5823523998260498,0.07711797952651978,0.18286398751047317,0.5822229385375977
11,01434025,3652,3652,0.0,et_first_stress,0.4471777081489563,0.11244022846221924,True,True,3652,0.5596179366111755,0.6994687455496227,0.7528340586412823,0.8339083790779114,1.04051673412323,3.314875602722168,3652,233728,-7.42497444152832,0.07259720700985761,0.9972617743702081,7.42497444152832,-1.0201525688171387,0.0,0.0,3652,0.446861207485199,0.5715020305689196,0.7220598454592239,0.9216191172599792,1.316569447517395,3.7150909900665283,3652,233728,0.0,0.0,0.0,2.384185791015625e-07,0.0,0.01471643801778555,0.01471643801778555,3652,0.44702285528182983,0.5719124480246367,0.7220945261718454,0.921657145023346,1.3160536289215088,3.714548349380493,3652,233728,0.0,0.0,0.0,2.384185791015625e-07,0.0,0.014716438949108124,0.014678996987640858,3652,0.4471774697303772,0.5722233860432475,0.7221263209113736,0.9216351509094238,1.3156548738479614,3.71402907371521,3652,233728,0.0,0.0,0.0,0.0,0.0,0.014716438949108124,0.014632766135036945,3652,0.4471777081489563,0.5722238809632358,0.7221263990953607,0.9216351509094238,1.3156542778015137,3.7140281200408936,3652,233728,0.0,0.0,0.0,5.960464477539063e-08,0.0,0.01471643801778555,0.014674666337668896,0.11275672912597656,0.1279667149807031,0.40021538734436035,0.1125950813293457,0.12755629752498598,0.3996727466583252,0.11244046688079834,0.12724535950637517,0.399153470993042,0.11244022846221924,0.12724486458638684,0.3991525173187256
11,08158810,3652,3652,0.0,euclidean_simplex_projection,0.1550944447517395,0.29853731393814087,False,True,3652,0.45363175868988037,0.5041126793101687,0.675132850994463,0.6320861577987671,0.9292541742324829,1.6985324621200562,3652,233728,-113.8087387084961,0.2252147795728368,0.9975355969331873,8.101207733154297,-2.1768343448638916,0.0,0.0,3652,0.15461379289627075,-0.7862442408222083,0.7157054819405619,1.1154966354370117,2.7596890926361084,2.1128015518188477,3652,233728,0.0,0.0,0.0,2.384185791015625e-07,0.0,0.03770238161087036,0.03770238161087036,3652,0.15482723712921143,-0.7854632462782285,0.7157070260482774,1.1154561042785645,2.758899211883545,2.112534761428833,3652,233728,0.0,0.0,0.0,7.450580596923828e-09,0.0,0.03770238161087036,0.03766390681266785,3652,0.1550944447517395,-0.7848298198582464,0.7157069792257952,1.1152994632720947,2.7582664489746094,2.1122007369995117,3652,233728,0.0,0.0,0.0,0.0,0.0,0.03770238161087036,0.03765486180782318,3652,0.1550944447517395,-0.7848298197869734,0.7157069796732568,1.1152994632720947,2.7582664489746094,2.1122007369995117,3652,233728,0.0,0.0,0.0,7.450580596923828e-09,0.0,0.03770238161087036,0.03768950328230858,0.2990179657936096,1.290356920132377,0.4142690896987915,0.29880452156066895,1.2895759255883972,0.41400229930877686,0.29853731393814087,1.288942499168415,0.41366827487945557,0.29853731393814087,1.288942499097142,0.41366827487945557
11,02363000,3652,3652,0.0,et_first_stress,-0.5701018571853638,1.3755958080291748,True,True,3652,0.805493950843811,0.8332840903998902,0.9029196285136262,0.9667115807533264,1.131382942199707,0.7700686454772949,3652,233728,-239.44735717773438,0.33531712075575026,1.0,7.9838972091674805,-0.7736577391624451,0.0,0.0,3652,-0.572172999382019,-0.711817115315623,0.8398027169204315,1.4636560678482056,2.640023708343506,2.1893393993377686,3652,233728,0.0,0.0,0.0,2.384185791015625e-07,0.0,0.05501023307442665,0.05501023307442665,3652,-0.5711513757705688,-0.7107864867575109,0.8398288115191076,1.4638866186141968,2.638885259628296,2.1886279582977295,3652,233728,0.0,0.0,0.0,2.384185791015625e-07,0.0,0.05501023307442665,0.054992131888866425,3652,-0.5701117515563965,-0.7099345106849333,0.8398651088014903,1.463913083076477,2.6379919052124023,2.187903642654419,3652,233728,0.0,0.0,0.0,0.0,0.0,0.05501023307442665,0.05497445911169052,3652,-0.5701018571853638,-0.7099293473202393,0.8398660862700046,1.4639121294021606,2.637986898422241,2.187896728515625,3652,233728,0.0,0.0,0.0,7.450580596923828e-09,0.0,0.05501023307442665,0.054978881031274796,1.37766695022583,1.5451012057155131,1.4192707538604736,1.3766453266143799,1.544070577157401,1.4185593128204346,1.3756057024002075,1.5432186010848234,1.417834997177124,1.3755958080291748,1.5432134377201294,1.41782808303833
11,10259000,3652,3652,0.0,euclidean_simplex_projection,0.5435495376586914,0.17561239004135132,True,True,3652,0.7191619277000427,0.6791996465414574,0.8519974628738002,0.8568584322929382,1.2460052967071533,0.34505876898765564,3652,233728,-9.261990547180176,0.1351913335158817,0.8162650602409639,9.261990547180176,-2.6129283905029297,0.0,0.0,3652,0.5435124039649963,-0.0923446885752186,0.8601835645546285,1.1205798387527466,2.0766284465789795,0.4399259388446808,3652,233728,0.0,0.0,0.0,2.384185791015625e-07,0.0,0.0077759092673659325,0.0077759092673659325,3652,0.5435360670089722,-0.09231684380653249,0.8601883579631341,1.120566964149475,2.0766022205352783,0.4399145245552063,3652,233728,0.0,0.0,0.0,2.384185791015625e-07,0.0,0.0077759092673659325,0.007775820791721344,3652,0.5435495376586914,-0.0923009913615811,0.860188152551332,1.1205466985702515,2.0765883922576904,0.4399080276489258,3652,233728,0.0,0.0,0.0,0.0,0.0,0.00777590973302722,0.007775716483592987,3652,0.5435495376586914,-0.09230099135055081,0.860188152637508,1.1205466985702515,2.0765883922576904,0.4399080276489258,3652,233728,0.0,0.0,0.0,0.0,0.0,0.0077759092673659325,0.007775774225592613,0.1756495237350464,0.771544335116676,0.09486716985702515,0.17562586069107056,0.7715164903479899,0.09485575556755066,0.17561239004135132,0.7715006379030385,0.09484925866127014,0.17561239004135132,0.7715006378920082,0.09484925866127014
11,04024430,3652,3652,0.0,euclidean_simplex_projection,-0.4474794864654541,1.2384521961212158,True,True,3652,0.7909727096557617,0.8821590584643634,0.9019630103499281,1.0508371591567993,1.0411195755004883,0.6629334688186646,3652,233728,-116.47269439697266,0.35016771631982474,1.0,6.859912872314453,-1.519468069076538,0.0,0.0,3652,-0.4476257562637329,-0.6504254257632738,0.7693640181973106,1.4420149326324463,2.573319435119629,1.744602918624878,3652,233728,0.0,0.0,0.0,5.960464477539063e-08,0.0,0.02751210704445839,0.02751210704445839,3652,-0.44754528999328613,-0.6503485173306027,0.7693704171106679,1.4420126676559448,2.573240280151367,1.7445544004440308,3652,233728,0.0,0.0,0.0,5.960464477539063e-08,0.0,0.02751210704445839,0.02671230211853981,3652,-0.4474794864654541,-0.650293033171929,0.7693762602308883,1.442007064819336,2.5731844902038574,1.7445148229599,3652,233728,0.0,0.0,0.0,0.0,0.0,0.02751210704445839,0.026700112968683243,3652,-0.4474794864654541,-0.6502930327229546,0.7693762634436517,1.442007064819336,2.5731844902038574,1.7445148229599,3652,233728,0.0,0.0,0.0,0.0,0.0,0.02751210704445839,0.027510622516274452,1.2385984659194946,1.532584484227637,1.0816694498062134,1.2385179996490479,1.5325075757949662,1.0816209316253662,1.2384521961212158,1.5324520916362925,1.0815813541412354,1.2384521961212158,1.5324520911873178,1.0815813541412354
29,03364500,3652,3652,0.0,et_first_stress,-0.15245604515075684,0.8521188497543335,True,True,3652,0.6996628046035767,0.7479583538489354,0.8369673514103667,0.808708131313324,0.9812179207801819,1.9009877443313599,3652,233728,-110.33526611328125,0.41963735624315446,1.0,8.776558876037598,-3.0394763946533203,0.0,0.0,3652,-0.15624117851257324,-0.5621935943258785,0.7242780913190386,1.3071706295013428,2.506675958633423,3.729915142059326,3652,233728,0.0,0.0,0.0,5.960464477539063e-08,0.0,0.05670822784304619,0.05670822784304619,3652,-0.15288448333740234,-0.5552147901165596,0.724341461771733,1.307238221168518,2.499436616897583,3.724497079849243,3652,233728,0.0,0.0,0.0,5.960464477539063e-08,0.0,0.05670822784304619,0.056558411568403244,3652,-0.15247666835784912,-0.554476755388934,0.7243476078879393,1.3071939945220947,2.4986813068389893,3.7238383293151855,3652,233728,0.0,0.0,0.0,0.0,0.0,0.05670822784304619,0.05654057115316391,3652,-0.15245604515075684,-0.5544189215282584,0.7243461249818927,1.3071964979171753,2.4986205101013184,3.7238049507141113,3652,233728,0.0,0.0,0.0,0.0,0.0,0.05670822784304619,0.05654369667172432,0.8559039831161499,1.3101519481748138,1.8289273977279663,0.852547287940979,1.303173143965495,1.8235093355178833,0.8521394729614258,1.3024351092378694,1.8228505849838257,0.8521188497543335,1.3023772753771938,1.8228172063827515
29,11230500,3652,3652,0.0,proportional_allocation,0.7637088298797607,0.0005958676338195801,True,True,3652,0.7643046975135803,0.7658501492629456,0.9135068676557945,1.1626613140106201,1.1445212364196777,1.2503069639205933,3652,233728,-8.19221305847168,0.0001540251916757941,0.009857612267250822,8.19221305847168,-6.880698606437363e-07,0.0,0.0,3652,0.763708770275116,0.7617130264109605,0.9140049692124304,1.1652426719665527,1.1485947370529175,1.2518866062164307,3652,233728,0.0,0.0,0.0,0.0,0.0,0.00011779455962823704,0.00011779455962823704,3652,0.7637088298797607,0.7617130285944411,0.9140049752627218,1.1652426719665527,1.1485947370529175,1.2518864870071411,3652,233728,0.0,0.0,0.0,0.0,0.0,0.00011779456690419465,0.00011779432679759338,3652,0.7637088298797607,0.7617130301931363,0.914004979692609,1.1652426719665527,1.1485947370529175,1.2518864870071411,3652,233728,0.0,0.0,0.0,0.0,0.0,0.00011779455962823704,0.00011779391934396699,3652,0.7637088298797607,0.7617130301854131,0.9140049796712083,1.1652426719665527,1.1485947370529175,1.2518864870071411,3652,233728,0.0,0.0,0.0,0.0,0.0,0.00011779455962823704,0.00011779391934396699,0.0005959272384643555,0.004137122851985087,0.0015796422958374023,0.0005958676338195801,0.004137120668504468,0.0015795230865478516,0.0005958676338195801,0.004137119069809292,0.0015795230865478516,0.0005958676338195801,0.004137119077532447,0.0015795230865478516
29,11151300,3652,3652,0.0,euclidean_simplex_projection,-0.431454062461853,0.5679165124893188,False,True,3652,0.13646245002746582,-0.131167755488939,0.6545761709269657,1.1686419248580933,2.0638527870178223,0.2059263288974762,3652,233728,-5.594930648803711,0.4204673808871851,0.9315443592552026,5.348628520965576,-0.003107693511992693,0.0,0.0,3652,-0.43149471282958984,-0.9759119968549685,0.5914539774402237,1.4245911836624146,2.886011838912964,0.26513445377349854,3652,233728,0.0,0.0,0.0,2.9802322387695312e-08,0.0,0.027126383036375046,0.027126383036375046,3652,-0.4314645528793335,-0.9753216287400703,0.5914557767324077,1.4246106147766113,2.8853893280029297,0.2651316523551941,3652,233728,0.0,0.0,0.0,2.9802322387695312e-08,0.0,0.027126383036375046,0.027125980705022812,3652,-0.431454062461853,-0.9751551720144274,0.5914565550325269,1.4246152639389038,2.88521409034729,0.2651306688785553,3652,233728,0.0,0.0,0.0,0.0,0.0,0.027126383036375046,0.02712511271238327,3652,-0.431454062461853,-0.9751551720516352,0.5914565548526405,1.4246152639389038,2.88521409034729,0.2651306688785553,3652,233728,0.0,0.0,0.0,0.0,0.0,0.027126383036375046,0.027125950902700424,0.5679571628570557,0.8447442413660295,0.05920812487602234,0.5679270029067993,0.8441538732511313,0.059205323457717896,0.5679165124893188,0.8439874165254884,0.0592043399810791,0.5679165124893188,0.8439874165626962,0.0592043399810791
29,07208500,3652,3652,0.0,euclidean_simplex_projection,-4.159820079803467,4.845340073108673,True,True,3652,0.6855199933052063,0.8013919930458049,0.8728136443305208,1.14811372756958,0.9635158181190491,0.1491830199956894,3652,233728,-8.342028617858887,0.6192283337897043,1.0,8.342028617858887,-0.01137924287468195,0.0,0.0,3652,-4.162076950073242,-1.5881774806282962,0.7309151023250716,2.4768786430358887,3.108337163925171,0.6044148802757263,3652,233728,0.0,0.0,0.0,1.4901161193847656e-08,0.0,0.06265871971845627,0.06265871971845627,3652,-4.160865306854248,-1.5877105527690887,0.7309543798523985,2.476824998855591,3.107806444168091,0.6043438911437988,3652,233728,0.0,0.0,0.0,1.4901161193847656e-08,0.0,0.06265871971845627,0.06265400350093842,3652,-4.159820079803467,-1.587345312925096,0.7309875277514917,2.4767467975616455,3.107417106628418,0.6042827367782593,3652,233728,0.0,0.0,0.0,0.0,0.0,0.06266036629676819,0.0626261904835701,3652,-4.159820079803467,-1.587345131695154,0.7309874982631465,2.4767467975616455,3.107416868209839,0.6042827367782593,3652,233728,0.0,0.0,0.0,0.0,0.0,0.06265871971845627,0.06265640258789062,4.8475969433784485,2.389569473674101,0.4552318602800369,4.846385300159454,2.3891025458148936,0.45516087114810944,4.845340073108673,2.388737305970901,0.4550997167825699,4.845340073108673,2.388737124740959,0.4550997167825699
29,12092000,3652,3652,0.0,source_order_runoff_first,0.7010990381240845,-0.024217069149017334,True,False,3652,0.6768819689750671,0.6408244981866746,0.8578173372853696,0.7099753618240356,0.8429113626480103,2.476776599884033,3652,233728,-13.000219345092773,0.03910100629791895,1.0,13.000219345092773,-0.04739758372306824,0.0,0.0,3652,0.7010990381240845,0.6708146562458268,0.8622983125063769,0.7302563786506653,0.8710053563117981,2.3821542263031006,3652,233728,0.0,0.0,0.0,1.1920928955078125e-07,0.0,0.0029011054430156946,0.0029011054430156946,3652,0.7010036706924438,0.6702511904656406,0.8624180342611601,0.7296393513679504,0.8707305192947388,2.3825345039367676,3652,233728,0.0,0.0,0.0,5.960464477539063e-08,0.0,0.0029011056758463383,0.002882236149162054,3652,0.7008508443832397,0.6700854253048579,0.8623827954504644,0.7295508980751038,0.8705302476882935,2.383143186569214,3652,233728,0.0,0.0,0.0,0.0,0.0,0.0029011056758463383,0.002850835444405675,3652,0.7007739543914795,0.6700085334913451,0.8623569016473559,0.7295026183128357,0.8704627156257629,2.3834495544433594,3652,233728,0.0,0.0,0.0,0.0,0.0,0.0029011054430156946,0.002868632785975933,-0.024217069149017334,-0.029990158059152172,-0.09462237358093262,-0.02412170171737671,-0.029426692278965993,-0.09424209594726562,-0.023968875408172607,-0.02926092711818329,-0.09363341331481934,-0.023891985416412354,-0.029184035304670508,-0.09332704544067383
29,06350000,3652,3652,0.0,et_first_stress,-2.155717611312866,2.535338521003723,False,True,3652,0.37962090969085693,0.2468056904958762,0.705602645547917,0.3632378876209259,0.7258360981941223,0.3339853286743164,3652,233728,-121.90979766845703,0.7370105421686747,1.0,6.8615217208862305,-0.2941383123397827,0.0,0.0,3652,-3.572913646697998,-10.712399808857132,0.3951737013838412,1.75273859500885,12.672526359558105,0.9067661762237549,3652,233728,0.0,0.0,0.0,1.1920928955078125e-07,0.0,0.10354773700237274,0.10354773700237274,3652,-2.400066614151001,-8.356681271804637,0.3701982697918162,1.525402545928955,10.320664405822754,0.7818843126296997,3652,233728,0.0,0.0,0.0,1.1920928955078125e-07,0.0,0.10354773700237274,0.10147896409034729,3652,-2.261850118637085,-8.036273480627075,0.35044095011415477,1.4743925333023071,10.00040340423584,0.7658271789550781,3652,233728,0.0,0.0,0.0,0.0,0.0,0.10354773700237274,0.10132002085447311,3652,-2.155717611312866,-7.904544918565344,0.34186913646989814,1.429762601852417,9.86978530883789,0.7532650828361511,3652,233728,0.0,0.0,0.0,3.725290298461914e-09,0.0,0.10354773700237274,0.10177072137594223,3.952534556388855,10.959205499353008,0.5727808475494385,2.779687523841858,8.603486962300513,0.4478989839553833,2.641471028327942,8.283079171122951,0.4318418502807617,2.535338521003723,8.15135060906122,0.4192797541618347
29,11475560,3652,3652,0.0,et_first_stress,0.7758606672286987,-0.01986384391784668,True,False,3652,0.755996823310852,0.6553796262156508,0.8917154224122494,0.7041952013969421,0.8602245450019836,3.85334849357605,3652,233728,-129.69573974609375,0.49765111582694416,1.0,6.94109582901001,-3.7739672660827637,0.0,0.0,3652,0.7758268713951111,0.6766302268102975,0.8978065228155179,0.7404692769050598,1.1636102199554443,3.693450689315796,3652,233728,0.0,0.0,0.0,2.384185791015625e-07,0.0,0.053995776921510696,0.053995776921510696,3652,0.7758464813232422,0.6767986601651729,0.8978136265899808,0.7404075264930725,1.163183331489563,3.693289279937744,3652,233728,0.0,0.0,0.0,2.384185791015625e-07,0.0,0.053995776921510696,0.05354147031903267,3652,0.7758495807647705,0.67684134869801,0.8978220885960048,0.7403367757797241,1.1629914045333862,3.6932637691497803,3652,233728,0.0,0.0,0.0,0.0,0.0,0.053995776921510696,0.05345001071691513,3652,0.7758606672286987,0.6768549605990661,0.8978287432832819,0.7403357625007629,1.1629669666290283,3.693171977996826,3652,233728,0.0,0.0,0.0,2.384185791015625e-07,0.0,0.053995776921510696,0.05396335944533348,-0.019830048084259033,-0.021250600594646674,-0.1598978042602539,-0.019849658012390137,-0.02141903394952205,-0.16005921363830566,-0.019852757453918457,-0.021461722482359225,-0.16008472442626953,-0.01986384391784668,-0.021475334383415312,-0.16017651557922363
29,08190500,3652,3652,0.0,et_first_stress,-9.470843315124512,9.850052952766418,False,True,3652,0.37920963764190674,0.3499248974886646,0.7400512773844207,1.146350622177124,1.5775861740112305,0.28906479477882385,3652,233728,-30.911832809448242,0.461583550109529,1.0,7.168604850769043,-1.4041550159454346,0.0,0.0,3652,-9.586581230163574,-8.567620245622523,0.6776190161694944,3.709437608718872,10.17029857635498,1.1937148571014404,3652,233728,0.0,0.0,0.0,2.384185791015625e-07,0.0,0.06532218307256699,0.06532218307256699,3652,-9.523492813110352,-8.004445164690626,0.6773293656532131,3.7162461280822754,9.578923225402832,1.1901527643203735,3652,233728,0.0,0.0,0.0,2.384185791015625e-07,0.0,0.06532217562198639,0.06477852165699005,3652,-9.473660469055176,-7.656836866300386,0.677034492683903,3.7179572582244873,9.212747573852539,1.1873314380645752,3652,233728,0.0,0.0,0.0,0.0,0.0,0.06532217562198639,0.06458112597465515,3652,-9.470843315124512,-7.651220589512498,0.6770673610359447,3.7176942825317383,9.206915855407715,1.1871718168258667,3652,233728,0.0,0.0,0.0,4.656612873077393e-10,0.0,0.06532218307256699,0.06478773802518845,9.965790867805481,8.917545143111187,0.9046500623226166,9.902702450752258,8.35437006217929,0.9010879695415497,9.852870106697083,8.00676176378905,0.8982666432857513,9.850052952766418,8.001145487001162,0.8981070220470428
29,11522500,3652,3652,0.0,source_order_runoff_first,0.7719346284866333,0.016548991203308105,True,True,3652,0.7884836196899414,0.7252479368005438,0.9012719775166472,0.7854408621788025,0.8596224784851074,1.339049220085144,3652,233728,-42.68950653076172,0.18374349671412923,0.3877327491785323,4.597986221313477,-1.2977800369262695,0.0,0.0,3652,0.7719346284866333,0.7970421786430293,0.8797971348243546,0.8391185998916626,0.9706687331199646,1.3904463052749634,3652,233728,0.0,0.0,0.0,4.76837158203125e-07,0.0,0.00847562775015831,0.00847562775015831,3652,0.7719218730926514,0.7970893819508587,0.8797891684442886,0.8392367959022522,0.9703813195228577,1.3904850482940674,3652,233728,0.0,0.0,0.0,4.76837158203125e-07,0.0,0.00847562775015831,0.008467319421470165,3652,0.7719219923019409,0.7971076193578949,0.8797908360085203,0.8393092155456543,0.9701077342033386,1.3904848098754883,3652,233728,0.0,0.0,0.0,0.0,0.0,0.00847562775015831,0.008457997813820839,3652,0.7719159126281738,0.7971160267771505,0.8797870416424775,0.8393316864967346,0.970059335231781,1.3905032873153687,3652,233728,0.0,0.0,0.0,0.0,0.0,0.00847562775015831,0.008458866737782955,0.016548991203308105,-0.0717942418424855,0.051397085189819336,0.01656174659729004,-0.07184144515031488,0.05143582820892334,0.01656162738800049,-0.07185968255735109,0.05143558979034424,0.016567707061767578,-0.07186808997660676,0.05145406723022461
29,12383500,3652,3652,0.0,source_order_runoff_first,0.7315330505371094,-0.009371638298034668,True,False,3652,0.7221614122390747,0.6509309947908155,0.8788453398515589,0.6892841458320618,0.8969156742095947,0.6592593193054199,3652,233728,-2.2827939987182617,0.0002267593099671413,0.014512595837897043,2.2827939987182617,-2.8147054763394408e-05,0.0,0.0,3652,0.7315330505371094,0.6635537844260815,0.8810191537539778,0.699439287185669,0.9067108035087585,0.6480453610420227,3652,233728,0.0,0.0,0.0,2.384185791015625e-07,0.0,0.00010481518984306604,0.00010481518984306604,3652,0.7314467430114746,0.6633989136420178,0.8810081297429174,0.6992916464805603,0.9066420197486877,0.6481495499610901,3652,233728,0.0,0.0,0.0,2.384185791015625e-07,0.0,0.00010481519711902365,0.00010328064672648907,3652,0.73094242811203,0.6627661377266416,0.8808407660190651,0.6987321376800537,0.9063761234283447,0.648757815361023,3652,233728,0.0,0.0,0.0,0.0,0.0,0.00010481519711902365,9.861205762717873e-05,3652,0.7309194803237915,0.6627128510438337,0.8808422413015397,0.6986786127090454,0.906354546546936,0.648785412311554,3652,233728,0.0,0.0,0.0,0.0,0.0,0.00010481518984306604,9.879370190901682e-05,-0.009371638298034668,-0.012622789635265974,-0.011213958263397217,-0.009285330772399902,-0.012467918851202242,-0.011109769344329834,-0.008781015872955322,-0.011835142935826104,-0.010501503944396973,-0.008758068084716797,-0.011781856253018197,-0.010473906993865967
29,12035000,3652,3652,0.0,et_first_stress,0.896095871925354,0.0210304856300354,True,True,3652,0.9171263575553894,0.8466108311452682,0.9632502432768821,0.8869075179100037,0.9031094312667847,2.494361400604248,3652,233728,-133.58680725097656,0.08369985624315443,1.0,8.410346031188965,-1.1523182392120361,0.0,0.0,3652,0.8959393501281738,0.8951629684820073,0.9473003617664991,0.9093717932701111,1.0002822875976562,2.7950809001922607,3652,233728,0.0,0.0,0.0,1.1920928955078125e-07,0.0,0.02315503917634487,0.02315503917634487,3652,0.8960756659507751,0.8950548786909137,0.9473825216303446,0.9091987609863281,0.9998782873153687,2.79325008392334,3652,233728,0.0,0.0,0.0,1.1920928955078125e-07,0.0,0.02315503917634487,0.022948188707232475,3652,0.8960956335067749,0.8950686747066268,0.9473931047926195,0.9092089533805847,0.9997110366821289,2.7929813861846924,3652,233728,0.0,0.0,0.0,0.0,0.0,0.02315503917634487,0.022838590666651726,3652,0.896095871925354,0.8950707190326732,0.9473931328704011,0.9092113375663757,0.9996991753578186,2.792978286743164,3652,233728,0.0,0.0,0.0,5.960464477539063e-08,0.0,0.02315503917634487,0.023101991042494774,0.021187007427215576,-0.04855213733673902,0.3007194995880127,0.021050691604614258,-0.04844404754564546,0.2988886833190918,0.021030724048614502,-0.048457843561358516,0.29861998558044434,0.0210304856300354,-0.04845988788740496,0.298616886138916
29,09404450,3652,3652,0.0,et_first_stress,0.042021095752716064,-0.1731664538383484,False,False,3652,-0.13114535808563232,0.46041010886495715,0.6294549011800545,1.339373230934143,1.1966707706451416,0.23695950210094452,3652,233728,-49.090145111083984,0.01819636500547645,0.9526286966046003,5.324310779571533,-0.5934381484985352,0.0,0.0,3652,0.04116237163543701,0.526197326433561,0.6966634876574144,1.3627158403396606,0.9697816371917725,0.21816620230674744,3652,233728,0.0,0.0,0.0,2.384185791015625e-07,0.0,0.03500373661518097,0.03500373661518097,3652,0.03752028942108154,0.5225729441177985,0.6966739247899713,1.3644859790802002,0.9445036053657532,0.21858015656471252,3652,233728,0.0,0.0,0.0,2.384185791015625e-07,0.0,0.03500373661518097,0.03493548184633255,3652,0.04188269376754761,0.522931003569181,0.6972237922627778,1.3612860441207886,0.9265575408935547,0.21808423101902008,3652,233728,0.0,0.0,0.0,0.0,0.0,0.03500373661518097,0.034888386726379395,3652,0.042021095752716064,0.5229788242356126,0.6972405115787698,1.3612059354782104,0.9264053702354431,0.21806849539279938,3652,233728,0.0,0.0,0.0,0.0,0.0,0.03500373661518097,0.03488856554031372,-0.17230772972106934,-0.06578721756860384,-0.018793299794197083,-0.16866564750671387,-0.062162835252841386,-0.018379345536231995,-0.17302805185317993,-0.06252089470422384,-0.01887527108192444,-0.1731664538383484,-0.06256871537065545,-0.01889100670814514
29,02300700,3652,3652,0.0,euclidean_simplex_projection,-0.39818131923675537,0.9755308628082275,True,True,3652,0.5773495435714722,0.7381853148889288,0.7785473072315591,0.9431794881820679,1.1275815963745117,2.823505401611328,3652,233728,-59.222660064697266,0.3300631503285871,1.0,17.10361671447754,-7.373091220855713,0.0,0.0,3652,-0.40221118927001953,-0.8556278776226629,0.7052938648312226,1.4634981155395508,2.7724764347076416,5.14285945892334,3652,233728,0.0,0.0,0.0,1.4901161193847656e-08,0.0,0.05916651338338852,0.05916609615087509,3652,-0.39840924739837646,-0.8539938934114955,0.705201398072171,1.4610730409622192,2.771383285522461,5.135882377624512,3652,233728,0.0,0.0,0.0,2.9802322387695312e-08,0.0,0.05916650593280792,0.058917537331581116,3652,-0.39818131923675537,-0.8538779183244363,0.7051981935271835,1.4609371423721313,2.771296739578247,5.135463714599609,3652,233728,0.0,0.0,0.0,0.0,0.0,0.05916650593280792,0.058900147676467896,3652,-0.39830756187438965,-0.8537884111514209,0.7050339618249106,1.4607185125350952,2.7712326049804688,5.135695457458496,3652,233728,0.0,0.0,0.0,1.4901161193847656e-08,0.0,0.05916650593280792,0.059143245220184326,0.9795607328414917,1.5938131925115917,2.3193540573120117,0.9757587909698486,1.5921792083004243,2.3123769760131836,0.9755308628082275,1.592063233213365,2.3119583129882812,0.9756571054458618,1.5919737260403497,2.312190055847168
29,06280300,3652,3652,0.0,euclidean_simplex_projection,0.805270791053772,0.06215858459472656,True,True,3652,0.8674293756484985,0.8157892193332393,0.9370745733208151,0.8559195399284363,0.9040061235427856,0.6128727793693542,3652,233728,-9.25656509399414,0.03579802163198247,0.5958378970427163,5.756999969482422,-0.0612809956073761,0.0,0.0,3652,0.8052455186843872,0.6661480148544487,0.9347026271410928,1.0912472009658813,1.3144317865371704,0.7428316473960876,3652,233728,0.0,0.0,0.0,0.0,0.0,0.012024099007248878,0.012024099007248878,3652,0.8052620887756348,0.6661812901490647,0.934703441955669,1.0912258625030518,1.3144028186798096,0.7428000569343567,3652,233728,0.0,0.0,0.0,0.0,0.0,0.012024099007248878,0.01202355045825243,3652,0.805270791053772,0.6662004318244283,0.9347032401608404,1.0912107229232788,1.3143868446350098,0.7427833676338196,3652,233728,0.0,0.0,0.0,0.0,0.0,0.012024099007248878,0.012019257992506027,3652,0.805270791053772,0.6662004305132951,0.9347032334582771,1.0912107229232788,1.3143868446350098,0.7427833676338196,3652,233728,0.0,0.0,0.0,0.0,0.0,0.012024099007248878,0.012023313902318478,0.06218385696411133,0.1496412044787906,0.1299588680267334,0.06216728687286377,0.14960792918417465,0.12992727756500244,0.06215858459472656,0.149588787508811,0.12991058826446533,0.06215858459472656,0.1495887888199442,0.12991058826446533
29,09513780,3652,3652,0.0,euclidean_simplex_projection,0.5616778135299683,0.02014756202697754,True,True,3652,0.5818253755569458,0.5845445281413908,0.7649905457132772,0.7088682651519775,1.180599331855774,1.1557668447494507,3652,233728,-7.752683162689209,0.5819414019715224,0.9923329682365827,7.752683162689209,-0.16715987026691437,0.0,0.0,3652,0.561676561832428,0.2989832172906275,0.7559806384562998,0.8390419483184814,1.637158989906311,1.1832833290100098,3652,233728,0.0,0.0,0.0,7.450580596923828e-09,0.0,0.06485316157341003,0.06485316157341003,3652,0.5616772174835205,0.29908661321451036,0.7559804152381965,0.8390423655509949,1.6370452642440796,1.183282494544983,3652,233728,0.0,0.0,0.0,7.450580596923828e-09,0.0,0.06485316157341003,0.06485289335250854,3652,0.5616778135299683,0.29911039575205334,0.7559805848266267,0.8390418887138367,1.6370190382003784,1.183281660079956,3652,233728,0.0,0.0,0.0,0.0,0.0,0.06485314667224884,0.064852774143219,3652,0.5616778135299683,0.2991103956809259,0.7559805846223292,0.8390418887138367,1.6370190382003784,1.183281660079956,3652,233728,0.0,0.0,0.0,1.1641532182693481e-10,0.0,0.06485316157341003,0.06485282629728317,0.020148813724517822,0.2855613108507633,0.027516484260559082,0.020148158073425293,0.28545791492688044,0.027515649795532227,0.02014756202697754,0.28543413238933746,0.02751481533050537,0.02014756202697754,0.2854341324604649,0.02751481533050537
29,03455500,3652,3652,0.0,et_first_stress,-0.0024617910385131836,0.5716755390167236,True,True,3652,0.5692137479782104,0.7304475664265625,0.7722640647138171,0.9140030145645142,1.1157556772232056,2.7407352924346924,3652,233728,-165.96055603027344,0.07225492880613363,0.8984118291347207,25.48170280456543,-3.4384799003601074,0.0,0.0,3652,-0.017391562461853027,0.17151359108393582,0.71765508723303,1.2000055313110352,1.7527741193771362,4.211921215057373,3652,233728,0.0,0.0,0.0,2.384185791015625e-07,0.0,0.03840167075395584,0.03840166702866554,3652,-0.005278587341308594,0.18285198653431145,0.718429548243874,1.19918692111969,1.7407925128936768,4.18677282333374,3652,233728,0.0,0.0,0.0,2.384185791015625e-07,0.0,0.03840167075395584,0.03784525394439697,3652,-0.002628922462463379,0.1860004686349932,0.7185101299872071,1.199501395225525,1.737263798713684,4.181251525878906,3652,233728,0.0,0.0,0.0,0.0,0.0,0.03840167075395584,0.03769826889038086,3652,-0.0024617910385131836,0.18628483809399055,0.718488151168841,1.1995434761047363,1.736930012702942,4.180903434753418,3652,233728,0.0,0.0,0.0,5.960464477539063e-08,0.0,0.03840167075395584,0.03771378844976425,0.5866053104400635,0.5589339753426267,1.4711859226226807,0.574492335319519,0.547595579892251,1.4460375308990479,0.5718426704406738,0.5444470977915693,1.4405162334442139,0.5716755390167236,0.544162728332572,1.4401681423187256
29,09047700,3652,3652,0.0,euclidean_simplex_projection,-1.880450963973999,2.64246666431427,True,True,3652,0.762015700340271,0.8365590889450987,0.8984151337897841,1.1020232439041138,1.0773608684539795,0.353387713432312,3652,233728,-35.7568244934082,0.04856499863088719,1.0,7.9294562339782715,-0.5200849771499634,0.0,0.0,3652,-1.8804891109466553,-0.7164469741116959,0.8614133396934655,2.129298210144043,2.285172939300537,1.229448676109314,3652,233728,0.0,0.0,0.0,0.0,0.0,0.034530408680438995,0.034530408680438995,3652,-1.880467176437378,-0.716439108726888,0.8614135549762737,2.1292941570281982,2.285166025161743,1.2294440269470215,3652,233728,0.0,0.0,0.0,0.0,0.0,0.034530408680438995,0.03453035280108452,3652,-1.880450963973999,-0.7164338046875101,0.8614134433918512,2.1292898654937744,2.2851626873016357,1.2294405698776245,3652,233728,0.0,0.0,0.0,0.0,0.0,0.034530408680438995,0.03453031927347183,3652,-1.880450963973999,-0.7164336311137147,0.86141344270413,2.1292898654937744,2.2851624488830566,1.2294405698776245,3652,233728,0.0,0.0,0.0,0.0,0.0,0.034530408680438995,0.03453031927347183,2.6425048112869263,1.5530060630567946,0.876060962677002,2.642482876777649,1.5529981976719867,0.8760563135147095,2.64246666431427,1.5529928936326087,0.8760528564453125,2.64246666431427,1.5529927200588134,0.8760528564453125
29,12411000,3652,3652,0.0,euclidean_simplex_projection,0.5359675884246826,0.24316620826721191,True,True,3652,0.7791337966918945,0.7589142674982954,0.8884794072086368,0.7980137467384338,0.9300926327705383,1.2404009103775024,3652,233728,-272.7508239746094,0.10225989184008763,1.0,5.819945335388184,-1.2117623090744019,0.0,0.0,3652,0.5251222252845764,0.36280673537135477,0.8372289177779946,0.9602684378623962,1.6147700548171997,1.8188142776489258,3652,233728,0.0,0.0,0.0,2.384185791015625e-07,0.0,0.05535990744829178,0.055341508239507675,3652,0.5340271592140198,0.38242156965059926,0.8365701146252789,0.9616362452507019,1.5943248271942139,1.801680326461792,3652,233728,0.0,0.0,0.0,2.384185791015625e-07,0.0,0.05535990744829178,0.052077196538448334,3652,0.5359675884246826,0.3855106314302845,0.8367711270218763,0.9617652893066406,1.5911781787872314,1.7979251146316528,3652,233728,0.0,0.0,0.0,0.0,0.0,0.05535990744829178,0.05196060612797737,3652,0.5358754396438599,0.3874050215043433,0.8359440495018334,0.9603700637817383,1.5888868570327759,1.7981035709381104,3652,233728,0.0,0.0,0.0,1.1920928955078125e-07,0.0,0.05535990744829178,0.05484073981642723,0.2540115714073181,0.3961075321269406,0.5784133672714233,0.24510663747787476,0.3764926978476961,0.5612794160842896,0.24316620826721191,0.37340363606801086,0.5575242042541504,0.24325835704803467,0.3715092459939521,0.5577026605606079
29,14138870,3652,3652,0.0,et_first_stress,0.6779063940048218,0.15611445903778076,True,True,3652,0.8340208530426025,0.8540956958896286,0.9289959027165611,1.0815389156341553,1.0979688167572021,2.9034621715545654,3652,233728,-147.45928955078125,0.28346197289156627,1.0,13.490883827209473,-3.291246175765991,0.0,0.0,3652,0.6770390272140503,0.5771696281485796,0.907401189231083,1.1470304727554321,1.3854776620864868,4.0500874519348145,3652,233728,0.0,0.0,0.0,2.384185791015625e-07,0.0,0.038510970771312714,0.038510970771312714,3652,0.6776379942893982,0.5782839019316579,0.9074163531984446,1.1470214128494263,1.384262204170227,4.046329975128174,3652,233728,0.0,0.0,0.0,2.384185791015625e-07,0.0,0.038510970771312714,0.0383589081466198,3652,0.6778934001922607,0.5788645368784784,0.9074043005511665,1.1470582485198975,1.3836078643798828,4.044726848602295,3652,233728,0.0,0.0,0.0,0.0,0.0,0.038510970771312714,0.03821582347154617,3652,0.6779063940048218,0.5788900498899877,0.9074055416961393,1.1470664739608765,1.3835769891738892,4.044644832611084,3652,233728,0.0,0.0,0.0,5.960464477539063e-08,0.0,0.038510970771312714,0.03835824504494667,0.15698182582855225,0.276926067741049,1.146625280380249,0.15638285875320435,0.27581179395797073,1.1428678035736084,0.1561274528503418,0.27523115901115025,1.1412646770477295,0.15611445903778076,0.2752056459996409,1.1411826610565186
29,01434025,3652,3652,0.0,et_first_stress,0.24087369441986084,0.31911253929138184,True,True,3652,0.5599862337112427,0.7145183048016749,0.7553722483456802,0.8565187454223633,1.032713770866394,3.3134891986846924,3652,233728,-122.10809326171875,0.11969040936473166,0.9909638554216867,12.50471019744873,-6.12495231628418,0.0,0.0,3652,0.2366628646850586,0.38088504233520004,0.6856281698610958,1.0543956756591797,1.530579686164856,4.364260196685791,3652,233728,0.0,0.0,0.0,1.1920928955078125e-07,0.0,0.03464173525571823,0.03464173525571823,3652,0.24036920070648193,0.38442179688883493,0.6855726495248627,1.0511000156402588,1.5267454385757446,4.353652000427246,3652,233728,0.0,0.0,0.0,1.1920928955078125e-07,0.0,0.03464173525571823,0.03446342423558235,3652,0.24086695909500122,0.3849064809495363,0.6855820109591934,1.0507065057754517,1.526222586631775,4.352225303649902,3652,233728,0.0,0.0,0.0,0.0,0.0,0.03464173525571823,0.034414637833833694,3652,0.24087369441986084,0.384911712854371,0.6855810028423052,1.0506973266601562,1.526216745376587,4.352206230163574,3652,233728,0.0,0.0,0.0,5.960464477539063e-08,0.0,0.03464173525571823,0.034448616206645966,0.3233233690261841,0.33363326246647484,1.0507709980010986,0.31961703300476074,0.33009650791283995,1.0401628017425537,0.31911927461624146,0.3296118238521386,1.03873610496521,0.31911253929138184,0.3296065919473039,1.0387170314788818
29,08158810,3652,3652,0.0,et_first_stress,-0.02684915065765381,0.52553790807724,False,True,3652,0.4986887574195862,0.4666514612392071,0.724765720508536,0.565656304359436,0.8583938479423523,1.6269898414611816,3652,233728,-64.56886291503906,0.58898805449069,0.9912376779846659,10.710073471069336,-2.3791391849517822,0.0,0.0,3652,-0.03411054611206055,-1.2989629718208842,0.6893942033237418,1.1121824979782104,3.2751197814941406,2.3367626667022705,3652,233728,0.0,0.0,0.0,1.1920928955078125e-07,0.0,0.05626619607210159,0.05626619607210159,3652,-0.030167460441589355,-1.2816662879021665,0.6893235520792069,1.1133395433425903,3.257572889328003,2.332303285598755,3652,233728,0.0,0.0,0.0,5.960464477539063e-08,0.0,0.05626619607210159,0.056096360087394714,3652,-0.02798449993133545,-1.2726200944501138,0.6893191826069859,1.1138659715652466,3.2484025955200195,2.3298308849334717,3652,233728,0.0,0.0,0.0,0.0,0.0,0.05626619607210159,0.056035757064819336,3652,-0.02684915065765381,-1.2684798181957664,0.6893193568724323,1.1139451265335083,3.244213581085205,2.3285439014434814,3652,233728,0.0,0.0,0.0,1.1920928955078125e-07,0.0,0.05626619607210159,0.05609414726495743,0.5327993035316467,1.7656144330600911,0.7097728252410889,0.5288562178611755,1.7483177491413735,0.7053134441375732,0.5266732573509216,1.7392715556893208,0.70284104347229,0.52553790807724,1.7351312794349734,0.7015540599822998
29,02363000,3652,3652,0.0,et_first_stress,-1.264700174331665,2.081919550895691,True,True,3652,0.8172193765640259,0.8253947990076619,0.9111431314442145,0.9857663512229919,1.14962899684906,0.7464967966079712,3652,233728,-232.23294067382812,0.2708447426067908,0.9975355969331873,15.637773513793945,-0.56732577085495,0.0,0.0,3652,-1.4804332256317139,-1.2113526391451668,0.8024364166660646,1.6042355298995972,3.1180057525634766,2.7499618530273438,3652,233728,0.0,0.0,0.0,2.384185791015625e-07,0.0,0.06844063848257065,0.0684404969215393,3652,-1.321164846420288,-1.1295107061465552,0.8045386316719777,1.57417893409729,3.0413057804107666,2.660209894180298,3652,233728,0.0,0.0,0.0,1.1920928955078125e-07,0.0,0.06844063848257065,0.06743928790092468,3652,-1.2986414432525635,-1.1186114678047163,0.8045158911429716,1.5678619146347046,3.0317070484161377,2.6472716331481934,3652,233728,0.0,0.0,0.0,0.0,0.0,0.06844063848257065,0.06732011586427689,3652,-1.264700174331665,-1.1025804206441223,0.8045880646715156,1.5579246282577515,3.017765760421753,2.627654552459717,3652,233728,0.0,0.0,0.0,0.0,0.0,0.06844063848257065,0.06743191927671432,2.2976526021957397,2.0367474381528288,2.0034650564193726,2.138384222984314,1.9549055051542172,1.9137130975723267,2.1158608198165894,1.9440062668123783,1.9007748365402222,2.081919550895691,1.9279752196517843,1.8811577558517456
29,10259000,3652,3652,0.0,euclidean_simplex_projection,0.7784296274185181,-0.022596359252929688,True,False,3652,0.7558332681655884,0.6550291922263209,0.8756932860744268,0.8198627829551697,1.26665198802948,0.3217424154281616,3652,233728,-3.7259514331817627,0.25594280531215774,0.3603504928806134,3.7259511947631836,-0.0010370209347456694,0.0,0.0,3652,0.778428316116333,0.6405987806295562,0.8891254110302835,0.8475700616836548,1.3060084581375122,0.3064941465854645,3652,233728,0.0,0.0,0.0,7.450580596923828e-09,0.0,0.0006534455460496247,0.0006534455460496247,3652,0.7784293293952942,0.6406078443406978,0.8891255847327,0.8475702404975891,1.3059979677200317,0.30649346113204956,3652,233728,0.0,0.0,0.0,3.725290298461914e-09,0.0,0.0006534455460496247,0.0006534105050377548,3652,0.7784296274185181,0.6406097757473673,0.8891256797931878,0.8475701808929443,1.3059957027435303,0.30649325251579285,3652,233728,0.0,0.0,0.0,0.0,0.0,0.0006534455460496247,0.0006534024141728878,3652,0.7784296274185181,0.6406097757472671,0.8891256797928627,0.8475701808929443,1.3059957027435303,0.30649325251579285,3652,233728,0.0,0.0,0.0,0.0,0.0,0.0006534455460496247,0.0006534024141728878,-0.02259504795074463,0.014430411596764725,-0.015248268842697144,-0.02259606122970581,0.014421347885623104,-0.01524895429611206,-0.022596359252929688,0.014419416478953617,-0.015249162912368774,-0.022596359252929688,0.01441941647905387,-0.015249162912368774
29,04024430,3652,3652,0.0,et_first_stress,-1.088174819946289,1.838898777961731,True,True,3652,0.7507239580154419,0.7430304278051587,0.9019074861509596,1.1333141326904297,1.1965669393539429,0.723950207233429,3652,233728,-33.065277099609375,0.21714129244249727,1.0,6.8109636306762695,-1.1771925687789917,0.0,0.0,3652,-1.3391146659851074,-1.1889558625574628,0.7441715128079384,1.683796763420105,3.0636136531829834,2.217656135559082,3652,233728,0.0,0.0,0.0,5.960464477539063e-08,0.0,0.0273880772292614,0.0273880772292614,3652,-1.1272633075714111,-1.0800493513353175,0.754868984926256,1.6392287015914917,2.9641544818878174,2.1148476600646973,3652,233728,0.0,0.0,0.0,5.960464477539063e-08,0.0,0.0273880772292614,0.026382772251963615,3652,-1.1025583744049072,-1.0676860346718073,0.7560128019994736,1.6331093311309814,2.9531943798065186,2.1025314331054688,3652,233728,0.0,0.0,0.0,0.0,0.0,0.027388079091906548,0.026279639452695847,3652,-1.088174819946289,-1.0605931720760875,0.7563726051246819,1.6287603378295898,2.947139024734497,2.095327377319336,3652,233728,0.0,0.0,0.0,2.9802322387695312e-08,0.0,0.027388080954551697,0.02633553557097912,2.0898386240005493,1.9319862903626215,1.493705928325653,1.877987265586853,1.8230797791404763,1.3908974528312683,1.8532823324203491,1.810716462476966,1.3785812258720398,1.838898777961731,1.8036235998812462,1.371377170085907
47,03364500,3652,3652,0.0,et_first_stress,-0.03441762924194336,0.6955123543739319,True,True,3652,0.6610947251319885,0.6645996901653524,0.8184251366741104,0.730940043926239,0.9155566692352295,2.0193607807159424,3652,233728,-187.2075653076172,0.2652955572289157,1.0,8.685179710388184,-10.084695816040039,0.0,0.0,3652,-0.03488051891326904,-0.1560417033982593,0.7061840603476603,1.306044578552246,2.0753796100616455,3.5287415981292725,3652,233728,0.0,0.0,0.0,4.76837158203125e-07,0.0,0.045254021883010864,0.045254021883010864,3652,-0.03460550308227539,-0.15511768801892534,0.7061948914815613,1.3061106204986572,2.0743703842163086,3.5282726287841797,3652,233728,0.0,0.0,0.0,4.76837158203125e-07,0.0,0.045254021883010864,0.04505528509616852,3652,-0.03441774845123291,-0.1547208591227569,0.7062022380917228,1.306082010269165,2.073953866958618,3.5279524326324463,3652,233728,0.0,0.0,0.0,0.0,0.0,0.045254021883010864,0.04500582441687584,3652,-0.03441762924194336,-0.15472060252290287,0.7062022322303683,1.306082010269165,2.073953628540039,3.527952194213867,3652,233728,0.0,0.0,0.0,1.4901161193847656e-08,0.0,0.045254021883010864,0.04522420093417168,0.6959752440452576,0.8206413935636117,1.50938081741333,0.6957002282142639,0.8197173781842777,1.5089118480682373,0.6955124735832214,0.8193205492881093,1.508591651916504,0.6955123543739319,0.8193202926882552,1.5085914134979248
47,11230500,3652,3652,0.0,euclidean_simplex_projection,0.7202584147453308,0.004307925701141357,True,True,3652,0.7245663404464722,0.7782976574612277,0.8844630183272704,1.1034611463546753,1.1584264039993286,1.351604700088501,3652,233728,-7.872968673706055,0.0017370618838992334,0.08433734939759036,7.872968673706055,-0.0010804382618516684,0.0,0.0,3652,0.7202459573745728,0.7540793672989948,0.8862332039430147,1.1136491298675537,1.1860589981079102,1.36216402053833,3652,233728,0.0,0.0,0.0,1.1920928955078125e-07,0.0,0.0008179271244443953,0.0008179271244443953,3652,0.7202541828155518,0.7540938704173188,0.8862352260601266,1.1136459112167358,1.1860430240631104,1.362143874168396,3652,233728,0.0,0.0,0.0,2.9802322387695312e-08,0.0,0.0008179271826520562,0.0008172117522917688,3652,0.7202584147453308,0.754110906128838,0.8862354957878841,1.1136448383331299,1.186021327972412,1.3621336221694946,3652,233728,0.0,0.0,0.0,0.0,0.0,0.0008179271244443953,0.000815936247818172,3652,0.7202584147453308,0.754110906131044,0.8862354957926522,1.1136448383331299,1.186021327972412,1.3621336221694946,3652,233728,0.0,0.0,0.0,0.0,0.0,0.0008179271244443953,0.0008169868378899992,0.004320383071899414,0.02421829016223287,0.010559320449829102,0.00431215763092041,0.02420378704390891,0.01053917407989502,0.004307925701141357,0.024186751332389678,0.010528922080993652,0.004307925701141357,0.024186751330183665,0.010528922080993652
47,11151300,3652,3652,0.0,et_first_stress,-11.219843864440918,11.566471099853516,False,True,3652,0.34662723541259766,0.43977580708253616,0.6574732625912952,0.9419183135032654,1.439491868019104,0.1791231781244278,3652,233728,-18.975156784057617,0.7457386363636364,1.0,5.568138599395752,-0.4694857597351074,0.0,0.0,3652,-11.238611221313477,-10.647242805337317,0.5954327200060683,3.49796199798584,12.369027137756348,0.7752420902252197,3652,233728,0.0,0.0,0.0,2.9802322387695312e-08,0.0,0.09513913840055466,0.09513913840055466,3652,-11.225844383239746,-10.640179427635005,0.5953903163324851,3.496372938156128,12.362138748168945,0.7748376131057739,3652,233728,0.0,0.0,0.0,1.4901161193847656e-08,0.0,0.09513913840055466,0.09512826055288315,3652,-11.219905853271484,-10.638290959751382,0.5953303061875482,3.495443105697632,12.360405921936035,0.774649441242218,3652,233728,0.0,0.0,0.0,0.0,0.0,0.09513913840055466,0.09512098133563995,3652,-11.219843864440918,-10.638281650960277,0.5953305442610733,3.4954333305358887,12.360398292541504,0.7746474146842957,3652,233728,0.0,0.0,0.0,1.862645149230957e-09,0.0,0.09513912349939346,0.09513451159000397,11.585238456726074,11.087018612419854,0.5961189121007919,11.572471618652344,11.079955234717541,0.5957144349813461,11.566533088684082,11.078066766833919,0.5955262631177902,11.566471099853516,11.078057458042814,0.5955242365598679
47,07208500,3652,3652,0.0,et_first_stress,-1.0455729961395264,1.7456198930740356,True,True,3652,0.7000468969345093,0.7099931990125716,0.8884438670331418,1.1563698053359985,1.217273235321045,0.14569665491580963,3652,233728,-11.349785804748535,0.04355490142387733,0.9564622124863089,4.626773357391357,-0.022301917895674706,0.0,0.0,3652,-1.077275037765503,-0.6805255447269252,0.8108348418496774,1.7705937623977661,2.481407403945923,0.38341569900512695,3652,233728,0.0,0.0,0.0,4.76837158203125e-07,0.0,0.04571821540594101,0.04571821540594101,3652,-1.0579330921173096,-0.6699214991079405,0.81184629311807,1.7685635089874268,2.47055983543396,0.3816264867782593,3652,233728,0.0,0.0,0.0,2.384185791015625e-07,0.0,0.04571821540594101,0.04569091647863388,3652,-1.045612096786499,-0.6636385748632678,0.8122343599977797,1.7661495208740234,2.464736223220825,0.38048237562179565,3652,233728,0.0,0.0,0.0,0.0,0.0,0.04571821913123131,0.04567677900195122,3652,-1.0455729961395264,-0.6636110834550599,0.812234776642019,1.7661464214324951,2.4647066593170166,0.38047873973846436,3652,233728,0.0,0.0,0.0,0.0,0.0,0.04571821913123131,0.045676808804273605,1.7773219347000122,1.3905187437394968,0.23771904408931732,1.7579799890518188,1.3799146981205122,0.23592983186244965,1.7456589937210083,1.3736317738758395,0.23478572070598602,1.7456198930740356,1.3736042824676316,0.23478208482265472
47,12092000,3652,3652,0.0,source_order_runoff_first,0.7440166473388672,-0.021115422248840332,True,False,3652,0.7229012250900269,0.6585116052789994,0.8814160435533825,0.7041010856628418,0.8775418400764465,2.293631076812744,3652,233728,-7.13835334777832,0.02962417853231106,0.8099671412924425,7.138352870941162,-0.036130115389823914,0.0,0.0,3652,0.7440166473388672,0.6861264148073356,0.8845808036906498,0.7222673892974854,0.9102245569229126,2.204509973526001,3652,233728,0.0,0.0,0.0,2.384185791015625e-07,0.0,0.005433172453194857,0.005433172453194857,3652,0.7439610958099365,0.6860541858707496,0.884565006882666,0.7222086787223816,0.9101739525794983,2.204749345779419,3652,233728,0.0,0.0,0.0,1.1920928955078125e-07,0.0,0.005433172453194857,0.005201457068324089,3652,0.7439247965812683,0.6860014118214683,0.8845556649430452,0.7221621870994568,0.9101452827453613,2.2049057483673096,3652,233728,0.0,0.0,0.0,0.0,0.0,0.005433172453194857,0.004998766351491213,3652,0.7439247965812683,0.6860014118287312,0.8845556649627992,0.7221621870994568,0.9101452827453613,2.2049057483673096,3652,233728,0.0,0.0,0.0,2.384185791015625e-07,0.0,0.005433172453194857,0.005426671355962753,-0.021115422248840332,-0.02761480952833617,-0.08912110328674316,-0.021059870719909668,-0.027542580591750188,-0.0888817310333252,-0.021023571491241455,-0.02748980654246891,-0.08872532844543457,-0.021023571491241455,-0.027489806549731766,-0.08872532844543457
47,06350000,3652,3652,0.0,et_first_stress,-9.585065841674805,9.81555300951004,False,True,3652,0.2304871678352356,0.20716526955480807,0.4847700546235958,0.4204443395137787,0.8349536657333374,0.37196898460388184,3652,233728,-33.524288177490234,0.7309479394852135,0.9994523548740416,7.332326889038086,-0.010506300255656242,0.0,0.0,3652,-9.587139129638672,-14.065970168730857,0.17068104661163574,2.725055694580078,15.943890571594238,1.3797109127044678,3652,233728,0.0,0.0,0.0,1.1920928955078125e-07,0.0,0.08972079306840897,0.08972079306840897,3652,-9.585371971130371,-14.064320639747452,0.1706805023659681,2.7248423099517822,15.942252159118652,1.3795957565307617,3652,233728,0.0,0.0,0.0,1.1920928955078125e-07,0.0,0.08972080051898956,0.08971953392028809,3652,-9.585066795349121,-14.063891644045249,0.17067760579227514,2.7248141765594482,15.94182300567627,1.3795759677886963,3652,233728,0.0,0.0,0.0,0.0,0.0,0.08972080051898956,0.08971914649009705,3652,-9.585065841674805,-14.063890630958765,0.1706776084877851,2.7248141765594482,15.941822052001953,1.3795757293701172,3652,233728,0.0,0.0,0.0,0.0,0.0,0.08972079306840897,0.08971918374300003,9.817626297473907,14.273135438285665,1.007741928100586,9.815859138965607,14.27148590930226,1.0076267719268799,9.815553963184357,14.271056913600058,1.0076069831848145,9.81555300951004,14.271055900513574,1.0076067447662354
47,11475560,3652,3652,0.0,euclidean_simplex_projection,0.7320497035980225,0.01437985897064209,True,True,3652,0.7464295625686646,0.6400273425312171,0.8891065162549641,0.6896132826805115,0.8552829027175903,3.928166151046753,3652,233728,-65.32547760009766,0.46628131845564075,1.0,26.458791732788086,-0.5187906622886658,0.0,0.0,3652,0.731879472732544,0.6488356742214656,0.8768781641964278,0.6914384961128235,1.113785743713379,4.039294719696045,3652,233728,0.0,0.0,0.0,2.384185791015625e-07,0.0,0.07275006175041199,0.07275006175041199,3652,0.7320078611373901,0.6491630103294372,0.8769297348692129,0.6914904117584229,1.1129696369171143,4.038327693939209,3652,233728,0.0,0.0,0.0,2.384185791015625e-07,0.0,0.07275006175041199,0.06851840764284134,3652,0.7320497035980225,0.6492675942056527,0.8769597148836601,0.6914365291595459,1.1125295162200928,4.038012981414795,3652,233728,0.0,0.0,0.0,0.0,0.0,0.07275006175041199,0.06848908215761185,3652,0.7320497035980225,0.64926772327773,0.8769597724707173,0.6914363503456116,1.112528681755066,4.038012504577637,3652,233728,0.0,0.0,0.0,1.862645149230957e-09,0.0,0.07275006175041199,0.07268127799034119,0.014550089836120605,-0.008808331690248528,0.11112856864929199,0.014421701431274414,-0.00913566779822017,0.11016154289245605,0.01437985897064209,-0.009240251674435651,0.10984683036804199,0.01437985897064209,-0.0092403807465129,0.10984635353088379
47,08190500,3652,3652,0.0,et_first_stress,-82.14934539794922,82.40191638469696,False,True,3652,0.2525709867477417,0.4676126956477885,0.6917090372869321,1.1652647256851196,1.401348352432251,0.31718140840530396,3652,233728,-17.83177947998047,0.7871500205366923,1.0,10.778011322021484,-0.064607173204422,0.0,0.0,3652,-82.19136047363281,-36.705010643857904,0.5226816141967937,8.80829906463623,37.88455581665039,3.3462767601013184,3652,233728,0.0,0.0,0.0,2.9802322387695312e-08,0.0,0.11962190270423889,0.11962190270423889,3652,-82.1603775024414,-36.689499648021034,0.5226804592230069,8.807133674621582,37.86894607543945,3.345653533935547,3652,233728,0.0,0.0,0.0,0.0,0.0,0.11962190270423889,0.11961136758327484,3652,-82.14935302734375,-36.685199619292085,0.5226819611631058,8.806663513183594,37.86465072631836,3.3454318046569824,3652,233728,0.0,0.0,0.0,0.0,0.0,0.11962190270423889,0.11957836896181107,3652,-82.14934539794922,-36.685196177468534,0.5226819739317781,8.806662559509277,37.864646911621094,3.3454318046569824,3652,233728,0.0,0.0,0.0,0.0,0.0,0.11962190270423889,0.11961042135953903,82.44393146038055,37.17262333950569,3.0290953516960144,82.41294848918915,37.15711234366882,3.028472125530243,82.40192401409149,37.15281231493987,3.0282503962516785,82.40191638469696,37.15280887311632,3.0282503962516785
47,11522500,3652,3652,0.0,euclidean_simplex_projection,0.7622534036636353,-0.012083709239959717,True,False,3652,0.7501696944236755,0.6865499361973635,0.8828751882402808,0.744564950466156,0.8611271977424622,1.4552818536758423,3652,233728,-12.748732566833496,0.2982997330230011,1.0,8.553906440734863,-0.40919265151023865,0.0,0.0,3652,0.7622520923614502,0.7414827186153798,0.8800615996156499,0.7833063006401062,1.074093222618103,1.419655203819275,3652,233728,0.0,0.0,0.0,2.3283064365386963e-10,0.0,0.015406099148094654,0.015406099148094654,3652,0.7622531652450562,0.7414849659708125,0.8800618777588981,0.7833063006401062,1.0740858316421509,1.4196521043777466,3652,233728,0.0,0.0,0.0,1.1641532182693481e-10,0.0,0.015406099148094654,0.01540584396570921,3652,0.7622534036636353,0.7414854436690717,0.8800619328797045,0.7833042740821838,1.0740783214569092,1.4196513891220093,3652,233728,0.0,0.0,0.0,0.0,0.0,0.015406099148094654,0.015404116362333298,3652,0.7622534036636353,0.7414854439410796,0.8800619334659906,0.7833042740821838,1.0740783214569092,1.4196513891220093,3652,233728,0.0,0.0,0.0,2.3283064365386963e-10,0.0,0.015406099148094654,0.015405604615807533,-0.012082397937774658,-0.05493278241801636,-0.03562664985656738,-0.012083470821380615,-0.054935029773448996,-0.0356297492980957,-0.012083709239959717,-0.05493550747170817,-0.03563046455383301,-0.012083709239959717,-0.05493550774371614,-0.03563046455383301
47,12383500,3652,3652,0.0,source_order_runoff_first,0.6977128386497498,0.0006274580955505371,True,True,3652,0.6983402967453003,0.6291388120108629,0.8684294394794774,0.6725353598594666,0.8860082626342773,0.6869396567344666,3652,233728,-0.7644187808036804,0.012912445235487404,0.8168127053669222,0.7644187808036804,0.0,0.0,0.0,3652,0.6977128386497498,0.6291815612731312,0.8686136248107786,0.6742865443229675,0.881026566028595,0.6876537799835205,3652,233728,0.0,0.0,0.0,1.1920928955078125e-07,0.0,0.0002425932907499373,0.0002425932907499373,3652,0.6977126598358154,0.6291812759844015,0.8686136631482785,0.6742862462997437,0.8810264468193054,0.6876539587974548,3652,233728,0.0,0.0,0.0,5.960464477539063e-08,0.0,0.0002425933489575982,0.00023682219034526497,3652,0.6977124214172363,0.629180613735964,0.8686137539975738,0.6742856502532959,0.8810259103775024,0.6876542568206787,3652,233728,0.0,0.0,0.0,0.0,0.0,0.0002425933489575982,0.00018372404156252742,3652,0.6977124214172363,0.6291806137456804,0.8686137540249969,0.6742856502532959,0.8810259103775024,0.6876542568206787,3652,233728,0.0,0.0,0.0,1.1920928955078125e-07,0.0,0.0002425932907499373,0.00024257824406959116,0.0006274580955505371,-4.274926226832676e-05,0.0007141232490539551,0.0006276369094848633,-4.2463973538686695e-05,0.0007143020629882812,0.0006278753280639648,-4.1801725101153764e-05,0.0007146000862121582,0.0006278753280639648,-4.180173481749261e-05,0.0007146000862121582
47,12035000,3652,3652,0.0,euclidean_simplex_projection,0.8846995830535889,0.027644991874694824,True,True,3652,0.9123445749282837,0.8459305876496173,0.9603661150225112,0.9020328521728516,0.8878885507583618,2.5653140544891357,3652,233728,-22.182029724121094,0.17277348028477546,1.0,22.182029724121094,-2.1983933448791504,0.0,0.0,3652,0.8846982717514038,0.8293533368057435,0.9468536232555786,0.8388816714286804,1.0183475017547607,2.942178726196289,3652,233728,0.0,0.0,0.0,4.76837158203125e-07,0.0,0.05430407449603081,0.05430407449603081,3652,0.8846994638442993,0.8293562256739164,0.9468539807808793,0.8388837575912476,1.018339991569519,2.9421634674072266,3652,233728,0.0,0.0,0.0,1.1920928955078125e-07,0.0,0.05430407449603081,0.04489540308713913,3652,0.8846995830535889,0.8293561901364368,0.9468540701163894,0.838883638381958,1.0183395147323608,2.9421615600585938,3652,233728,0.0,0.0,0.0,0.0,0.0,0.05430407449603081,0.044754236936569214,3652,0.8846995830535889,0.829356245308708,0.946854072027717,0.8388836979866028,1.0183395147323608,2.9421615600585938,3652,233728,0.0,0.0,0.0,1.1920928955078125e-07,0.0,0.05430407449603081,0.05430328845977783,0.027646303176879883,0.016577250843873736,0.3768646717071533,0.027645111083984375,0.016574361975700835,0.3768494129180908,0.027644991874694824,0.01657439751318046,0.376847505569458,0.027644991874694824,0.016574342340909265,0.376847505569458
47,09404450,3652,3652,0.0,et_first_stress,-14.33092212677002,14.811545491218567,False,True,3652,0.48062336444854736,0.720987527357924,0.72935084402241,0.9527365565299988,1.048612356185913,0.16056694090366364,3652,233728,-71.53076171875,0.06208498767798466,0.9989047097480832,5.069175720214844,-0.044645462185144424,0.0,0.0,3652,-14.350027084350586,-3.0637835466987955,0.6671115805530008,3.7316691875457764,3.9902350902557373,0.8729100823402405,3652,233728,0.0,0.0,0.0,1.4901161193847656e-08,0.0,0.07464964687824249,0.07464964687824249,3652,-14.3352689743042,-3.0613654874371825,0.6671881796247968,3.7308404445648193,3.9877142906188965,0.8724903464317322,3652,233728,0.0,0.0,0.0,1.4901161193847656e-08,0.0,0.07464964687824249,0.07464279234409332,3652,-14.33092975616455,-3.0606827267364674,0.6671764161061515,3.730461359024048,3.987131357192993,0.8723669052124023,3652,233728,0.0,0.0,0.0,0.0,0.0,0.07464964687824249,0.0746392011642456,3652,-14.33092212677002,-3.060681950915881,0.6671765690984247,3.7304608821868896,3.987130641937256,0.8723666667938232,3652,233728,0.0,0.0,0.0,0.0,0.0,0.07464964687824249,0.07464127987623215,14.830650448799133,3.7847710740567195,0.7123431414365768,14.815892338752747,3.7823530147951065,0.7119234055280685,14.811553120613098,3.7816702540943914,0.7117999643087387,14.811545491218567,3.781669478273805,0.7117997258901596
47,02300700,3652,3652,0.0,euclidean_simplex_projection,0.013029158115386963,0.6240477561950684,True,True,3652,0.6370769143104553,0.700768222057126,0.8005613891520088,0.8378943800926208,1.1532503366470337,2.6164066791534424,3652,233728,-25.22769546508789,0.424450643483023,1.0,23.344249725341797,-1.6630648374557495,0.0,0.0,3652,-0.07416689395904541,-0.8769128960343957,0.7332699533455834,1.2443491220474243,2.8417248725891113,4.501256942749023,3652,233728,0.0,0.0,0.0,1.1920928955078125e-07,0.0,0.04445548728108406,0.044446997344493866,3652,0.002209305763244629,-0.7808803999704002,0.7342744577447196,1.2040506601333618,2.749082088470459,4.33828067779541,3652,233728,0.0,0.0,0.0,1.1920928955078125e-07,0.0,0.04445548728108406,0.04144797846674919,3652,0.013029158115386963,-0.769249254321442,0.7342985650781485,1.196759819984436,2.7380826473236084,4.314694881439209,3652,233728,0.0,0.0,0.0,0.0,0.0,0.04445548728108406,0.041239771991968155,3652,0.009841680526733398,-0.7660568910551198,0.7299572429393333,1.1902254819869995,2.734891414642334,4.321656703948975,3652,233728,0.0,0.0,0.0,1.1920928955078125e-07,0.0,0.04445548728108406,0.042441606521606445,0.7112438082695007,1.5776811180915216,1.884850263595581,0.6348676085472107,1.4816486220275262,1.7218739986419678,0.6240477561950684,1.470017476378568,1.6982882022857666,0.6272352337837219,1.4668251131122458,1.7052500247955322
47,06280300,3652,3652,0.0,et_first_stress,0.8430508375167847,0.01898193359375,True,True,3652,0.8620327711105347,0.8536394479285594,0.9303876340229424,0.8880552649497986,0.936408281326294,0.6252224445343018,3652,233728,-5.1110429763793945,0.03538300930996714,0.437842278203724,4.355033874511719,-0.060456033796072006,0.0,0.0,3652,0.842853307723999,0.677893188505116,0.9473408681123537,1.0519593954086304,1.313496470451355,0.6672664284706116,3652,233728,0.0,0.0,0.0,1.1920928955078125e-07,0.0,0.008963067084550858,0.008963067084550858,3652,0.84296715259552,0.6781851056673693,0.9473391586261424,1.0517516136169434,1.3132306337356567,0.6670247316360474,3652,233728,0.0,0.0,0.0,1.1920928955078125e-07,0.0,0.008963067084550858,0.008958402089774609,3652,0.8430507779121399,0.6783811211129969,0.9473376022966137,1.051561951637268,1.3130602836608887,0.6668469905853271,3652,233728,0.0,0.0,0.0,0.0,0.0,0.008963067084550858,0.008955378085374832,3652,0.8430508375167847,0.6783811211267343,0.9473376023805103,1.051561951637268,1.3130602836608887,0.6668469309806824,3652,233728,0.0,0.0,0.0,0.0,0.0,0.008963067084550858,0.008955423720180988,0.019179463386535645,0.17574625942344335,0.042043983936309814,0.01906561851501465,0.17545434226119005,0.041802287101745605,0.018981993198394775,0.17525832681556253,0.04162454605102539,0.01898193359375,0.17525832680182507,0.041624486446380615
47,09513780,3652,3652,0.0,et_first_stress,-0.6331354379653931,1.1206910014152527,False,True,3652,0.4875555634498596,0.6853476252044324,0.7269333363327325,0.9287667870521545,1.1391637325286865,1.2794249057769775,3652,233728,-43.16018295288086,0.5626625821467689,1.0,11.697043418884277,-0.8115605711936951,0.0,0.0,3652,-0.6762131452560425,-2.999886592806739,0.6591926765222363,1.658798336982727,4.930512428283691,2.3139607906341553,3652,233728,0.0,0.0,0.0,7.450580596923828e-09,0.0,0.10203926265239716,0.10203926265239716,3652,-0.6405208110809326,-2.891703913652265,0.6588933239653962,1.6433446407318115,4.822971820831299,2.2891921997070312,3652,233728,0.0,0.0,0.0,5.960464477539063e-08,0.0,0.10203926265239716,0.10148964077234268,3652,-0.6358941793441772,-2.883351929073229,0.6587492849635066,1.6409791707992554,4.814854621887207,2.285961866378784,3652,233728,0.0,0.0,0.0,0.0,0.0,0.10203926265239716,0.10147583484649658,3652,-0.6331354379653931,-2.8759621738923555,0.6587915591199683,1.6398500204086304,4.807525634765625,2.28403377532959,3652,233728,0.0,0.0,0.0,0.0,0.0,0.10203926265239716,0.1017993688583374,1.163768708705902,3.6852342180111712,1.0345358848571777,1.1280763745307922,3.5770515388566975,1.0097672939300537,1.1234497427940369,3.568699554277661,1.0065369606018066,1.1206910014152527,3.561309799096788,1.0046088695526123
47,03455500,3652,3652,0.0,et_first_stress,0.15725761651992798,0.4058406949043274,True,True,3652,0.5630983114242554,0.7603921605426172,0.7845786031343921,1.0005501508712769,1.1049058437347412,2.760120391845703,3652,233728,-14.346353530883789,0.06031369797371303,0.9455093099671413,14.346354484558105,-2.5094685554504395,0.0,0.0,3652,0.15677309036254883,0.2761207870169685,0.7519735716696696,1.1769543886184692,1.6566362380981445,3.8344972133636475,3652,233728,0.0,0.0,0.0,9.5367431640625e-07,0.0,0.028400806710124016,0.028400806710124016,3652,0.1571255326271057,0.27661893178924923,0.7519847333705015,1.1770331859588623,1.6560699939727783,3.833695650100708,3652,233728,0.0,0.0,0.0,5.960464477539063e-08,0.0,0.028400806710124016,0.028367074206471443,3652,0.1572573184967041,0.2767885816730269,0.7519860167576686,1.1770344972610474,1.6558830738067627,3.8333959579467773,3652,233728,0.0,0.0,0.0,0.0,0.0,0.028400806710124016,0.028346192091703415,3652,0.15725761651992798,0.2767889243074583,0.7519860545720526,1.1770344972610474,1.655882716178894,3.83339524269104,3652,233728,0.0,0.0,0.0,1.1920928955078125e-07,0.0,0.028400806710124016,0.028365373611450195,0.40632522106170654,0.48427137352564864,1.0743768215179443,0.40597277879714966,0.4837732287533679,1.0735752582550049,0.40584099292755127,0.48360357886959027,1.0732755661010742,0.4058406949043274,0.4836032362351589,1.073274850845337
47,09047700,3652,3652,0.0,et_first_stress,0.27714526653289795,0.45455843210220337,True,True,3652,0.7317036986351013,0.8636512637059797,0.8736345674568036,1.0512113571166992,1.0003900527954102,0.37521883845329285,3652,233728,-7.390917778015137,0.025166004928806135,0.5254654983570646,6.04672384262085,-0.6510993242263794,0.0,0.0,3652,0.2753830552101135,0.19300602512415677,0.879575828876395,1.2685469388961792,1.7514119148254395,0.6166397929191589,3652,233728,0.0,0.0,0.0,2.384185791015625e-07,0.0,0.008909635245800018,0.008909635245800018,3652,0.27603673934936523,0.1935574657821052,0.8795785962505704,1.2683225870132446,1.7509002685546875,0.6163615584373474,3652,233728,0.0,0.0,0.0,2.384185791015625e-07,0.0,0.008909635245800018,0.008905095979571342,3652,0.2771449685096741,0.1944987469056495,0.8795238690185896,1.267637848854065,1.7501251697540283,0.6158896684646606,3652,233728,0.0,0.0,0.0,0.0,0.0,0.008909635245800018,0.008898225612938404,3652,0.27714526653289795,0.19449893504622517,0.8795238591456762,1.2676376104354858,1.7501250505447388,0.6158895492553711,3652,233728,0.0,0.0,0.0,0.0,0.0,0.008909635245800018,0.0088982367888093,0.4563206434249878,0.6706452385818229,0.2414209544658661,0.4556669592857361,0.6700937979238745,0.24114271998405457,0.45455873012542725,0.6691525168003302,0.2406708300113678,0.45455843210220337,0.6691523286597545,0.24067071080207825
47,12411000,3652,3652,0.0,et_first_stress,0.5177745223045349,0.2551189064979553,True,True,3652,0.7728934288024902,0.7607274225537183,0.8840975829831419,0.8068032264709473,0.9194208383560181,1.25780189037323,3652,233728,-26.61722183227539,0.23849089539978094,0.6495071193866374,6.343662261962891,-1.2080646753311157,0.0,0.0,3652,0.5172189474105835,0.32876428012937564,0.8550949427893989,1.0334370136260986,1.6545547246932983,1.8338868618011475,3652,233728,0.0,0.0,0.0,2.9802322387695312e-08,0.0,0.029421189799904823,0.029421189799904823,3652,0.5176730155944824,0.3295408351805684,0.8550904315557288,1.033376693725586,1.6537604331970215,1.833024263381958,3652,233728,0.0,0.0,0.0,2.9802322387695312e-08,0.0,0.029421189799904823,0.029392719268798828,3652,0.517772912979126,0.3296991351964984,0.8550842505012385,1.0333106517791748,1.6536000967025757,1.8328343629837036,3652,233728,0.0,0.0,0.0,0.0,0.0,0.029421189799904823,0.02937818318605423,3652,0.5177745223045349,0.3297008286102554,0.8550844400024523,1.033310055732727,1.653598427772522,1.8328313827514648,3652,233728,0.0,0.0,0.0,0.0,0.0,0.029421189799904823,0.029395805671811104,0.25567448139190674,0.43196314242434264,0.5760849714279175,0.2552204132080078,0.43118658737314985,0.575222373008728,0.25512051582336426,0.4310282873572199,0.5750324726104736,0.2551189064979553,0.4310265939434629,0.5750294923782349
47,14138870,3652,3652,0.0,euclidean_simplex_projection,0.7073782682418823,0.11721622943878174,True,True,3652,0.8245944976806641,0.8436787558852775,0.9229617346687109,1.0578532218933105,1.123103380203247,2.9847707748413086,3652,233728,-20.862333297729492,0.18971197289156627,1.0,7.660064220428467,-0.8657017946243286,0.0,0.0,3652,0.7073585391044617,0.5918023284872029,0.9110746550227862,1.0922188758850098,1.3875735998153687,3.8552920818328857,3652,233728,0.0,0.0,0.0,1.1920928955078125e-07,0.0,0.03375652804970741,0.03375652804970741,3652,0.7073764801025391,0.5918644738110337,0.9110708654645729,1.0922372341156006,1.387502908706665,3.8551740646362305,3652,233728,0.0,0.0,0.0,5.960464477539063e-08,0.0,0.03375653550028801,0.03358791396021843,3652,0.7073782682418823,0.5918742752013874,0.9110694698199099,1.0922375917434692,1.3874921798706055,3.8551623821258545,3652,233728,0.0,0.0,0.0,0.0,0.0,0.03375653550028801,0.033053264021873474,3652,0.7073782086372375,0.5918742753802528,0.9110694706407709,1.0922375917434692,1.3874921798706055,3.8551626205444336,3652,233728,0.0,0.0,0.0,5.960464477539063e-08,0.0,0.03375653550028801,0.033749520778656006,0.11723595857620239,0.2518764273980746,0.8705213069915771,0.117218017578125,0.25181428207424383,0.8704032897949219,0.11721622943878174,0.25180448068389016,0.8703916072845459,0.11721628904342651,0.2518044805050247,0.870391845703125
47,01434025,3652,3652,0.0,euclidean_simplex_projection,0.3182041049003601,0.24786144495010376,True,True,3652,0.5660655498504639,0.6872970725131794,0.7542023596528635,0.8066959381103516,0.9995759129524231,3.2905197143554688,3652,233728,-18.605871200561523,0.1569003285870756,1.0,7.91652774810791,-1.6669726371765137,0.0,0.0,3652,0.31817543506622314,0.4070243942946423,0.6951144222856372,0.9704079627990723,1.507729411125183,4.124665260314941,3652,233728,0.0,0.0,0.0,5.960464477539063e-08,0.0,0.03370024263858795,0.03370024263858795,3652,0.31819969415664673,0.4070627953958539,0.6951178531101677,0.9704033732414246,1.5076863765716553,4.124592304229736,3652,233728,0.0,0.0,0.0,2.9802322387695312e-08,0.0,0.03370024263858795,0.03355877101421356,3652,0.3182041049003601,0.40706882343412987,0.6951179890067489,0.9704003930091858,1.5076792240142822,4.124578952789307,3652,233728,0.0,0.0,0.0,0.0,0.0,0.03370024263858795,0.03353659436106682,3652,0.3182041049003601,0.4070688252811032,0.6951179925987223,0.9704003930091858,1.5076792240142822,4.124578952789307,3652,233728,0.0,0.0,0.0,1.4901161193847656e-08,0.0,0.03370024263858795,0.0336979441344738,0.24789011478424072,0.2802726782185371,0.8341455459594727,0.24786585569381714,0.2802342771173255,0.8340725898742676,0.24786144495010376,0.28022824907904953,0.8340592384338379,0.24786144495010376,0.2802282472320762,0.8340592384338379
47,08158810,3652,3652,0.0,euclidean_simplex_projection,0.10896414518356323,0.26165807247161865,False,True,3652,0.3706222176551819,0.2519327923279995,0.6641416431894966,0.4109971523284912,0.6839630603790283,1.8230005502700806,3652,233728,-238.89334106445312,0.626758454271632,1.0,5.999388694763184,-8.057284355163574,0.0,0.0,3652,0.1084362268447876,-0.9775025344666199,0.7002308208990676,1.0719504356384277,2.953324794769287,2.1697380542755127,3652,233728,0.0,0.0,0.0,4.76837158203125e-07,0.0,0.05706418305635452,0.05706418305635452,3652,0.10875111818313599,-0.977060936141922,0.7002026855879042,1.0715926885604858,2.9528865814208984,2.1693549156188965,3652,233728,0.0,0.0,0.0,4.76837158203125e-07,0.0,0.057064179331064224,0.05705970525741577,3652,0.10896414518356323,-0.9767413251724912,0.7001651365348959,1.0713045597076416,2.9525678157806396,2.169095754623413,3652,233728,0.0,0.0,0.0,0.0,0.0,0.057064179331064224,0.057041335850954056,3652,0.10896414518356323,-0.976741325329793,0.7001651354978425,1.0713045597076416,2.9525678157806396,2.169095754623413,3652,233728,0.0,0.0,0.0,0.0,0.0,0.05706418305635452,0.05705736204981804,0.2621859908103943,1.2294353267946194,0.34673750400543213,0.2618710994720459,1.2289937284699215,0.3463543653488159,0.26165807247161865,1.2286741175004907,0.3460952043533325,0.26165807247161865,1.2286741176577924,0.3460952043533325
47,02363000,3652,3652,0.0,euclidean_simplex_projection,-1.699625015258789,2.4611369967460632,True,True,3652,0.7615119814872742,0.8325227847975014,0.8759525227177127,0.9319068193435669,1.0895776748657227,0.852699875831604,3652,233728,-163.52975463867188,0.4174253833515882,1.0,13.421466827392578,-1.9943464994430542,0.0,0.0,3652,-1.7049696445465088,-1.3030437669028267,0.7675907718283117,1.5891945362091064,3.2142372131347656,2.8717331886291504,3652,233728,0.0,0.0,0.0,1.1920928955078125e-07,0.0,0.06545832753181458,0.06545832753181458,3652,-1.7025566101074219,-1.3021050975276158,0.7677093624551756,1.5886938571929932,3.213406562805176,2.8704521656036377,3652,233728,0.0,0.0,0.0,1.1920928955078125e-07,0.0,0.06545832753181458,0.06355912983417511,3652,-1.699625015258789,-1.301393584897705,0.7678970592861516,1.5876702070236206,3.212958335876465,2.8688948154449463,3652,233728,0.0,0.0,0.0,0.0,0.0,0.06545832753181458,0.0633716806769371,3652,-1.699625015258789,-1.3013935849457092,0.7678970588101742,1.5876702070236206,3.212958335876465,2.8688948154449463,3652,233728,0.0,0.0,0.0,2.9802322387695312e-08,0.0,0.06545832753181458,0.06543884426355362,2.466481626033783,2.135566551700328,2.0190333127975464,2.464068591594696,2.134627882325117,2.0177522897720337,2.4611369967460632,2.133916369695206,2.0161949396133423,2.4611369967460632,2.1339163697432104,2.0161949396133423
47,10259000,3652,3652,0.0,et_first_stress,-0.8361146450042725,1.6319431066513062,True,True,3652,0.7958284616470337,0.6514321628937558,0.9190326118465039,0.7053170800209045,1.1676478385925293,0.29421356320381165,3652,233728,-78.56657409667969,0.09993667853231106,1.0,6.7648749351501465,-0.09277500212192535,0.0,0.0,3652,-0.8375979661941528,-1.6993212192263076,0.741701135071408,1.5275989770889282,3.6346263885498047,0.8826536536216736,3652,233728,0.0,0.0,0.0,1.4901161193847656e-08,0.0,0.09431631863117218,0.09431631863117218,3652,-0.8363032341003418,-1.6976378800688163,0.7413040789051282,1.5265835523605347,3.633065938949585,0.8823426365852356,3652,233728,0.0,0.0,0.0,3.725290298461914e-09,0.0,0.09431631863117218,0.09427671134471893,3652,-0.8361150026321411,-1.6972467899783203,0.7408853138651641,1.5257518291473389,3.6327903270721436,0.8822974562644958,3652,233728,0.0,0.0,0.0,0.0,0.0,0.09431631863117218,0.09424658119678497,3652,-0.8361146450042725,-1.6972467900605075,0.7408853130096407,1.5257518291473389,3.6327903270721436,0.8822973370552063,3652,233728,0.0,0.0,0.0,4.656612873077393e-10,0.0,0.09431631863117218,0.09431013464927673,1.6334264278411865,2.3507533821200637,0.5884400904178619,1.6321316957473755,2.3490700429625724,0.588129073381424,1.6319434642791748,2.348678952872076,0.5880838930606842,1.6319431066513062,2.3486789529542635,0.5880837738513947
47,04024430,3652,3652,0.0,euclidean_simplex_projection,-0.8206160068511963,1.5916816592216492,True,True,3652,0.7710656523704529,0.7964685599498328,0.9082738681200756,1.1323776245117188,1.1244488954544067,0.6937834024429321,3652,233728,-48.860084533691406,0.1689399644030668,0.9983570646221248,7.277684211730957,-0.9658472537994385,0.0,0.0,3652,-0.8227698802947998,-0.8349501130381791,0.758392286171101,1.593019723892212,2.7195916175842285,1.9576469659805298,3652,233728,0.0,0.0,0.0,2.384185791015625e-07,0.0,0.0257621668279171,0.0257621668279171,3652,-0.8211580514907837,-0.8337385239525337,0.7584337687363341,1.5927097797393799,2.718411445617676,1.956781268119812,3652,233728,0.0,0.0,0.0,1.1920928955078125e-07,0.0,0.0257621668279171,0.02573719620704651,3652,-0.8206160068511963,-0.8333947692715302,0.758429483077004,1.5925251245498657,2.7181077003479004,1.95648992061615,3652,233728,0.0,0.0,0.0,0.0,0.0,0.0257621668279171,0.02569006197154522,3652,-0.8206160068511963,-0.8333947691106325,0.7584294842981336,1.5925251245498657,2.7181077003479004,1.95648992061615,3652,233728,0.0,0.0,0.0,0.0,0.0,0.0257621668279171,0.025745907798409462,1.5938355326652527,1.631418672988012,1.2638635635375977,1.5922237038612366,1.6302070839023663,1.2629978656768799,1.5916816592216492,1.629863329221363,1.2627065181732178,1.5916816592216492,1.6298633290604654,1.2627065181732178
